title,author,date,publication_type,rejection_reason
100 BULLETS,Brian Azzarello and Eduardo Risso,,,"Title 15, Section 3006(c)(17) – frontal nudity"
100 DEADLY SKILLS,Clint Emerson,,,"Title 15, Section 3006(d) – presents a serious threat to facility security or the safety of incarcerated persons and staff"
"100 DEADLY SKILLS, SURVIVAL EDITION",,,,"Title 15, Section 3006(d) – presents a serious threat to facility security or the safety of incarcerated persons and staff"
100 JAPANESE TATTOO DESIGNS PART II,Horimouja,,,"Title 15, Section 3006(c)(17) – frontal nudity"
100 NO EQUIPMENT WORKOUTS,Neila Rey,,,"Title 15, Section 3006(c)(1) – violence or physical harm"
100 UK GRAFFITI ARTISTS,Frank Malt,,,"Title 15, Section 3006(c)(15)(A) – lacks serious literary, artistic, political or scientific value"
1000 TATTOOS,Carlton Books,,,"Title 15, Section 3006(c)(17) – frontal nudity"
1000 TATTOOS,Henk Schiffmacher,,,"Title 15, Section 3006(c)(17) – frontal nudity"
1000 TATTOOS (2018),Chris Coppola,,,"Title 15, Section 3006(c)(16) – sexually explicit images"
1001 MOVIES YOU MUST SEE BEFORE YOU DIE,Jason Solomons and Steven Jay Scheider,,,"Title 15, Section 3006(c)(1) – violence or physical harm"
101 SKILLS YOU NEED TO SURVIVE IN THE WOODS,Kevin Estela,,,"Title 15, Section 3006(d) – presents a serious threat to facility security or the safety of incarcerated persons and staff"
101 THINGS NO ONE SHOULD KNOW HOW TO DO; FORBIDDEN KNOWLEDGE,Owen Books,,,"Title 15, Section 3006(d) – presents a serious threat to facility security or the safety of incarcerated persons and staff"
"101 THINGS NOT EVERYONE SHOULD KNOW HOW TO DO, FORBIDDEN KNOWLEDGE",Michael Powell,,,"Title 15, Section 3006(d) – presents a serious threat to facility security or the safety of incarcerated persons and staff"
111 MILLENNIUM,Luis Royo,,,"Title 15, Section 3006(c)(17) – frontal nudity"
"12 DIRTY DEEDS TO UNITE THE PRINCESS AND HER HEROINE, VOL. 1 (2025)",Moridam,,,"Title 15, Section 3006(c)(16) – sexually explicit images"
1666 REDEMPTION THROUGH SIN,Robert Sepehr,,,"Title 15, Section 3006(c)(17) – frontal nudity"
18 EIGHTEEN MAGAZINE,,,periodical,"Title 15, Section 3006(c)(17) – frontal nudity"
18+ VOLUME #61,,,,"Title 15, Section 3006(c)(16) – sexually explicit images"
1922 (2019),Stephen King,,,"Title 15, Section 3006(c)(1) – violence or physical harm"
1980’S GLAMOUR: 20TH CENTURY PIN- UPS,Ian Penberthy,,,"Title 15, Section 3006(c)(17) – frontal nudity"
200 UNCENSORED SEX ACTS MAGAZINE,,,periodical,"Title 15, Section 3006(c)(17) – frontal nudity"
"2021 ROAD ATLAS, AMERICA’S #1 ROAD ATLAS (2021)",Rand McNally,,,"Title 15, Section 3006(c)(12) – maps depicting area within ten miles radius of facility"
"2600 THE HACKER QUARTERLY, AUTUMN 2016 ISSUE",,,periodical,"Title 15, Section 3006(c)(9) – illustrations, explanations, and/or descriptions of how to sabotage or disrupt computers, communications, or electronics"
"2NV MAGAZINE, COVER MODEL LANA",,,periodical,"Title 15, Section 3006(c)(15)(A) – lacks serious literary, artistic, political or scientific value"
2PAC VS. BIGGIE,Jeff Weiss/Evan McGavery,,,"Title 15, Section 3006(c)(15)(A) – lacks serious literary, artistic, political or scientific value"
3 STRIKES (2014),Crucifix,,,"Title 15, Section 3006(c)(1) – violence or physical harm"
30 SOMETHING MAGAZINE,,,periodical,"Title 15, Section 3006(c)(17) – frontal nudity"
300 UNCENSORED SEX ACTS MAGAZINE,,,periodical,"Title 15, Section 3006(c)(17) – frontal nudity"
300: THE ART OF THE FILM,F,,,"Title 15, Section 3006(c)(17) – frontal nudity"
"365 SEX POSITIONS, A NEW WAY EVERY DAY FOR A STEAMY, EROTIC YEAR",Lisa Sweet,,,"Title 15, Section 3006(c)(17) – frontal nudity"
"37 LAWS OF SEDUCTION, THE POSITIVE ART AND SCIENCE OF GETTING WHAT YOU WANT (2025)",Drake White,,,"Title 15, Section 3006(d) – presents a serious threat to facility security or the safety of incarcerated"
"4 THE PACK ENTERTAINMENT, RAMDOM 1, 2 AND PS EBONY 1",,,,"Title 15, Section 3006(c)(17) – frontal nudity"
4 THE PACK ENTERTAIMENT PS MIX 6,,,,"Title 15, Section 3006(c)(15)(A) – lacks serious literary, artistic, political or scientific value"
4 THE PACK ENTERTAINMENT,,,,"Title 15, Section 3006(c)(15)(A) – lacks serious literary, artistic, political or scientific value"
4 THE PACK ENTERTAINMENT KIERA 1,,,,"Title 15, Section 3006(c)(15)(A) – lacks serious literary, artistic, political or scientific value"
4 THE PACK ENTERTAINMENT KIERA 2,,,,"Title 15, Section 3006(c)(15)(A) – lacks serious literary, artistic, political or scientific value"
"4 THE PACK ENTERTAINMENT PRESENT, NUDE 1,2,3",,,,"Title 15, Section 3006(c)(17) – frontal nudity"
"4 THE PACK ENTERTAINMENT PRESENT, PS SCENES 1, BRITTANYA1,2, PS RANDOM 5,6, PS MIX 5,7, PS JYNY 2",,,,"Title 15, Section 3006(c)(15)(A) – lacks serious literary, artistic, political or scientific value"
"4 THE PACK ENTERTAINMENT PRESENTS, BRAZILIAN 1",,,,"Title 15, Section 3006(c)(15)(A) – lacks serious literary, artistic, political or scientific value"
"4 THE PACK ENTERTAINMENT PRESENTS, CAMELTOE 3",,,,"Title 15, Section 3006(c)(15)(A) – lacks serious literary, artistic, political or scientific value"
"4 THE PACK ENTERTAINMENT PRESENTS, CUSTOM 10",,,,"Title 15, Section 3006(c)(15)(A) – lacks serious literary, artistic, political or scientific value"
"4 THE PACK ENTERTAINMENT PRESENTS, CUSTOM 11",,,,"Title 15, Section 3006(c)(15)(A) – lacks serious literary, artistic, political or scientific value"
"4 THE PACK ENTERTAINMENT PRESENTS, CUSTOM 12",,,,"Title 15, Section 3006(c)(15)(A) – lacks serious literary, artistic, political or scientific value"
"4 THE PACK ENTERTAINMENT PRESENTS, CUSTOM 13",,,,"Title 15, Section 3006(c)(15)(A) – lacks serious literary, artistic, political or scientific value"
"4 THE PACK ENTERTAINMENT PRESENTS, CUSTOM 14",,,,"Title 15, Section 3006(c)(15)(A) – lacks serious literary, artistic, political or scientific value"
"4 THE PACK ENTERTAINMENT PRESENTS, CUSTOM 2",,,,"Title 15, Section 3006(c)(15)(A) – lacks serious literary, artistic, political or scientific value"
"4 THE PACK ENTERTAINMENT PRESENTS, CUSTOM 3",,,,"Title 15, Section 3006(c)(15)(A) – lacks serious literary, artistic, political or scientific value"
"4 THE PACK ENTERTAINMENT PRESENTS, CUSTOM 4",,,,"Title 15, Section 3006(c)(15)(A) – lacks serious literary, artistic, political or scientific value"
"4 THE PACK ENTERTAINMENT PRESENTS, CUSTOM 5",,,,"Title 15, Section 3006(c)(15)(A) – lacks serious literary, artistic, political or scientific value"
"4 THE PACK ENTERTAINMENT PRESENTS, CUSTOM 6",,,,"Title 15, Section 3006(c)(15)(A) – lacks serious literary, artistic, political or scientific value"
"4 THE PACK ENTERTAINMENT PRESENTS, CUSTOM 7",,,,"Title 15, Section 3006(c)(15)(A) – lacks serious literary, artistic, political or scientific value"
"4 THE PACK ENTERTAINMENT PRESENTS, CUSTOM 8",,,,"Title 15, Section 3006(c)(15)(A) – lacks serious literary, artistic, political or scientific value"
"4 THE PACK ENTERTAINMENT PRESENTS, CUSTOM 9",,,,"Title 15, Section 3006(c)(15)(A) – lacks serious literary, artistic, political or scientific value"
"4 THE PACK ENTERTAINMENT PRESENTS, NEKKID-1",,,,"Title 15, Section 3006(c)(17) – frontal nudity"
"4 THE PACK ENTERTAINMENT PRESENTS, NUDE 5, SUPER SIZE1, ASIAN 1, ASIAN CAMEL, CAMELTOE 1, CAMELTOE 4, PS FELICIA 1",,,,"Title 15, Section 3006(c)(15)(A) – lacks serious literary, artistic, political or scientific value"
"4 THE PACK ENTERTAINMENT PRESENTS, PS ALEX 2",,,,"Title 15, Section 3006(c)(17) – frontal nudity"
"4 THE PACK ENTERTAINMENT PRESENTS, PS ALEXIS 2",,,,"Title 15, Section 3006(c)(17) – frontal nudity"
"4 THE PACK ENTERTAINMENT PRESENTS, PS BBW 2",,,,"Title 15, Section 3006(c)(17) – frontal nudity"
"4 THE PACK ENTERTAINMENT PRESENTS, PS BELLA",,,,"Title 15, Section 3006(c)(17) – frontal nudity"
"4 THE PACK ENTERTAINMENT PRESENTS, PS BLACK 1",,,,"Title 15, Section 3006(c)(17) – frontal nudity"
"4 THE PACK ENTERTAINMENT PRESENTS, PS BLACK 2",,,,"Title 15, Section 3006(c)(15)(A) – lacks serious literary, artistic, political or scientific value"
"4 THE PACK ENTERTAINMENT PRESENTS, PS BRIELLA",,,,"Title 15, Section 3006(c)(15)(A) – lacks serious literary, artistic, political or scientific value"
"4 THE PACK ENTERTAINMENT PRESENTS, PS EBONY 1",,,,"Title 15, Section 3006(c)(17) – frontal nudity"
"4 THE PACK ENTERTAINMENT PRESENTS, PS EBONY 2",,,,"Title 15, Section 3006(c)(15)(A) – lacks serious literary, artistic, political or scientific value"
"4 THE PACK ENTERTAINMENT PRESENTS, PS ISIS 1",,,,"Title 15, Section 3006(c)(17) – frontal nudity"
"4 THE PACK ENTERTAINMENT PRESENTS, PS ISIS 2",,,,"Title 15, Section 3006(c)(17) – frontal nudity"
"4 THE PACK ENTERTAINMENT PRESENTS, PS JYNX 1",,,,"Title 15, Section 3006(c)(15)(A) – lacks serious literary, artistic, political or scientific value"
"4 THE PACK ENTERTAINMENT PRESENTS, PS KELLY 1",,,,"Title 15, Section 3006(c)(17) – frontal nudity"
"4 THE PACK ENTERTAINMENT PRESENTS, PS KELLY, TS 11, PATTYCAKE 1, TABANGA CO4, BRAZILIAN 2",,,,"Title 15, Section 3006(c)(15)(A) – lacks serious literary, artistic, political or scientific value"
"4 THE PACK ENTERTAINMENT PRESENTS, PS LUPE",,,,"Title 15, Section 3006(c)(15)(A) – lacks serious literary, artistic, political or scientific value"
"4 THE PACK ENTERTAINMENT PRESENTS, PS MIA 1",,,,"Title 15, Section 3006(c)(15)(A) – lacks serious literary, artistic, political or scientific value"
"4 THE PACK ENTERTAINMENT PRESENTS, PS MIX 1",,,,"Title 15, Section 3006(c)(17) – frontal nudity"
"4 THE PACK ENTERTAINMENT PRESENTS, PS MIX 10",,,,"Title 15, Section 3006(c)(15)(A) – lacks serious literary, artistic, political or scientific value"
"4 THE PACK ENTERTAINMENT PRESENTS, PS MIX 11",,,,"Title 15, Section 3006(c)(15)(A) – lacks serious literary, artistic, political or scientific value"
"4 THE PACK ENTERTAINMENT PRESENTS, PS MIX 2",,,,"Title 15, Section 3006(c)(15)(A) – lacks serious literary, artistic, political or scientific value"
"4 THE PACK ENTERTAINMENT PRESENTS, PS MIX 3",,,,"Title 15, Section 3006(c)(17) – frontal nudity"
"4 THE PACK ENTERTAINMENT PRESENTS, PS RANDOM 3",,,,"Title 15, Section 3006(c)(15)(A) – lacks serious literary, artistic, political or scientific value"
"4 THE PACK ENTERTAINMENT PRESENTS, PS SCENES 10",,,,"Title 15, Section 3006(c)(15)(A) – lacks serious literary, artistic, political or scientific value"
"4 THE PACK ENTERTAINMENT PRESENTS, PS SCENES 9",,,,"Title 15, Section 3006(c)(17) – frontal nudity"
"4 THE PACK ENTERTAINMENT PRESENTS, PS TITTIES 1",,,,"Title 15, Section 3006(c)(15)(A) – lacks serious literary, artistic, political or scientific value"
"4 THE PACK ENTERTAINMENT PRESENTS, PS WZLS GFS 1",,,,"Title 15, Section 3006(c)(15)(A) – lacks serious literary, artistic, political or scientific value"
"4 THE PACK ENTERTAINMENT PRESENTS, PS WZLS GFS 1",,,,"Title 15, Section 3006(c)(15)(A) – lacks serious literary, artistic, political or scientific value"
"4 THE PACK ENTERTAINMENT PRESENTS, PS WZLS GFS 3",,,,"Title 15, Section 3006(c)(15)(A) – lacks serious literary, artistic, political or scientific value"
"4 THE PACK ENTERTAINMENT PRESENTS, PS WZLS GFS 4",,,,"Title 15, Section 3006(c)(15)(A) – lacks serious literary, artistic, political or scientific value"
"4 THE PACK ENTERTAINMENT PRESENTS, REAL KKVSH",,,,"Title 15, Section 3006(c)(15)(A) – lacks serious literary, artistic, political or scientific value"
"4 THE PACK ENTERTAINMENT PRESENTS, SHEMALE- 2)",,,,"Title 15, Section 3006(c)(17) – frontal nudity"
"4 THE PACK ENTERTAINMENT PRESENTS, TABANGA+ CO 1",,,,"Title 15, Section 3006(c)(17) – frontal nudity"
4 THE PACK ENTERTAINMENT PS MIX 4,,,,"Title 15, Section 3006(c)(15)(A) – lacks serious literary, artistic, political or scientific value"
4 THE PACK ENTERTAINMENT PS MIX 9,,,,"Title 15, Section 3006(c)(15)(A) – lacks serious literary, artistic, political or scientific value"
4 THE PACK ENTERTAINMENT PS RANDOM 11,,,,"Title 15, Section 3006(c)(17) – frontal nudity"
4 THE PACK ENTERTAINMENT PS SCENES 8,,,,"Title 15, Section 3006(c)(17) – frontal nudity"
"4 THE PACK ENTERTAINMENT, NEKKID-2",,,,"Title 15, Section 3006(c)(17) – frontal nudity"
"4 THE PACK ENTERTAINMENT, NUDE 8, PS RANDOM 10, NUDE 12, NUDE 15, AND NUDE 17",,,,"Title 15, Section 3006(c)(15)(A) – lacks serious literary, artistic, political or scientific value"
"4 THE PACK ENTERTAINMENT, PS BLACK 1, PS MIX 10 AND BRAZILIAN 1",,,,"Title 15, Section 3006(c)(17) – frontal nudity"
"4 THE PACK ENTERTAINMENT, PS DIAMOND",,,,"Title 15, Section 3006(c)(15)(A) – lacks serious literary, artistic, political or scientific value"
"4 THE PACK ENTERTAINMENT, PS KIERA 3",,,,"Title 15, Section 3006(c)(15)(A) – lacks serious literary, artistic, political or scientific value"
"4 THE PACK ENTERTAINMENT, PS WEE BACK 2, AND PS INTERACIAL 2",,,,"Title 15, Section 3006(c)(15)(A) – lacks serious literary, artistic, political or scientific value"
"4 THE PACK ENTERTAINMENT, PS WZLS GFS2",,,,"Title 15, Section 3006(c)(15)(A) – lacks serious literary, artistic, political or scientific value"
"4 THE PACK PRESENTS, BIKINI X1",,,,"Title 15, Section 3006(c)(15)(A) – lacks serious literary, artistic, political or scientific value"
"4 THE PACK PRESENTS, INSTA G-1",,,,"Title 15, Section 3006(c)(15)(A) – lacks serious literary, artistic, political or scientific value"
"4 THE PACK PRESENTS, PS LUSCIUOS",,,,"Title 15, Section 3006(c)(15)(A) – lacks serious literary, artistic, political or scientific value"
"4 THE PACK PRESENTS, PS OLDER 2",,,,"Title 15, Section 3006(c)(15)(A) – lacks serious literary, artistic, political or scientific value"
"4 THE PACK PRESENTS, PS RANDOM 1",,,,"Title 15, Section 3006(c)(15)(A) – lacks serious literary, artistic, political or scientific value"
"4 THE PACK PRESENTS, PS ROXY",,,,"Title 15, Section 3006(c)(15)(A) – lacks serious literary, artistic, political or scientific value"
"4 THE PACK PRESENTS, PS RYAN SMILES",,,,"Title 15, Section 3006(c)(15)(A) – lacks serious literary, artistic, political or scientific value"
"4 THE PACK PRESENTS, TABANGA CO2",,,,"Title 15, Section 3006(c)(15)(A) – lacks serious literary, artistic, political or scientific value"
"4 THE PACK, EBONY NUDE 1",,,,"Title 15, Section 3006(c)(17) – frontal nudity"
"40 PLUS, ISSUE 1",,,periodical,"Title 15, Section 3006(c)(15)(A) – lacks serious literary, artistic, political or scientific value"
40 SEX LESSONS FROM ME TO YOU (2025),Jasmine C Perry,,,"Title 15, Section 3006(c)(15)(A) – lacks serious literary, artistic, political or scientific value"
40 SOMETHING MAGAZINE,,,periodical,"Title 15, Section 3006(c)(17) – frontal nudity"
40+ ISSUE #33,,,periodical,"Title 15, Section 3006(c)(17) – frontal nudity"
"40+ MAGAZINE, #43",,,periodical,"Title 15, Section 3006(c)(16) – sexually explicit images"
40+ VOLUME #39,,,,"Title 15, Section 3006(c)(16) – sexually explicit images"
"48 LAWS OF HUSTLING, DON’T BE A STATISTIC (2017)",Ricky St. Julien,,,"Title 15, Section 3006(d) – presents a serious threat to facility security or the safety of incarcerated"
4TH OF JULY (2006),James Patterson,,,"Title 15, Section 3006(c)(1) – violence or physical harm"
"4W17 WOMEN, NUMBER 4, CATALOG 2017",,,,"Title 15, Section 3006(c)(15)(A) – lacks serious literary, artistic, political or scientific value"
50 DIRTY NAUGHTY EROTIC SHORT STORIES,Ava Desmond,,,"Title 15, Section 3006(c)(15)(A) – lacks serious literary, artistic, political or scientific value"
50 NIGHTS IN GRAY,Weldon Owen,,,"Title 15, Section 3006(c)(17) – frontal nudity"
50+ VOLUME #68,,,,"Title 15, Section 3006(c)(16) – sexually explicit images"
50+ VOLUME 50,,,,"Title 15, Section 3006(c)(17) – frontal nudity"
500 FAIRY MOTIFS,Myrea Petit,,,"Title 15, Section 3006(c)(17) – frontal nudity"
500 UNCENSORED SEX ACTS MAGAZINE,,,periodical,"Title 15, Section 3006(c)(17) – frontal nudity"
75 CONVENTION SKETCHES:VOLUME 10,William Stout,,,"Title 15, Section 3006(c)(17) – frontal nudity"
A BEAST WITHIN (2025),Robert Moore,,,"Title 15, Section 3006(c)(15)(A) – lacks serious literary, artistic, political or scientific value"
"A BETTER SOLUTION, A.B.O. COMIX VOLUME 7, A QUEER PRISONER’S ANTHOLOGY",,,periodical,"Title 15, Section 3006(c)(15)(A) – lacks serious literary, artistic, political or scientific value"
A BOOK OF FIVE RINGS,Miyamoto Musashi,,,"Title 15, Section 3006(c)(15)(C)(5) – conduct which is or appears to be forceful, threatening or violent"
A BREATH OF SNOW AND ASHES (2014),Diana Gabaldon,,,"Title 15, Section 3006(c)(15)(B)(3) – conduct which is or appears to be forceful, threatening or violent"
A BRIDE FOR THE WHOLE FAMILY,James Elliot,,,"Title 15, Section 3006(c)(15)(A) – lacks serious literary, artistic, political or scientific value"
A BRIEF HISTORY OF SEVEN KILLINGS,Marlon James,,,"Title 15, Section 3006(c)(15)(C)(5) – conduct which is or appears to be forceful, threatening or violent"
A CHILD OF A CRACKHEAD,Shameek A. Speight,,,"Title 15, Section 3006(c)(15)(C)(5) – conduct which is or appears to be forceful, threatening or violent"
A CLASH OF KINGS,George R. R. Martin,,,"Title 15, Section 3006(c)(15)(A) – lacks serious literary, artistic, political or scientific value"
"A CLEAN HELL, ANARCHY AND ABOLITION IN NOTORIOUS DUNGEON (2026)",Eric King,,,"Title 15, Section 3006(d) – presents a serious threat to facility incarcerated"
"A COLUMN OF FIRE, A NOVEL (2018)",Ken Follett,,,"Title 15, Section 3006(c)(15)(A) – lacks serious literary, artistic, political or scientific value"
"A COURT OF FROST AND STARLIGHT, A COURT OF THORNS AND ROSES, 4 (2020)",Sarah J. Maas,,,"Title 15, Section 3006(c)(15)(A) – lacks serious literary, artistic, political or scientific value"
A COURT OF MIST AND FURY (2020),Sarah J. Maas,,,"Title 15, Section 3006(c)(15)(A) – lacks serious literary, artistic, political or scientific value"
A COURT OF SILVER FLAMES (2021),Sarah J. Maas,,,"Title 15, Section 3006(c)(15)(A) – lacks serious literary, artistic, political or scientific value"
A COURT OF THORNS AND ROSES (2020),Sarah J. Maas,,,"Title 15, Section 3006(c)(15)(A) – lacks serious literary, artistic, political or scientific value"
A COURT OF WINGS AND RUIN (2020),Sarah J. Maas,,,"Title 15, Section 3006(c)(15)(A) – lacks serious literary, artistic, political or scientific value"
A DANCE WITH DRAGONS (2011),George R.R. Martin,,,"Title 15, Section 3006(c)(15)(B)(3) – conduct which is or appears to be forceful, threatening or violent"
"A DANCE WITH DRAGONS, AFTER THE FEAST (2012)",George R.R. Martin,,,"Title 15, Section 3006(c)(15)(A) – lacks serious literary, artistic, political or scientific value"
"A DANCE WITH DRAGONS, DREAMS AND DUST (2012)",George R.R. Martin,,,"Title 15, Section 3006(c)(1) – violence or physical harm"
A DARKNESS MORE THAN NIGHT (2014),Michael Connelly,,,"Title 15, Section 3006(c)(1) – violence or physical harm"
A DICTIONARY OF MARTIAL ARTS,Louis Fredic,,,"Title 15, Section 3006(d) – presents a serious threat to facility security or the safety of incarcerated persons and staff"
"A FATHER’S DOWNFALL, EROTIC STORIES, ISSUE 7, NOVEMBER 2025",,,periodical,"Title 15, Section 3006(c)(15)(A) – lacks serious literary, artistic, political or scientific value"
A FEAST FOR CROWS (2011),George R.R. Martin,,,"Title 15, Section 3006(c)(15)(A) – lacks serious literary, artistic, political or scientific value"
"A GAME OF FATE, HADES X PERSEPHONE, SAGA 2 (2021)",Scarlett St. Clair,,,"Title 15, Section 3006(c)(15)(A) – lacks serious literary, artistic, political or scientific value"
"A GAME OF THRONES, THE GRAPHIC NOVEL, VOLUME FOUR",,,,"Title 15, Section 3006(c)(17) – frontal nudity"
"A GAME OF THRONES, THE GRAPHIC NOVEL, VOLUME THREE",,,,"Title 15, Section 3006(c)(17) – frontal nudity"
"A GAME OF THRONES, THE GRAPHIC NOVEL, VOLUME TWO",George R. R. Martin,,,"Title 15, Section 3006(c)(17) – frontal nudity"
"A GAME OF THRONES: THE GRAPHIC NOVEL,VOLUME ONE",George R. R. Martin,,,"Title 15, Section 3006(c)(17) – frontal nudity"
"A GAME OF THRONES: THE GRAPHIC NOVEL,VOLUME TWO",George R. R. Martin,,,"Title 15, Section 3006(c)(17) – frontal nudity"
A GANGSTA’S SON (2024),King Rio,,,"Title 15, Section 3006(c)(1) – violence or physical harm"
A GANGSTER’S CODE,J-Blunt,,,"Title 15, Section 3006(c)(15)(A) – lacks serious literary, artistic, political or scientific value"
A GANGSTER’S CODE,J-Blunt,,,"Title 15, Section 3006(c)(15)(A) – lacks serious literary, artistic, political or scientific value"
"A GANGSTER’S CODE 2, THUG IMMORTAL (2018)",J Blunt,,,"Title 15, Section 3006(c)(1) – violence or physical harm"
"A GANGSTER’S CODE 3, BLOODY BETRAYAL (2019)",J Blunt,,,"Title 15, Section 3006(c)(1) – violence or physical harm"
A GANGSTER’S REVENGE II,Aryanna,,,"Title 15, Section 3006(c)(15)(C)(5) – conduct which is or appears to be forceful, threatening or violent"
"A GANGSTER’S REVENGE III, THE RISE OF A KING",Aryanna,,,"Title 15, Section 3006(c)(15)(C)(5) – conduct which is or appears to be forceful, threatening or violent"
"A GANGSTER’S REVENGE III, THE RISE OF A KING (2016)",Aryanna,,,"Title 15, Section 3006(c)(1) – violence or physical harm"
"A GANGSTER’S REVENGE IV, THE CRUMBLING OF AN EMPIRE",Aryanna,,,"Title 15, Section 3006(c)(15)(C)(5) – conduct which is or appears to be forceful, threatening or violent"
A GIRL ON THE SHORE,,,,"Title 15, Section 3006(c)(17) – frontal nudity"
A GUIDE TO DRAWING 8E,David L. Faber/Dan Mendelowitz,,,"Title 15, Section 3006(c)(17) – frontal nudity"
"A HITTA AND A BOSS, A HOOD ROMANCE (2021)",R. Michelle,,,"Title 15, Section 3006(c)(15)(A) – lacks serious literary, artistic, political or scientific value"
"A HOTWIFES JOURNEY, THE ENTIRE TRILOGY (2020)",Delores Swallows,,,"Title 15, Section 3006(c)(15)(A) – lacks serious literary, artistic, political or scientific value"
A KNIGHT OF THE SEVEN KINGDOMS,,,,"Title 15, Section 3006(c)(17) – frontal nudity"
A MAN OF HONOR (2003),Joseph Bonanno,,,"Title 15, Section 3006(c)(19) – STG members or associates"
"A MEXICAN COUNT OF DAYS, MEXICA (AZTECT) CALENDAR FOR THE YEAR 13 HOUSE (2025)",Kurly Tlapoyawa & Ruben Ochoa,,,"Title 15, Section 3006(c)(19) – STG members or associates"
A MILLION LITTLE PIECES (2003),James Frey,,,"Title 15, Section 3006(c)(15)(B)(3) – conduct which is or appears to be forceful, threatening or violent"
A MORNING OF FLAMINGOS (2014),James Lee Burke,,,"Title 15, Section 3006(c)(1) – violence or physical harm"
"A NATIONAL SOCIALIST LIFE, SELECTED WRITINGS",George LInc.oln Rockwell,,,"Title 15, Section 3006(d) – presents a serious threat to facility security or the safety of incarcerated persons and staff"
"A NAVY SEAL’S BUG-IN- GUIDE, HOW TO TURN YOUR HOUSE INTO THE SAFEST PLACE",Joel Lambert,,,"Title 15, Section 3006(d) – presents a serious threat to facility security or the safety of"
A PHOTOGRAPHER’S LIFE 1990-2005 (2006),Anne Leibovitz,,,"Title 15, Section 3006(c)(16) – sexually explicit images"
A PIECE OF CAKE: A MEMOIR,Cupcake Brown,,,"Title 15, Section 3006(c)(15)(C)(5) – conduct which is or appears to be forceful, threatening or violent"
A PIECE OF CAKE: A MEMOIR,Cupcake Brown,,,"Title 15, Section 3006(c)(15)(C)(5) – conduct which is or appears to be forceful, threatening or violent"
A PLACE TO STAND (2001),Jimmy Santiago Baca,,,"Title 15, Section 3006(c)(1) – violence or physical harm"
A PRACTICAL INTRODUCTION TO PYTHON PROGRAMMING (2012),Brian Heinhold,,,"Title 15, Section 3006(c)(9) – control any illustrations, explanations, and/or descriptions of how to sabotage or disrupt computers, communications, or electronics"
A PRIVATE PASSION,Metropolitan Museum,,,"Title 15, Section 3006(c)(17) – frontal nudity"
"A SAVAGE DOPEBOY 2, CLAP BACK",Ghost,,,"Title 15, Section 3006(c)(15)(A) – lacks serious literary, artistic, political or scientific value"
"A SAVAGE DOPEBOY, CHOPPAS AND LOST SOULS",Ghost,,,"Title 15, Section 3006(c)(15)(C)(5) – conduct which is or appears to be forceful, threatening or violent"
"A STOLEN LIFE, A MEMOIR",Jaycc Dugard,,,"Title 15, Section 3006(c)(15)(A) – lacks serious literary, artistic, political or scientific value"
"A STORM OF SWORDS, PART 2, BLOOD AND GOLD (2011)",George R.R. Martin,,,"Title 15, Section 3006(c)(1) – violence or physical harm"
"A STORM OF SWORDS, STEEL AND SNOW (2011)",George R.R. Martin,,,"Title 15, Section 3006(c)(15)(A) – lacks serious literary, artistic, political or scientific value"
A THIN DARK LINE (2003),Tami Hoag,,,"Title 15, Section 3006(c)(15)(A) – lacks serious literary, artistic, political or scientific value"
A THUG’S DEVOTION,J.L. Rose,,,"Title 15, Section 3006(c)(15)(C)(5) – conduct which is or appears to be forceful, threatening or violent"
"A TIGHT SQUEEZE, SMUTTY TRANS AND QUEER STORIES, QUEERING CONSENT (2023)",Laura Q,,,"Title 15, Section 3006(c)(15)(A) – lacks serious literary, artistic, political or scientific value"
A TIME TO KILL (1989),John Grisham,,,"Title 15, Section 3006(c)(15)(B)(3) – conduct which is or appears to be forceful, threatening or violent"
"A TOUCH OF DARKNESS, HADES X PERSEPHONE, SAGA 1 (2021)",Scarlett St. Clair,,,"Title 15, Section 3006(c)(15)(A) – lacks serious literary, artistic, political or scientific value"
A VISION FROM THE INSIDE,Mouse Lopez,,,"Title 15, Section 3006(c)(17) – frontal nudity"
A WALK AMONG THE TOMBSTONES (2012),Lawrence Block,,,"Title 15, Section 3006(c)(15)(B)(3) – conduct which is or appears to be forceful, threatening or violent"
A WAYWARD ANGEL: THE FULL STORY OF THE HELLS ANGELS,George Wethern and VInc.ent Colnett,,,"Title 15, Section 3006(c)(19) – STG members or associates"
A YEAR OF CORCORAN SUN,N/A,,,"Title 15, Section 3006(c)(17) – frontal nudity"
A.O.B (2023),"Mike Enemigo, Dutch, and Manny Fresh",,,"Title 15, Section 3006(c)(15)(A) – lacks serious literary, artistic, political or scientific value"
A.O.B 2 (2023),"Mike Enemigo, Dutch and Manny Fresh",,,"Title 15, Section 3006(c)(15)(A) – lacks serious literary, artistic, political or scientific value"
A.O.B 3 (2023),"Mike Enemigo, Dutch, and Manny Fresh",,,"Title 15, Section 3006(c)(15)(A) – lacks serious literary, artistic, political or scientific value"
AAA ROAD ATLAS: TRAVEL WITH SOMEONE YOU TRUST,American Automobile Association,,,"Title 15, Section 3006(d) – presents a serious threat to facility security or the safety of incarcerated persons and staff"
ABSOLUTE MAYHEM: SECRET CONFESSIONS OF A PORN STAR,Monica Mayhem and Gerri Lim,,,"Title 15, Section 3006(c)(17) – frontal nudity"
AC/DC MAXIMUM ROCK & ROLL,Murry Engleheart and Arnaud Durieux,,,"Title 15, Section 3006(c)(17) – frontal nudity"
"ACCARDO, THE GENUINE GODFATHE (1996)",William F. Roemer Jr.,,,"Title 15, Section 3006(c)(19) – STG members or associates"
ACCIDENTAL HOTWIFE (2019),Dean Fox,,,"Title 15, Section 3006(c)(15)(A) – lacks serious literary, artistic, political or scientific value"
ACME PUBLICATIONS BROCHURE,,,,"Title 15, Section 3006(c)(15)(A) – lacks serious literary, artistic, political or scientific value"
ACROBATIC SEX POSITIONS,Emily Dubberley,,,"Title 15, Section 3006(c)(17) – frontal nudity"
ACTION BOOK ABOUT SEX,Amy Rose Spiegel,,,"Title 15, Section 3006(c)(15)(A) – lacks serious literary, artistic, political or scientific value"
"ADBUSTER MAGAZINE, NOVEMBER- DECEMBER 2017, VOLUME NUMBER 25 #6, ISSUE NUMBER 134",,,periodical,"Title 15, Section 3006(c)(15)(A) – lacks serious literary, artistic, political or scientific value"
"ADBUSTERS MAGAZINE, MAY/JUNE 2014, ISSUE #113",,,periodical,"Title 15, Section 3006(c)(15)(A) – lacks serious literary, artistic, political or scientific value"
"ADBUSTERS MAGAZINE, MAY/JUNE 2014, ISSUE #113",,,periodical,"Title 15, Section 3006(c)(15)(A) – lacks serious literary, artistic, political or scientific value"
ADDICTED,Zane,,,"Title 15, Section 3006(c)(15)(A) – lacks serious literary, artistic, political or scientific value"
ADRENALINE (2014),Jeff Abbott,,,"Title 15, Section 3006(c)(1) – violence or physical harm"
ADULT EROTICA SHORT STORIES COLLECTION (2003),R. Woods,,,"Title 15, Section 3006(c)(15)(A) – lacks serious literary, artistic, political or scientific value"
"ADVANCED DRAWING SKILLS, A COURSE IN ARTISTIC EXCELLENCE",Barrington Barber,,,"Title 15, Section 3006(c)(15)(A) – lacks serious literary, artistic, political or scientific value"
ADVANCED PERSISTENT HACKING,Tyler Wrightson,,,"Title 15, Section 3006(c)(9) – illustrations, explanations, and/or descriptions of how to sabotage or disrupt computers, communications, or electronics"
"ADVANCED PERSISTENT THREAT HACKING, THE ART AND SCIENCE OF HACKING ANY ORGANIZATION",Tyler Wringhtson,,,"Title 15, Section 3006(d) – presents a serious threat to facility security or the safety of incarcerated persons and staff"
"AFAR MAGAZINE, MAY- JUNE 2018",,,periodical,"Title 15, Section 3006(c)(15)(A) – lacks serious literary, artistic, political or scientific value"
AFFLICTION (2014),Laurell K. Hamilton,,,"Title 15, Section 3006(c)(15)(A) – lacks serious literary, artistic, political or scientific value"
AFRO SAMURAI VOLUME 1 (2008),Takashi Okazaki,,periodical,"Title 15, Section 3006(c)(1) – violence or physical harm"
AFRO SAMURAI VOLUME 2 (2008),Takashi Okazaki,,periodical,"Title 15, Section 3006(c)(1) – violence or physical harm"
"AFTER DARK, A PARANORMAL EROTIC NOVELLA (2023)",Sahara Silver,,,"Title 15, Section 3006(c)(15)(A) – lacks serious literary, artistic, political or scientific value"
"AFTER EVER HAPPY, THE AFTER SERIES (2015)",Anna Todd,,,"Title 15, Section 3006(c)(15)(A) – lacks serious literary, artistic, political or scientific value"
"AFTER HOURS, A COLLECTION OF EROTIC WRITING",Robert Fleming,,,"Title 15, Section 3006(c)(15)(A) – lacks serious literary, artistic, political or scientific value"
AFTER THE FALL,Laurent Queyssi,,,"Title 15, Section 3006(c)(17) – frontal nudity"
"AFTER WE COLLIDED, THE AFTER SERIES (2014)",Anna Todd,,,"Title 15, Section 3006(c)(15)(A) – lacks serious literary, artistic, political or scientific value"
AFTER WE FELL (2014),Anna Todd,,,"Title 15, Section 3006(c)(15)(A) – lacks serious literary, artistic, political or scientific value"
"AFTER WE FELL, THE AFTER SERIES (2015)",Anna Todd,,,"Title 15, Section 3006(c)(15)(A) – lacks serious literary, artistic, political or scientific value"
"AFTER, THE AFTER SERIES (2014)",Anna Todd,,,"Title 15, Section 3006(c)(15)(A) – lacks serious literary, artistic, political or scientific value"
AFTERBURN,Zane,,,"Title 15, Section 3006(c)(15)(A) – lacks serious literary, artistic, political or scientific value"
AGENTS OF REPRESSION,Ward Churchill and Jim Vander Wall,,,"Title 15, Section 3006(c)(19) – STG members or associates"
AGGRESSIVE DEFENSE,David Christian,,,"Title 15, Section 3006(c)(1) – violence or physical harm"
AIKIDO AND THE DYNAMIC SPHERE (2001),A. Westbrook and O. Ratti,,,"Title 15, Section 3006(d) – presents a serious threat to facility security or the safety of incarcerated persons and staff"
AIKIDO BASICS (2003),Phong Thong Dang,,,"Title 15, Section 3006(d) – presents a serious threat to facility security or the safety of incarcerated"
"AIRBRUSH ACTION MAGAZINE, MARCH- APRIL 2016 ISSUE",,,periodical,"Title 15, Section 3006(c)(17) – frontal nudity"
AIRTIGHT WILLIE & ME,Iceberg Slim,,,"Title 15, Section 3006(c)(15)(A) – lacks serious literary, artistic, political or scientific value"
AKAME GA KILL ZERO 6,,,,"Title 15, Section 3006(c)(17) – frontal nudity"
AKAME GA KILL! ZERO 5,Takahiro and Kei Toru,,,"Title 15, Section 3006(c)(17) – frontal nudity"
ALBANIAN MAFIA WARS: THE RISE OF EUROPE’S DEADLIEST NARCOS,John Lucas,,,"Title 15, Section 3006(c)(15)(C)(5) – conduct which is or appears to be forceful, threatening or violent"
"ALEX CROSS, RUN (2013)",James Patterson,,,"Title 15, Section 3006(c)(1) – violence or physical harm"
ALGIERS TOMORROW,P.N. Dedeaux,,,"Title 15, Section 3006(c)(15)(C)(3) – contains or concerns of nudity of a minor, or person who appears to be under 18 years old."
"ALL ABOUT HISTORY MAGAZINE, ISSUE #25",N/A,,periodical,"Title 15, Section 3006(c)(15)(A) – lacks serious literary, artistic, political or scientific value"
ALL IN (2023),Jennifer Lynn Barnes,,,"Title 15, Section 3006(c)(1) – violence or physical harm"
ALL MAN MAGAZINE,,,periodical,"Title 15, Section 3006(c)(17) – frontal nudity"
ALL OF ME ILLUSTRATED,Ray Bradbury,,,"Title 15, Section 3006(c)(17) – frontal nudity"
ALL THE SINNERS BLEED (2024),S.A. Crosby,,,"Title 15, Section 3006(c)(1) – violence or physical harm"
"ALL YOU CAN EAT, PART 1 (2022)",Wicked Writer,,,"Title 15, Section 3006(c)(15)(A) – lacks serious literary, artistic, political or scientific value"
ALONG CAME A SPIDER (2025),James Patterson,,,"Title 15, Section 3006(c)(1) – violence or physical harm"
ALONG THE PATH OF TORMENT (2020),Chandler Morrison,,,"Title 15, Section 3006(c)(15)(C)(3) – contains or concerns of nudity of a minor, or person who appears to be under 18 years old."
"ALPHA GUARD, THE TRUE STORY OF CALIFORNIA’S FIRST PRISON GAND INVESTIGATOR",Williams Hankins,,,"Title 15, Section 3006(c)(19) – STG members or associates"
ALSBP3-ALS BODY PAINT 3,,,,"Title 15, Section 3006(c)(15)(A) – lacks serious literary, artistic, political or scientific value"
ALVARADO’S PIN-UP NUDES,Robert Alvarado,,,"Title 15, Section 3006(c)(17) – frontal nudity"
AMATEUR X MAGAZINE,,,periodical,"Title 15, Section 3006(c)(17) – frontal nudity"
AMERICA SWINGS,Naomi Harris,,,"Title 15, Section 3006(c)(17) – frontal nudity"
"AMERICAN ART COLLECTOR MAGAZINE, APRIL 2017 ISSUE",,,periodical,"Title 15, Section 3006(c)(15)(A) – lacks serious literary, artistic, political or scientific value"
"AMERICAN ART COLLECTOR MAGAZINE, DECEMBER 2016 ISSUE",,,periodical,"Title 15, Section 3006(c)(17) – frontal nudity"
"AMERICAN ART COLLECTOR MAGAZINE, MARCH 2017 ISSUE",,,periodical,"Title 15, Section 3006(c)(15)(A) – lacks serious literary, artistic, political or scientific value"
"AMERICAN ART COLLECTOR MAGAZINE, MAY 2016 ISSUE",,,periodical,"Title 15, Section 3006(c)(17) – frontal nudity"
"AMERICAN ART COLLECTOR MAGAZINE, OCTOBER 2016 ISSUE",,,periodical,"Title 15, Section 3006(c)(15)(A) – lacks serious literary, artistic, political or scientific value"
"AMERICAN ART COLLECTOR, MAY 2017 ISSUE",,,periodical,"Title 15, Section 3006(c)(15)(A) – lacks serious literary, artistic, political or scientific value"
"AMERICAN ART COLLECTOR, NOVEMBER 2016 ISSUE",,,periodical,"Title 15, Section 3006(c)(17) – frontal nudity"
AMERICAN COMBAT JUDO,B. J. Cosneck,,,"Title 15, Section 3006(d) – presents a serious threat to facility security or the safety of incarcerated persons and staff"
"AMERICAN CURVES MAGAZINE, JULY 2010 ISSUE",,,periodical,"Title 15, Section 3006(c)(15)(A) – lacks serious literary, artistic, political or scientific value"
"AMERICAN CURVES MAGAZINE, MARCH 2016 ISSUE",,,periodical,"Title 15, Section 3006(c)(15)(A) – lacks serious literary, artistic, political or scientific value"
AMERICAN FRONTIERSMAN- MARCH 20,,,,"Title 15, Section 3006(c)(5) – plans to disrupt the order, or breach the security, of any facility"
AMERICAN GANGBANG,Sam Benjamin,,,"Title 15, Section 3006(c)(15)(C)(3) – contains or concerns of nudity of a minor, or person who appears to be under 18 years old."
AMERICAN GODS,Neil Gaiman,,,"Title 15, Section 3006(c)(17) – frontal nudity"
"AMERICAN HANDGUNNER MAGAZINE, JAN.-FEB. 2023",,,periodical,"Title 15, Section 3006(d) – presents a serious threat to facility security or the safety of incarcerated persons and staff"
"AMERICAN HANDGUNNER MAGAZINE, NOV.-DEC. 2022",,,periodical,"Title 15, Section 3006(d) – presents a serious threat to facility security or the safety of incarcerated persons and staff"
"AMERICAN HANDGUNNER, JULY- AUGUST 2022",,,,"Title 15, Section 3006(d) – presents a serious threat to facility security or the safety of incarcerated persons and staff"
"AMERICAN HANDGUNNER, MARCH APRIL 2022",,,,"Title 15, Section 3006(c)(8) – a description of the making of any weapon, explosive, poison or destructive device"
"AMERICAN HANDGUNNER, SPET- OCT. 2022",,,,"Title 15, Section 3006(d) – presents a serious threat to facility security or the safety of incarcerated persons and staff"
AMERICAN HARDCORE,Steven Blush,,,"Title 15, Section 3006(c)(17) – frontal nudity"
"AMERICAN HARDCOREA TRIBAL HISTORY, SECOND EDITION",Steven Blush,,,"Title 15, Section 3006(c)(15)(A) – lacks serious literary, artistic, political or scientific value"
AMERICAN OUTLAWS TRUE STORIES OF THE MOST WANTED (2023),Robert Stahl,,,"Title 15, Section 3006(d) – presents a serious threat to facility security or the safety of incarcerated"
AMERICAN PSYCHO (1991),Bret Easton Ellis,,,"Title 15, Section 3006(c)(15)(A) – lacks serious literary, artistic, political or scientific value"
"AMERICAN RIFLEMAN MAGAZINE, APRIL 2018 ISSUE",,,periodical,"Title 15, Section 3006(d) – presents a serious threat to facility security or the safety of incarcerated persons and staff"
"AMERICAN SERIAL KILLERS, THE DEADLIEST YEARS 1950-2000 (2021)",Peter Vronsky,,,"Title 15, Section 3006(c)(1) – violence or physical harm"
AMERICAN SURVIVAL GUIDE FEBRUARY 2019,,,,"Title 15, Section 3006(d) – presents a serious threat to facility security or the safety of incarcerated persons and staff"
"AMERICAN SURVIVAL GUIDE MAGAZINE, APRIL 2017 ISSUE NUMBER 4",,,periodical,"Title 15, Section 3006(d) – presents a serious threat to facility security or the safety of incarcerated persons and staff"
"AMERICAN SURVIVAL GUIDE MAGAZINE, AUGUST 2018, VOLUME 7, ISSUE NOVEMBER 8",,,periodical,"Title 15, Section 3006(d) – presents a serious threat to facility security or the safety of incarcerated persons and staff"
"AMERICAN SURVIVAL GUIDE MAGAZINE, FEBRUARY 2018, VOLUME 7, ISSUE 2",,,periodical,"Title 15, Section 3006(d) – presents a serious threat to facility security or the safety of incarcerated persons and staff"
"AMERICAN SURVIVAL GUIDE MAGAZINE, MARCH 2018, VOLUME 7, ISSUE NUMBER 3",,,periodical,"Title 15, Section 3006(d) – presents a serious threat to facility security or the safety of incarcerated persons and staff"
"AMERICAN SURVIVAL GUIDE MAGAZINE, NOVEMBER 2015, VOLUME 4, ISSUE #4",,,periodical,"Title 15, Section 3006(d) – presents a serious threat to facility security or the safety of incarcerated persons and staff"
"AMERICAN SURVIVAL GUIDE MAGAZINE, NOVEMBER 2015, VOLUME 4, ISSUE #4",,,periodical,"Title 15, Section 3006(d) – presents a serious threat to facility security or the safety of incarcerated persons and staff"
"AMERICAN SURVIVAL GUIDE, JUNE 2018",,,,"Title 15, Section 3006(d) – presents a serious threat to facility security or the safety of incarcerated persons and staff"
"AMERICAN SURVIVAL GUIDE, MARCH 2021, VOLUME 10, ISSUE 3",,,periodical,"Title 15, Section 3006(d) – presents a serious threat to facility security or the safety of incarcerated persons and staff"
"AMERICAN SURVIVAL GUIDE, SPRING- SUMMER 2021",,,,"Title 15, Section 3006(c)(8) – a description of the making of any weapon, explosive, poison or destructive device"
AMERICAN VERNACULAR,Frank Maresca,,,"Title 15, Section 3006(c)(17) – frontal nudity"
AMIGOS DE LOS MUERTOS,Last Gasp Books,,,"Title 15, Section 3006(c)(17) – frontal nudity"
"AN ANTHOLOGY OF GRAPHIC FICTION, CARTOONS, AND TRUE STORIES MAGAZINE: VOLUME 2",,,periodical,"Title 15, Section 3006(c)(17) – frontal nudity"
AN ILLUSTRATED ENCYCLOPEDIA OF TRADITIONAL SYMBOLS (1987),J. C. Cooper,,,"Title 15, Section 3006(c)(15)(C)(3) – contains or concerns of nudity of a minor, or person who appears to be under 18 years old."
AN INTRODUCTION TO CLASSICAL NAHUATL,Michel Launey,,,"Title 15, Section 3006(d) – presents a serious threat to facility security or the safety of incarcerated persons and staff"
ANAL ACTION MAGAZINE,,,periodical,"Title 15, Section 3006(c)(17) – frontal nudity"
ANASTASIA KNIGHT #1,,,,"Title 15, Section 3006(c)(17) – frontal nudity"
ANATOMICAL ANOMALIES,Isabella Alston/Kathryn Dixon,,,"Title 15, Section 3006(c)(17) – frontal nudity"
"ANATOMY FOR 3D ARTISTS, THE ESSENTIAL GUIDE FOR CG PROFESSIONALS (2015)",Chris Legaspi,,,"Title 15, Section 3006(c)(16) – sexually explicit images"
ANATOMY FOR THE ARTIST,Sarah Simblet,,,"Title 15, Section 3006(c)(17) – frontal nudity"
"ANATOMY IN MOTION, AN ARTIST’S GUIDE TO CAPTURING DYNAMIC MOVEMENT (2024)",Charlie Pickard,,,"Title 15, Section 3006(c)(16) – sexually explicit images"
ANATOMY OF EXERCISE,Pat Manocchia,,,"Title 15, Section 3006(c)(15)(A) – lacks serious literary, artistic, political or scientific value"
AND NIGHTMARES (2021),Al-Saadiq Banks,,,"Title 15, Section 3006(c)(1) – violence or physical harm"
ANDROID PHONES & TABLETS FOR DUMMIES,Dan Gookin,,,"Title 15, Section 3006(d) – presents a serious threat to facility security or the safety of incarcerated persons and staff"
ANDY WARHOL POLAROIDS 1958-1987,,,,"Title 15, Section 3006(c)(17) – frontal nudity"
"ANGEL LUST, VOLUME 2 GALLERY OF GIRLS COLLECTION",Arantza Diego Candia,,periodical,"Title 15, Section 3006(c)(17) – frontal nudity"
"ANGEL SONG, A GLORIOUS COLLECTION OF HEAVENLY BODIES",Sal Quartuccio/Bob Keenan,,,"Title 15, Section 3006(c)(17) – frontal nudity"
ANGELS & CHERUBS (2022),Kale James,,,"Title 15, Section 3006(c)(16) – sexually explicit images"
ANIMAL,K’wan,,,"Title 15, Section 3006(c)(15)(C)(5) – conduct which is or appears to be forceful, threatening or violent"
ANIMAL,K’wan,,,"Title 15, Section 3006(c)(15)(C)(5) – conduct which is or appears to be forceful, threatening or violent"
"ANIMAL 2, THE OMEN (2014)",K’wan Foye,,,"Title 15, Section 3006(c)(15)(A) – lacks serious literary, artistic, political or scientific value"
"ANIMAL 3, REVELATIONS",K’Wan,,,"Title 15, Section 3006(c)(15)(C)(5) – conduct which is or appears to be forceful, threatening or violent"
ANIMAL 4.5,K’Wan,,,"Title 15, Section 3006(c)(15)(C)(5) – conduct which is or appears to be forceful, threatening or violent"
"ANIMAL 5, EXECUTIONER’S SONG (2023)",K’Wan,,,"Title 15, Section 3006(c)(15)(A) – lacks serious literary, artistic, political or scientific value"
"ANIMAL II, THE OMEN",K’Wan,,,"Title 15, Section 3006(c)(15)(C)(5) – conduct which is or appears to be forceful, threatening or violent"
"ANIMAL, THE BEGINNING",K’Wan,,,"Title 15, Section 3006(c)(15)(C)(5) – conduct which is or appears to be forceful, threatening or violent"
ANNOTATED TEARS VOLUME 2 (2020),Talib Williams,,periodical,"Title 15, Section 3006(c)(19) – STG members or associates"
"ANNUAL REVIEW OF SEX RESEARCH, VOLUME XVII, 2006",David L. Rowland,,,"Title 15, Section 3006(c)(15)(A) – lacks serious literary, artistic, political or scientific value"
ANYONE CAN DRAW,Barrington Barber,,,"Title 15, Section 3006(c)(17) – frontal nudity"
AOI INK NYMPHS LOS ANGELES,Tim Stephens,,,"Title 15, Section 3006(c)(17) – frontal nudity"
"APERTURE MAGAZINE, SUMMER 2006, ISSUE #183",,,periodical,"Title 15, Section 3006(c)(15)(A) – lacks serious literary, artistic, political or scientific value"
"APERTURE, NATIVE AMERICAN, 240 FALL 2020",,,,"Title 15, Section 3006(c)(17) – frontal nudity"
APERTURE: NUMBER EIGHTY-TWO,Valerie Moolman,,,"Title 15, Section 3006(c)(17) – frontal nudity"
APES AND BABES: BOOK ONE,Frank Cho,,,"Title 15, Section 3006(c)(17) – frontal nudity"
"ARCHITECTURAL DIGEST MAGAZINE, DECEMBER 2016 ISSUE",,,periodical,"Title 15, Section 3006(c)(15)(A) – lacks serious literary, artistic, political or scientific value"
"ARCHITECTURAL DIGEST MAGAZINE, JANUARY 2017 ISSE",,,periodical,"Title 15, Section 3006(c)(17) – frontal nudity"
"ARCHITECTURAL DIGEST MAGAZINE, JANUARY 2017 ISSUE",,,periodical,"Title 15, Section 3006(c)(15)(A) – lacks serious literary, artistic, political or scientific value"
"ARCHITECTURAL DIGEST MAGAZINE, SEPTEMBER 2016 ISSUE",,,periodical,"Title 15, Section 3006(c)(17) – frontal nudity"
"ARRL’S PORTABLE ANTENNA CLASSICS, THIRTY ANTENNAS TO GET YOU ON THE AIR FROM ANYWHERE",AMER RADIO RELAY LEAGUE,,,"Title 15, Section 3006(c)(17) – frontal nudity"
ARROWS AND APOLOGIES (2025),Sav R. Miller,,,"Title 15, Section 3006(c)(15)(A) – lacks serious literary, artistic, political or scientific value"
"ARROYO MAGAZINE, OCTOBER 2016 ISSUE",,,periodical,"Title 15, Section 3006(c)(17) – frontal nudity"
"ART & ANTIQUES MAGAZINE, APRIL 2016 ISSUE",,,periodical,"Title 15, Section 3006(c)(15)(A) – lacks serious literary, artistic, political or scientific value"
"ART & ANTIQUES MAGAZINE, MARCH 2016 ISSUE",,,periodical,"Title 15, Section 3006(c)(15)(A) – lacks serious literary, artistic, political or scientific value"
"ART & ANTIQUES MAGAZINE, MARCH 2018 ISSUE",,,periodical,"Title 15, Section 3006(c)(15)(A) – lacks serious literary, artistic, political or scientific value"
"ART & ANTIQUES MAGAZINE, MAY 2016 EDITION",,,periodical,"Title 15, Section 3006(c)(17) – frontal nudity"
"ART AND DESIGN MAGAZINE, APRIL 18- MAY 1, 2016 EDITION",,,periodical,"Title 15, Section 3006(c)(15)(A) – lacks serious literary, artistic, political or scientific value"
ART BY TATTOOISTS: BEYOND FLASH,Jo Waterhouse,,,"Title 15, Section 3006(c)(17) – frontal nudity"
"ART IN AMERICA MAGAZINE, FEBRUARY 2016 ISSUE",,,periodical,"Title 15, Section 3006(c)(15)(A) – lacks serious literary, artistic, political or scientific value"
"ART IN AMERICA MAGAZINE, JANUARY 2016 ISSUE",,,periodical,"Title 15, Section 3006(c)(15)(A) – lacks serious literary, artistic, political or scientific value"
"ART IN AMERICA MAGAZINE, JUNE/JULY 2015 ISSUE",,,periodical,"Title 15, Section 3006(c)(15)(A) – lacks serious literary, artistic, political or scientific value"
"ART IN AMERICA MAGAZINE, MARCH 2016 ISSUE",,,periodical,"Title 15, Section 3006(c)(15)(A) – lacks serious literary, artistic, political or scientific value"
"ART IN AMERICA MAGAZINE, MAY 2016 ISSUE",,,periodical,"Title 15, Section 3006(c)(15)(A) – lacks serious literary, artistic, political or scientific value"
"ART IN AMERICA MAGAZINE, MAY 2017 ISSUE",,,periodical,"Title 15, Section 3006(c)(15)(A) – lacks serious literary, artistic, political or scientific value"
"ART IN AMERICA MAGAZINE, NOVEMBER 2015 ISSUE",,,periodical,"Title 15, Section 3006(c)(15)(A) – lacks serious literary, artistic, political or scientific value"
"ART IN AMERICA MAGAZINE, NOVEMBER 2016 ISSUE",,,periodical,"Title 15, Section 3006(c)(15)(A) – lacks serious literary, artistic, political or scientific value"
"ART IN AMERICA MAGAZINE, OCTOBER 2015 ISSUE",,,periodical,"Title 15, Section 3006(c)(15)(A) – lacks serious literary, artistic, political or scientific value"
"ART IN AMERICA MAGAZINE, SEPTEMBER 2015 ISSUE",Cynthia Zabel,,periodical,"Title 15, Section 3006(c)(15)(A) – lacks serious literary, artistic, political or scientific value"
"ART IN AMERICA MAGAZINE, SEPTEMBER 2016 ISSUE",,,periodical,"Title 15, Section 3006(c)(17) – frontal nudity"
"ART IN AMERICA, NOVEMBER 2018",,,,"Title 15, Section 3006(c)(15)(A) – lacks serious literary, artistic, political or scientific value"
"ART SINC.E 1940, STRATEGIES OF BEING, SECOND EDITION",Jonathan Fineberg,,,"Title 15, Section 3006(c)(17) – frontal nudity"
ART-A SEX BOOK,Bruce Hainley,,,"Title 15, Section 3006(c)(17) – frontal nudity"
"ARTESANO MAGAZINE, DECEMBER 2015",,,periodical,"Title 15, Section 3006(c)(15)(A) – lacks serious literary, artistic, political or scientific value"
"ARTESANO MAGAZINE, JANUARY 2020",,,periodical,"Title 15, Section 3006(c)(19) – STG members or associates"
"ARTESANO MAGAZINE, JULY 2015 ISSUE",,,periodical,"Title 15, Section 3006(c)(19) – STG members or associates"
"ARTFORUM MAGAZINE, BEST OF 2016 ISSUE",,,periodical,"Title 15, Section 3006(c)(15)(A) – lacks serious literary, artistic, political or scientific value"
"ARTFORUM MAGAZINE, DECEMBER 2015 ISSUE",,,periodical,"Title 15, Section 3006(c)(15)(A) – lacks serious literary, artistic, political or scientific value"
"ARTFORUM MAGAZINE, JANUARY 2016 ISSUE",,,periodical,"Title 15, Section 3006(c)(15)(A) – lacks serious literary, artistic, political or scientific value"
"ARTFORUM MAGAZINE, MAY 2016 EDITION",,,periodical,"Title 15, Section 3006(c)(15)(A) – lacks serious literary, artistic, political or scientific value"
"ARTFORUM MAGAZINE, NOVEMBER 2015 ISSUE",,,periodical,"Title 15, Section 3006(c)(15)(A) – lacks serious literary, artistic, political or scientific value"
"ARTFORUM MAGAZINE, OCTOBER 2015 ISSUE",,,periodical,"Title 15, Section 3006(c)(15)(A) – lacks serious literary, artistic, political or scientific value"
"ARTFORUM MAGAZINE, OCTOBER 2016 ISSUE",,,periodical,"Title 15, Section 3006(c)(17) – frontal nudity"
"ARTFORUM MAGAZINE, SUMMER 2016 ISSUE",,,periodical,"Title 15, Section 3006(c)(15)(A) – lacks serious literary, artistic, political or scientific value"
ARTICLES AND INTERVIEWS,James Mason,,,"Title 15, Section 3006(c)(19) – STG members or associates"
"ARTIST MAGAZINE, APRIL 2018",,,periodical,"Title 15, Section 3006(c)(15)(A) – lacks serious literary, artistic, political or scientific value"
"ARTIST MAGAZINE, APRIL 2018",,,periodical,"Title 15, Section 3006(c)(15)(A) – lacks serious literary, artistic, political or scientific value"
"ARTISTS MAGAZINE, MAY-JUNE 2023",,,periodical,"Title 15, Section 3006(c)(17) – frontal nudity"
"ARTNEWS MAGAZINE, DECEMBER 2015 ISSUE",,,periodical,"Title 15, Section 3006(c)(15)(A) – lacks serious literary, artistic, political or scientific value"
"ARTNEWS MAGAZINE, FALL 2017 ISSUE",,,periodical,"Title 15, Section 3006(c)(15)(A) – lacks serious literary, artistic, political or scientific value"
"ARTNEWS MAGAZINE, NOVEMBER 2015 ISSUE",,,periodical,"Title 15, Section 3006(c)(15)(A) – lacks serious literary, artistic, political or scientific value"
"ARTNEWS MAGAZINE, OCTOBER 2015 ISSUE",,,periodical,"Title 15, Section 3006(c)(15)(A) – lacks serious literary, artistic, political or scientific value"
"ARTNEWS MAGAZINE, SEPTEMBER 2015 ISSUE",,,periodical,"Title 15, Section 3006(c)(15)(A) – lacks serious literary, artistic, political or scientific value"
"ARTNEWS MAGAZINE, SPRING 2016, VOLUME 115, ISSUE #1",,,periodical,"Title 15, Section 3006(c)(17) – frontal nudity"
"ARTNEWS MAGAZINE, SPRING 2018 ISSUE",,,periodical,"Title 15, Section 3006(c)(15)(A) – lacks serious literary, artistic, political or scientific value"
"ARTNEWS, THE WORLD’S TOP 200 COLLECTOR, FALL 2016 ISSUE",,,periodical,"Title 15, Section 3006(c)(15)(A) – lacks serious literary, artistic, political or scientific value"
ASIA 18 MAGAZINE,,,periodical,"Title 15, Section 3006(c)(17) – frontal nudity"
ASIAN WOMEN MAGAZINE,,,periodical,"Title 15, Section 3006(c)(17) – frontal nudity"
"ASIS ASSETS, 3RD ANNIVERSARY ISSUE, ISSUE 8",,,periodical,"Title 15, Section 3006(c)(19) – STG members or associates"
ASIS MAGAZINE,,,periodical,"Title 15, Section 3006(c)(5) – plans to disrupt the order, or breach the security, of any facility"
"ASIS MAGAZINE, ISSUE #12",,,periodical,"Title 15, Section 3006(c)(17) – frontal nudity"
"ASIS MAGAZINE, ISSUE #13",,,periodical,"Title 15, Section 3006(c)(15)(A) – lacks serious literary, artistic, political or scientific value"
"ASIS MAGAZINE, ISSUE #3",,,periodical,"Title 15, Section 3006(c)(15)(A) – lacks serious literary, artistic, political or scientific value"
"ASIS MAGAZINE, ISSUE 9",,,periodical,"Title 15, Section 3006(d) – presents a serious threat to facility security or the safety of incarcerated persons and staff"
"ASIS MAGAZINE, ISSUE NUMBER 13",,,periodical,"Title 15, Section 3006(c)(15)(A) – lacks serious literary, artistic, political or scientific value"
"ASIS MAGAZINE, ISSUE NUMBER 18",,,periodical,"Title 15, Section 3006(c)(15)(A) – lacks serious literary, artistic, political or scientific value"
"ASIS MAGAZINE, ISSUE NUMBER 18",,,periodical,"Title 15, Section 3006(c)(15)(C)(4) – conduct which appears to be non-consensual behavior"
"ASIS MAGAZINE, THE CRIME BOOK, VOLUME 6",,,periodical,"Title 15, Section 3006(c)(19) – STG members or associates"
"ASIS, ASSETS, ISSUE NUMBER 5",,,periodical,"Title 15, Section 3006(c)(15)(A) – lacks serious literary, artistic, political or scientific value"
"ASIS, ISSUE 14",,,periodical,"Title 15, Section 3006(c)(1) – violence or physical harm"
"ASIS, THE BLACK GANGSTER, ISSUE 3",,,periodical,"Title 15, Section 3006(c)(15)(A) – lacks serious literary, artistic, political or scientific value"
"ASIS, THE CRIME BOOK, VOL. 6",,,,"Title 15, Section 3006(c)(19) – STG members or associates"
ASIS-THE CRIME BOOK REVISED EDITION ISSUE 24,,,periodical,"Title 15, Section 3006(d) – presents a serious threat to facility security or the safety of incarcerated persons and staff"
"ASK AND YOU WILL RECEIVE, VOL. 1 (2025)",Niyama,,,"Title 15, Section 3006(c)(16) – sexually explicit images"
ASPHALT RENAISSANCE; THE PAVEMENT ART AND 3- D ILLUSIONS OF KURT WENNER,Kurt Wenner,,,"Title 15, Section 3006(c)(17) – frontal nudity"
ASS GOBLINS OF AUSCHWITZ,Cameron Pierce,,,"Title 15, Section 3006(c)(17) – frontal nudity"
ASSASSIN! (2004),Dr. Haha Lung,,,"Title 15, Section 3006(d) – presents a serious threat to facility security or the safety of incarcerated"
"ASSAULTS, RIFLES AND PEDOPHILES: AN AMERICAN LOVE STORY",Brian Krans,,,"Title 15, Section 3006(c)(15)(C)(5) – conduct which is or appears to be forceful, threatening or violent"
"ASSETS MAGAZINE, ISSUE #11",N/A,,periodical,"Title 15, Section 3006(c)(15)(A) – lacks serious literary, artistic, political or scientific value"
ASSHOLES FINISH FIRST,Max Tucker,,,"Title 15, Section 3006(c)(15)(A) – lacks serious literary, artistic, political or scientific value"
"ATLANTA MAGAZINE, JUNE 2018 ISSUE",,,periodical,"Title 15, Section 3006(d) – presents a serious threat to facility security or the safety of incarcerated persons and staff"
"ATLAS OF BRAINY CHALLENGES, MAP IT! VOLUME 1",Randy McNally,,periodical,"Title 15, Section 3006(d) – presents a serious threat to facility security or the safety of incarcerated persons and staff"
ATLAS OF HUMAN ANATOMY FOR THE ARTIST,Stephen Rogers Peck,,,"Title 15, Section 3006(c)(15)(A) – lacks serious literary, artistic, political or scientific value"
ATM MAGAZINE ISSUE 3,,,periodical,"Title 15, Section 3006(c)(17) – frontal nudity"
"ATM MAGAZINE LATINA, VOL. 1, ISSUE 1",,,periodical,"Title 15, Section 3006(c)(17) – frontal nudity"
"ATM MAGAZINE, VOLUME 1, ISSUE 2",,,periodical,"Title 15, Section 3006(c)(17) – frontal nudity"
"ATM MAGAZINE, VOLUME 1, ISSUE 4.1",,,periodical,"Title 15, Section 3006(c)(17) – frontal nudity"
"ATM MAGAZINE, VOLUME 1, ISSUE 5",,,periodical,"Title 15, Section 3006(c)(17) – frontal nudity"
ATM VOL. 1 ISSUE 1,,,periodical,"Title 15, Section 3006(c)(17) – frontal nudity"
"ATTACK PROOF, THE ULTIMATE GUIDE TO PERSONAL PROTECTION",John Perkins,,,"Title 15, Section 3006(d) – presents a serious threat to facility security or the safety of incarcerated persons and staff"
AUSTIN OSMAN SPARE: THE OCCULT LIFE OF LONDON’S LEGENDARY ARTIST,Phil Baker,,,"Title 15, Section 3006(c)(17) – frontal nudity"
"AUTHENTIC SHAOLIN HERITAGE, TRAINING METHODS OF 72 ARTS OF SHAOLIN (2008)",Jin Jing Zhong,,,"Title 15, Section 3006(d) – presents a serious threat to facility security or the safety of incarcerated persons and staff"
"AUTRE, S/S23 UTOPIA",,,,"Title 15, Section 3006(c)(17) – frontal nudity"
"AYAKASHI TRIANGLE, VOLUME 2 (2023)",Kentaro Yabuki,,periodical,"Title 15, Section 3006(c)(17) – frontal nudity"
AZTEC (1980),Gary Jennings,,,"Title 15, Section 3006(c)(15)(A) – lacks serious literary, artistic, political or scientific value"
AZTEC DESIGNS (2024),Wilson G. Turner,,,"Title 15, Section 3006(c)(19) – STG members or associates"
AZTEC RAGE (2007),Gary Jennings,,,"Title 15, Section 3006(c)(15)(A) – lacks serious literary, artistic, political or scientific value"
"B.P.R.D, PLAGUE OF FROGS, VOLUME 3",Mike Mignola,,periodical,"Title 15, Section 3006(c)(15)(C)(5) – conduct which is or appears to be forceful, threatening or violent"
"B.P.R.D, PLAGUE OF FROGS, VOLUME 4",Mike Mignola,,periodical,"Title 15, Section 3006(c)(15)(C)(5) – conduct which is or appears to be forceful, threatening or violent"
BABE MAGAZINE,,,periodical,"Title 15, Section 3006(c)(17) – frontal nudity"
BABE’S EMPORIUM TWINKS CATALOG,,,,"Title 15, Section 3006(c)(17) – frontal nudity"
"BABE’S EMPORIUM, SPRING 2019",,,,"Title 15, Section 3006(c)(15)(A) – lacks serious literary, artistic, political or scientific value"
"BABES PREMIERE, SCHOOL GIRLS EDITION",,,,"Title 15, Section 3006(c)(15)(A) – lacks serious literary, artistic, political or scientific value"
BABY FACE MAGAZINE,,,periodical,"Title 15, Section 3006(c)(17) – frontal nudity"
BABY PLEASE COME HOME TO ME (2022),Blake Karrington,,,"Title 15, Section 3006(c)(15)(A) – lacks serious literary, artistic, political or scientific value"
"BABY, YOU’RE THE BEST",Mary B. Morrison,,,"Title 15, Section 3006(c)(15)(A) – lacks serious literary, artistic, political or scientific value"
"BACKDOOR BABES, ISSUE 1",,,periodical,"Title 15, Section 3006(c)(17) – frontal nudity"
"BACKPACKER MAGAZINE, NOVEMBER 2016 ISSUE",,,periodical,"Title 15, Section 3006(d) – presents a serious threat to facility security or the safety of incarcerated persons and staff"
"BACKPACKER, JULY- AUG 2019",,,,"Title 15, Section 3006(d) – presents a serious threat to facility security or the safety of incarcerated persons and staff"
"BACKWOODS HOME MAGAZINE, JULY- AUGUST-SEPTEMBER 2020, ISSUE 181",,,periodical,"Title 15, Section 3006(d) – presents a serious threat to facility security or the safety of incarcerated persons and staff"
"BACKWOODS HOME MAGAZINE, SEPT/OCT 2015 ISSUE",,,periodical,"Title 15, Section 3006(c)(15)(A) – lacks serious literary, artistic, political or scientific value"
BAD BLOOD (2011),John Sandford,,,"Title 15, Section 3006(c)(15)(B)(3) – conduct which is or appears to be forceful, threatening or violent"
"BAD, BAD GIRLS",,,,"Title 15, Section 3006(c)(15)(C)(3) – contains or concerns of nudity of a minor, or person who appears to be under 18 years old."
"BAD, THE AUTOBIOGRAPHY OF JAMES CARR",James Carr,,,"Title 15, Section 3006(c)(15)(A) – lacks serious literary, artistic, political or scientific value"
"BADASS, SKETCHES AND DRAWINGS",Armando Huerta,,,"Title 15, Section 3006(c)(15)(A) – lacks serious literary, artistic, political or scientific value"
"BADFISH, STORIES FROM THE DARK HOUSE (2024)",Chuck Murdoch,,,"Title 15, Section 3006(d) – presents a serious threat to facility security or the safety of incarcerated persons and staff"
"BALLISTIC, MARCH 2022, VOL. 8",,,,"Title 15, Section 3006(d) – presents a serious threat to facility security or the safety of incarcerated persons and staff"
BANG! TANGO,Joe Kelly-Vertigo,,,"Title 15, Section 3006(c)(17) – frontal nudity"
BANG! TANGO,Joe Kelly-Vertigo,,,"Title 15, Section 3006(c)(17) – frontal nudity"
"BANG, MASTURBATION FOR PEOPLE OF ALL GENDERS & ABILITIES",,,,"Title 15, Section 3006(c)(15)(A) – lacks serious literary, artistic, political or scientific value"
BANZAI GIRLS STRIPPED DOWN,,,,"Title 15, Section 3006(c)(17) – frontal nudity"
"BANZI GIRLS, STRIPPED DOWN",Jinky Coronado,,,"Title 15, Section 3006(c)(17) – frontal nudity"
BARBARELLA,Jean-Claude Forest,,,"Title 15, Section 3006(c)(17) – frontal nudity"
BARBIE & CLYDE,Barbie Scott,,,"Title 15, Section 3006(c)(15)(A) – lacks serious literary, artistic, political or scientific value"
"BARE ARMS MAGAZINE , ISSUE #1",,,periodical,"Title 15, Section 3006(c)(8) – a description of the making of any weapon, explosive, poison or destructive device"
BASIC DRAWING,Louis Priscilla,,,"Title 15, Section 3006(c)(17) – frontal nudity"
BASIC PRACTICES ON THE UNIVERSAL HEALING TAO,Mantak Chia,,,"Title 15, Section 3006(c)(17) – frontal nudity"
BASIC WING CHUN TRAINING (2019),Sam Fury,,,"Title 15, Section 3006(d) – presents a serious threat to facility security or the safety of incarcerated"
"BASKET CASE MAGAZINE, ISSUE 7",,,periodical,"Title 15, Section 3006(c)(15)(A) – lacks serious literary, artistic, political or scientific value"
"BASKET CASE MAGAZINE, ISSUE 7",,,periodical,"Title 15, Section 3006(c)(15)(A) – lacks serious literary, artistic, political or scientific value"
"BATTLE 60, SUMMER 2018 (2018)",Alan Fox,,,"Title 15, Section 3006(c)(15)(A) – lacks serious literary, artistic, political or scientific value"
"BATTLE VIXENS MAGAZINE, VOLUME NUMBER 9",Yuji Shiozaki,,periodical,"Title 15, Section 3006(c)(15)(A) – lacks serious literary, artistic, political or scientific value"
"BATWING, THE LOST KINGDOM, VOLUME 1",Judd Winick and Ben Oliver,,periodical,"Title 15, Section 3006(c)(15)(C)(5) – conduct which is or appears to be forceful, threatening or violent"
BAY BIZNESS 3 (2025),Stone Ramsey,,,"Title 15, Section 3006(c)(15)(A) – lacks serious literary, artistic, political or scientific value"
"BAZAAR, MARCH 2024",,,,"Title 15, Section 3006(c)(17) – frontal nudity"
"BBO MAGAZINE, BAD BITCH REUNION, VOL 1, ISSUE 5",,,periodical,"Title 15, Section 3006(c)(15)(A) – lacks serious literary, artistic, political or scientific value"
"BBO MAGAZINE, LATINA CALIENTE, VOLUME 1, ISSUE 11",,,periodical,"Title 15, Section 3006(c)(15)(A) – lacks serious literary, artistic, political or scientific value"
"BBO MAGAZINE, LATINAS CALIENTES, VOL 1, ISSUE 5",,,periodical,"Title 15, Section 3006(c)(17) – frontal nudity"
"BBO MAGAZINE, LATINAS CALIENTES, VOL 1, ISSUE 7",,,periodical,"Title 15, Section 3006(c)(17) – frontal nudity"
"BBO MAGAZINE, PRESENTS PINK TOES, ISSUE 1",,,periodical,"Title 15, Section 3006(c)(15)(A) – lacks serious literary, artistic, political or scientific value"
"BBO MAGAZINE, PUSSY GONE WILD, VOLUME 1, ISSUE 13",,,periodical,"Title 15, Section 3006(c)(15)(A) – lacks serious literary, artistic, political or scientific value"
"BBO MAGAZINE, VOL 1, ISSUE 10",,,periodical,"Title 15, Section 3006(c)(17) – frontal nudity"
"BBO MAGAZINE, VOL. 1, ISSUE 3",,,periodical,"Title 15, Section 3006(c)(17) – frontal nudity"
"BBO MAGAZINE, VOLUME 1, ISSUE 2",,,periodical,"Title 15, Section 3006(c)(15)(A) – lacks serious literary, artistic, political or scientific value"
"BBO MAGAZINE, VOLUME 1, ISSUE 8",,,periodical,"Title 15, Section 3006(c)(15)(A) – lacks serious literary, artistic, political or scientific value"
"BBO MAGAZINE, VOLUME 1, ISSUE SE2",,,periodical,"Title 15, Section 3006(c)(17) – frontal nudity"
"BBO MAGAZINE, VOLUME NUMBER 1, ISSUE 4",,,periodical,"Title 15, Section 3006(c)(15)(A) – lacks serious literary, artistic, political or scientific value"
"BBO VOL 1, ISSUE 9",,,periodical,"Title 15, Section 3006(c)(17) – frontal nudity"
BDSM COLORING BOOK (2022),Fortunata Amato,,,"Title 15, Section 3006(c)(15)(A) – lacks serious literary, artistic, political or scientific value"
BDSM GUIDE FOR NEW DOMS (2021),Edward Boyle,,,"Title 15, Section 3006(c)(15)(A) – lacks serious literary, artistic, political or scientific value"
BEAUTIFUL BASTARD (2013),Christina Lauren,,,"Title 15, Section 3006(c)(15)(A) – lacks serious literary, artistic, political or scientific value"
BEAUTY’S PUNISHMENT,Anne Rice,,,"Title 15, Section 3006(c)(15)(A) – lacks serious literary, artistic, political or scientific value"
"BECOMING A PRINCESS KNIGHT AND WORKING AT A YURI BROTHEL, VOL. 1 (2024)",Hinaki,,,"Title 15, Section 3006(c)(16) – sexually explicit images"
"BECOMING A PRINCESS KNIGHT AND WORKING AT A YURI BROTHEL, VOL. 2 (2024)",Hinaki,,,"Title 15, Section 3006(c)(16) – sexually explicit images"
"BEFORE WATCHMAN, MINUTEMAN-SILK SPECTRE",Darwyn Cooke,,,"Title 15, Section 3006(c)(17) – frontal nudity"
"BEFORE WATCHMAN, OZYMANDIAS- CRIMSON CORSAIR",Len Wein,,,"Title 15, Section 3006(c)(15)(C)(5) – conduct which is or appears to be forceful, threatening or violent"
"BEFORE, THE AFTER SERIES (2015)",Anna Todd,,,"Title 15, Section 3006(c)(15)(A) – lacks serious literary, artistic, political or scientific value"
BEHIND THE GREEN CURTAIN (2013),Riley LaShea,,,"Title 15, Section 3006(c)(15)(A) – lacks serious literary, artistic, political or scientific value"
"BEHIND THE HORROR, TRUE STORIES THAT INSPIRED HORROR MOVIES (2020)",Dr. Lee Mellor,,,"Title 15, Section 3006(c)(1) – violence or physical harm"
BEHIND THE PINK CURTAIN: THE COMPLETE HISTORY OF JAPANESE SEX CINEMA,,,,"Title 15, Section 3006(c)(17) – frontal nudity"
"BEHOLD THE MONSTER, CONFRONTING AMERICA’S MOST POLIFIC SERIAL KILLER (2024)",Jillian Lauren,,,"Title 15, Section 3006(c)(1) – violence or physical harm"
"BELIT VALERIA, SWORDS VS SORCERY",,,,"Title 15, Section 3006(c)(17) – frontal nudity"
"BENEATH THE FLAMES, BRIES SUBMISSION (2022)",Red Phoenix,,,"Title 15, Section 3006(c)(15)(A) – lacks serious literary, artistic, political or scientific value"
BERSERK 17,Kentaro Miura,,,"Title 15, Section 3006(c)(17) – frontal nudity"
BERSERK 18,Kentaro Miura,,,"Title 15, Section 3006(c)(17) – frontal nudity"
BERSERK 19,Kentaro Miura,,,"Title 15, Section 3006(c)(17) – frontal nudity"
BERSERK 20,Kentaro Miura,,,"Title 15, Section 3006(c)(17) – frontal nudity"
BERSERK 3,Kentaro Miura,,,"Title 15, Section 3006(c)(17) – frontal nudity"
"BERSERK, DELUXE EDITION 7",Kentaro Miura,,,"Title 15, Section 3006(c)(17) – frontal nudity"
"BERSERK, VOL. 10",Kentaro Miura,,,"Title 15, Section 3006(c)(15)(A) – lacks serious literary, artistic, political or scientific value"
"BERSERK, VOLUME 1",Kentaro Miura,,periodical,"Title 15, Section 3006(c)(15)(C)(5) – conduct which is or appears to be forceful, threatening or violent"
"BERSERK, VOLUME 2",Kentaro Miura,,periodical,"Title 15, Section 3006(c)(15)(C)(5) – conduct which is or appears to be forceful, threatening or violent"
"BEST BONDAGE EROTICA OF THE YEAR, VOLUME 2",Rachel Bussel,,periodical,"Title 15, Section 3006(c)(15)(A) – lacks serious literary, artistic, political or scientific value"
BEST LESBIAN EROTICA (2005),Felice Newman,,,"Title 15, Section 3006(c)(15)(A) – lacks serious literary, artistic, political or scientific value"
BEST OF BEST GAY EROTICA 3,Richard Labonte,,,"Title 15, Section 3006(c)(15)(A) – lacks serious literary, artistic, political or scientific value"
BEST OF BUSTY BEAUTIES MAGAZINE,,,periodical,"Title 15, Section 3006(c)(17) – frontal nudity"
BEST OF HUSTLER,,,,"Title 15, Section 3006(c)(17) – frontal nudity"
"BEST OF HUSTLER’S TABOO, VOLUME 51",,,,"Title 15, Section 3006(c)(17) – frontal nudity"
BEST ROAD TRIPS IN THE USA,Fodor’s Travel,,,"Title 15, Section 3006(c)(12) – maps depicting any area within a ten mile radius of a facility"
"BEST WOMEN’S EROTICA OF THE YEAR, VOLUME 4 (2018)",Rachel Kramer Bussel,,periodical,"Title 15, Section 3006(c)(15)(A) – lacks serious literary, artistic, political or scientific value"
BEST.SEX.EVER,,,,"Title 15, Section 3006(c)(15)(A) – lacks serious literary, artistic, political or scientific value"
BETTIE!,N. Warren Winter,,,"Title 15, Section 3006(c)(15)(A) – lacks serious literary, artistic, political or scientific value"
"BETTING EXCHANGE, THE SPORTS TRADING REVOLUTION (2017)",Gianluca Landi,,,"Title 15, Section 3006(c)(13) – contains or concerns any gambling or a lottery"
BETTING ON HORSE RACING FOR DUMMIES (2023),Richard Eng,,,"Title 15, Section 3006 (c)(13) – contains or concerns gambling or a lottery"
BETTY PAGE GOES WILD,Steven Pentacoste,,,"Title 15, Section 3006(c)(17) – frontal nudity"
BEYOND SATISFIED (2022),Kenneth Play,,,"Title 15, Section 3006(c)(15)(A) – lacks serious literary, artistic, political or scientific value"
BEYOND TATTOO,Allan Graves,,,"Title 15, Section 3006(c)(17) – frontal nudity"
BEYOND THE SHADOWS (2023),Brent Weeks,,,"Title 15, Section 3006(c)(15)(A) – lacks serious literary, artistic, political or scientific value"
BIG BLACK BUTT MAGAZINE,,,periodical,"Title 15, Section 3006(c)(17) – frontal nudity"
"BIG BLACK BUTT, APRIL 2011",,,,"Title 15, Section 3006(c)(17) – frontal nudity"
BIG BOOBS MAGAZINE,,,periodical,"Title 15, Section 3006(c)(17) – frontal nudity"
BIG BOOTY CLUB MAGAZINE,,,periodical,"Title 15, Section 3006(c)(17) – frontal nudity"
BIG BUTT MAGAZINE,,,periodical,"Title 15, Section 3006(c)(17) – frontal nudity"
BIG EYE ART: RESURRECTED & TRANSFORMED,Blonde Blythe,,,"Title 15, Section 3006(c)(17) – frontal nudity"
"BIG GIFTS IN SMALL BOXES, A CHRISTMAS STORY",Patrick Califia,,,"Title 15, Section 3006(c)(15)(A) – lacks serious literary, artistic, political or scientific value"
BIG ONES MAGAZINE,,,periodical,"Title 15, Section 3006(c)(17) – frontal nudity"
"BIG SHOT PRODUCTS, THREE SHORT STORIES",,,,"Title 15, Section 3006(c)(15)(A) – lacks serious literary, artistic, political or scientific value"
"BIGHOUSE PHOTOS, NATALIA SPICE",,,,"Title 15, Section 3006(c)(17) – frontal nudity"
"BIGSHOT, AF TR I",,,,"Title 15, Section 3006(c)(15)(A) – lacks serious literary, artistic, political or scientific value"
"BIGSHOT, AF TR II",,,,"Title 15, Section 3006(c)(15)(A) – lacks serious literary, artistic, political or scientific value"
"BIGSHOT, CL 2138",,,,"Title 15, Section 3006(c)(15)(A) – lacks serious literary, artistic, political or scientific value"
"BIGSHOT, CL 2519",,,,"Title 15, Section 3006(c)(15)(A) – lacks serious literary, artistic, political or scientific value"
"BIGSHOT, CL097",,,,"Title 15, Section 3006(c)(15)(C)(6) – conduct where one of the participants is a minor, or appears to be under 18 years old"
"BIGSHOT, CL1146",,,,"Title 15, Section 3006(c)(15)(A) – lacks serious literary, artistic, political or scientific value"
"BIGSHOT, CL1199",,,,"Title 15, Section 3006(c)(15)(A) – lacks serious literary, artistic, political or scientific value"
"BIGSHOT, CL1341",,,,"Title 15, Section 3006(c)(15)(A) – lacks serious literary, artistic, political or scientific value"
"BIGSHOT, CL1680",,,,"Title 15, Section 3006(c)(15)(A) – lacks serious literary, artistic, political or scientific value"
"BIGSHOT, CL1694",,,,"Title 15, Section 3006(c)(15)(C)(6) – conduct where one of the participants is a minor, or appears to be under 18 years old"
"BIGSHOT, CL1720",,,,"Title 15, Section 3006(c)(15)(A) – lacks serious literary, artistic, political or scientific value"
"BIGSHOT, CL1800",,,,"Title 15, Section 3006(c)(15)(A) – lacks serious literary, artistic, political or scientific value"
"BIGSHOT, CL1986",,,,"Title 15, Section 3006(c)(15)(A) – lacks serious literary, artistic, political or scientific value"
"BIGSHOT, CL200",,,,"Title 15, Section 3006(c)(15)(A) – lacks serious literary, artistic, political or scientific value"
"BIGSHOT, CL2015",,,,"Title 15, Section 3006(c)(15)(A) – lacks serious literary, artistic, political or scientific value"
"BIGSHOT, CL2064",,,,"Title 15, Section 3006(c)(15)(C)(6) – conduct where one of the participants is a minor, or appears to be under 18 years old"
"BIGSHOT, CL2233",,,,"Title 15, Section 3006(c)(15)(C)(6) – conduct where one of the participants is a minor, or appears to be under 18 years old"
"BIGSHOT, CL2299",,,,"Title 15, Section 3006(c)(15)(C)(6) – conduct where one of the participants is a minor, or appears to be under 18 years old"
"BIGSHOT, CL2421",,,,"Title 15, Section 3006(c)(15)(A) – lacks serious literary, artistic, political or scientific value"
"BIGSHOT, CL2652",,,,"Title 15, Section 3006(c)(15)(A) – lacks serious literary, artistic, political or scientific value"
"BIGSHOT, CL287",,,,"Title 15, Section 3006(c)(15)(A) – lacks serious literary, artistic, political or scientific value"
"BIGSHOT, CL476, LITTLE CHILDREN’S DOCTOR",,,,"Title 15, Section 3006(c)(15)(A) – lacks serious literary, artistic, political or scientific value"
"BIGSHOT, CL511",,,,"Title 15, Section 3006(c)(15)(C)(6) – conduct where one of the participants is a minor, or appears to be under 18 years old"
"BIGSHOT, CL685, ON GRANDPA’S LAP",,,,"Title 15, Section 3006(c)(15)(A) – lacks serious literary, artistic, political or scientific value"
"BIGSHOT, CL687",,,,"Title 15, Section 3006(c)(15)(A) – lacks serious literary, artistic, political or scientific value"
"BIGSHOT, CL805",,,,"Title 15, Section 3006(c)(15)(C)(2) – bestiality, sadomasochism, or an excretory function including urination, defecation, or semen"
"BIGSHOT, CL840",,,,"Title 15, Section 3006(c)(15)(C)(6) – conduct where one of the participants is a minor, or appears to be under 18 years old"
"BIGSHOT, THE BLACK BIKER FAMILY",,,,"Title 15, Section 3006(c)(15)(A) – lacks serious literary, artistic, political or scientific value"
BIGSHOTS CL147,,,,"Title 15, Section 3006(c)(15)(A) – lacks serious literary, artistic, political or scientific value"
BIGSHOTS CL190,,,,"Title 15, Section 3006(c)(15)(A) – lacks serious literary, artistic, political or scientific value"
BIGSHOTS CL227,,,,"Title 15, Section 3006(c)(15)(A) – lacks serious literary, artistic, political or scientific value"
BIGSHOTS CL228,,,,"Title 15, Section 3006(c)(15)(A) – lacks serious literary, artistic, political or scientific value"
BIGSHOTS CL255,,,,"Title 15, Section 3006(c)(15)(A) – lacks serious literary, artistic, political or scientific value"
BIGSHOTS CL411,,,,"Title 15, Section 3006(c)(15)(A) – lacks serious literary, artistic, political or scientific value"
"BIKER MAGAZINE, DECEMBER 1998",,,periodical,"Title 15, Section 3006(c)(16) – sexually explicit images"
"BIKER, AUGUST 1996",,,,"Title 15, Section 3006(c)(17) – frontal nudity"
"BIND, TORTURE, KILL, THE INSIDE STORY OF BTK, THE SERIAL KILLER NEXT DOOR (2001)",Roy Wenzl,,,"Title 15, Section 3006(c)(1) – violence or physical harm"
"BITCH MAGAZINE, WINTER 2019",,,periodical,"Title 15, Section 3006(c)(17) – frontal nudity"
"BITCH PLANET, PRESIDENT BITCH, VOLUME 2",Kelly Sue DeConnick,,periodical,"Title 15, Section 3006(c)(15)(A) – lacks serious literary, artistic, political or scientific value"
"BITCH, NO. 27, SPRING 2009",,,,"Title 15, Section 3006(c)(17) – frontal nudity"
BLA PAMPHLET,,,,"Title 15, Section 3006(c)(19) – STG members or associates"
BLACK & GREY ARTWORK (2024),Shanice Mendoza,,,"Title 15, Section 3006(c)(19) – STG members or associates"
"BLACK & GREY, VOLUME 5",Daniel Martino,,periodical,"Title 15, Section 3006(c)(17) – frontal nudity"
"BLACK & PINK NEWSPAPER/MAGAZI NE, JANUARY 2016 ISSUE",,,periodical,"Title 15, Section 3006(c)(15)(A) – lacks serious literary, artistic, political or scientific value"
"BLACK & PINK, VOLUME 13, ISSUE 4",,,periodical,"Title 15, Section 3006(c)(15)(A) – lacks serious literary, artistic, political or scientific value"
BLACK & STACKED MAGAZINE,,,periodical,"Title 15, Section 3006(c)(17) – frontal nudity"
"BLACK AGAINST EMPIRE, THE HISTORY AND POLITICS OF THE BLACK PANTHERS PARTY",Joshua Bloom and Waldo E. Martin Jr.,,,"Title 15, Section 3006(d) – presents a serious threat to facility security or the safety of incarcerated persons and staff"
BLACK AND GREY TATTOO DESIGNS WITH OUTLINES,Leezey Lee,,,"Title 15, Section 3006(c)(17) – frontal nudity"
BLACK AND GREY’S FINEST: A COLLECTION OF FINE TATTOO ART,Big Gus,,,"Title 15, Section 3006(c)(17) – frontal nudity"
"BLACK AND PINK NEWS, MARCH-APRIL 2020, VOL 11, NO 2",,,,"Title 15, Section 3006(c)(15)(C)(6) – conduct where one of the participants is a minor, or appears to be under 18 years old"
BLACK AND WHITE AND BLUE; ADULT CINEMA FROM THE VICTORIAN AGE TO THE VCR,Dave Thompson,,,"Title 15, Section 3006(c)(17) – frontal nudity"
BLACK BEAUTIES MAGAZINE,,,periodical,"Title 15, Section 3006(c)(17) – frontal nudity"
BLACK BELT / KRAV MAGA,Darren Levine,,,"Title 15, Section 3006(d) – presents a serious threat to facility security or the safety of incarcerated persons and staff"
BLACK BELT FEB/MARCH 2020,,,,"Title 15, Section 3006(d) – presents a serious threat to facility security or the safety of incarcerated persons and staff"
"BLACK BELT MAGAZINE, APRIL-MAY 2020",,,periodical,"Title 15, Section 3006(d) – presents a serious threat to facility security or the safety of incarcerated persons and staff"
"BLACK BELT MAGAZINE, AUGUST/SEPTEMBER 2020, VOL 58, NO 5",,,periodical,"Title 15, Section 3006(d) – presents a serious threat to facility security or the safety of incarcerated persons and staff"
"BLACK BELT MAGAZINE, FEBRUARY- MARCH 2021",,,periodical,"Title 15, Section 3006(d) – presents a serious threat to facility security or the safety of incarcerated persons and staff"
"BLACK BELT MAGAZINE, JUNE-JULY 2020",,,periodical,"Title 15, Section 3006(d) – presents a serious threat to facility security or the safety of incarcerated persons and staff"
"BLACK BELT MAGAZINE, OCTOBER- NOVEMBER 2020",,,periodical,"Title 15, Section 3006(d) – presents a serious threat to facility security or the safety of incarcerated persons and staff"
BLACK BELT SPECIAL ISSUE 2019 BLACK BELT HALL OF FAME DECEMBER 2019/ JANUARY 2020,,,periodical,"Title 15, Section 3006(d) – presents a serious threat to facility security or the safety of incarcerated persons and staff"
"BLACK BELT, SUMMER 2023",,,,"Title 15, Section 3006(d) – presents a serious threat to facility security or the safety of incarcerated persons and staff"
"BLACK BOOTY MAGAZINE, ISSUE 93, 2015",,,periodical,"Title 15, Section 3006(c)(17) – frontal nudity"
"BLACK BOOTY MAGAZINE, ISSUE 93, 2015",,,periodical,"Title 15, Section 3006(c)(17) – frontal nudity"
BLACK GIRL LOST,Donald Goines,,,"Title 15, Section 3006(c)(17) – frontal nudity"
BLACK GODFATHER (2024),K’Wan,,,"Title 15, Section 3006(c)(15)(A) – lacks serious literary, artistic, political or scientific value"
BLACK HEAT MAGAZINE,,,periodical,"Title 15, Section 3006(c)(17) – frontal nudity"
BLACK INC.HES MAGAZINE,,,periodical,"Title 15, Section 3006(c)(17) – frontal nudity"
BLACK LUST MAGAZINE,,,periodical,"Title 15, Section 3006(c)(17) – frontal nudity"
"BLACK MEN MAGAZINE, MARCH 2012 ISSUE",,,periodical,"Title 15, Section 3006(c)(15)(A) – lacks serious literary, artistic, political or scientific value"
"BLACK PANTHER, THE REVOLUTIONARY ART OF EMORY DOUGLAS (2007)",Emory Douglas,,,"Title 15, Section 3006(c)(19) – STG members or associates"
"BLACK PLAYERS, THE SECRET WORLD OF BLACK PIMPS",Christina and Richard Milner,,,"Title 15, Section 3006(c)(15)(A) – lacks serious literary, artistic, political or scientific value"
BLACK SCARFACE 3,Jimmy Dasaint,,,"Title 15, Section 3006(c)(15)(C)(5) – conduct which is or appears to be forceful, threatening or violent"
BLACK SCARFACE IV,Jimmy Dasaint,,,"Title 15, Section 3006(c)(15)(C)(5) – conduct which is or appears to be forceful, threatening or violent"
BLACK SCARFACE IV,Jimmy Dasaint,,,"Title 15, Section 3006(c)(15)(C)(5) – conduct which is or appears to be forceful, threatening or violent"
"BLACK SEXATIONS MAGAZINE, VOLUME NUMBER 19, ISSUE NUMBER 8",,,periodical,"Title 15, Section 3006(c)(15)(A) – lacks serious literary, artistic, political or scientific value"
BLACK SILK: A COLLECTION OF AFRICAN AMERICAN EROTICA,Retha Powers,,,"Title 15, Section 3006(c)(15)(A) – lacks serious literary, artistic, political or scientific value"
BLACK TAIL MAGAZINE,,,periodical,"Title 15, Section 3006(c)(17) – frontal nudity"
"BLACK TAIL MAGAZINE, SPECIAL #13, 2004",N/A,,periodical,"Title 15, Section 3006(c)(15)(A) – lacks serious literary, artistic, political or scientific value"
"BLACK TATTOO ART, MODERN EXPRESSIONS OF THE TRIBAL",,,,"Title 15, Section 3006(c)(15)(A) – lacks serious literary, artistic, political or scientific value"
"BLACK TOOTH GRIN, THE HIGH LIFE, GOOD TIMES, AND TRAGIC END OF DIMEBAG DARRELL ABBOTT (2009)",Zac Crain,,,"Title 15, Section 3006(c)(1) – violence or physical harm"
BLACK VELVET MASTERPIECES,Carl Baldwin & Caren Anderson,,,"Title 15, Section 3006(c)(17) – frontal nudity"
"BLACK WIDOW, A NOVEL (2008)",Nikki Turner,,,"Title 15, Section 3006(c)(1) – violence or physical harm"
"BLACK WIDOW, THE COMPLETE COLLECTION",Devin Grayson,,,"Title 15, Section 3006(c)(17) – frontal nudity"
BLACKMAILED FROM MALE TO MAID 2 (2020),Kim Elle,,,"Title 15, Section 3006(c)(15)(A) – lacks serious literary, artistic, political or scientific value"
BLACKWOOD FARM (2003),Anne Rice,,,"Title 15, Section 3006(c)(15)(A) – lacks serious literary, artistic, political or scientific value"
BLADE OF THE IMMORTAL OMNIBUS VOLUME 2 (2021),Hiroaki Samura,,periodical,"Title 15, Section 3006(c)(15)(C)(5) – conduct which is or appears to be forceful, threatening or violent"
"BLADE OF THE IMMORTAL, OMNIBUS III",Hiroaki Samura,,,"Title 15, Section 3006(c)(15)(A) – lacks serious literary, artistic, political or scientific value"
BLAZED (2014),Jason Myers,,,"Title 15, Section 3006(c)(15)(A) – lacks serious literary, artistic, political or scientific value"
"BLOCK BOY II, VOLUME 4","Marquis Davis, SR.",,periodical,"Title 15, Section 3006(c)(15)(A) – lacks serious literary, artistic, political or scientific value"
BLOCK MONEY,Mike Enemigo & Cascious Green,,,"Title 15, Section 3006(c)(15)(C)(5) – conduct which is or appears to be forceful, threatening or violent"
"BLOCK PARTY 2, THE AFTERPARTY (2006)",Al-Saadiq Banks,,,"Title 15, Section 3006(c)(15)(A) – lacks serious literary, artistic, political or scientific value"
"BLOCK PARTY 3, BRICK CITY MASSACRE",Al-Saadiq Banks,,,"Title 15, Section 3006(c)(15)(C)(5) – conduct which is or appears to be forceful, threatening or violent"
"BLOCK PARTY 5K1, DIPLOMATIC IMMUNITY (2015)",Al-Saadiq Banks,,,"Title 15, Section 3006(c)(15)(A) – lacks serious literary, artistic, political or scientific value"
"BLOCK PARTY 5K1.2, DIPLOMATIC IMMUNITY, BOOK TWO (2015)",Al-Saadiq Banks,,,"Title 15, Section 3006(c)(15)(A) – lacks serious literary, artistic, political or scientific value"
"BLOCK PARTY 666, MARK OF THE BEAST VOLUME 2 (2019)",Al-Saadiq Banks,,periodical,"Title 15, Section 3006(c)(1) – violence or physical harm"
"BLOCK PARTY 666, MARK OF THE BEAST, VOLUME 1 (2019)",Al-Saadiq Banks,,periodical,"Title 15, Section 3006(c)(1) – violence or physical harm"
"BLOCK PARTY, BY AL- SAADIQ BANKS (2014)",Al-Saadiq Banks,,,"Title 15, Section 3006(c)(1) – violence or physical harm"
"BLOOD COMMAS, ON THE ROAD TO RICHES",T.J. Edwards,,,"Title 15, Section 3006(c)(15)(C)(5) – conduct which is or appears to be forceful, threatening or violent"
BLOOD IN MY EYE,George L. Jackson,,,"Title 15, Section 3006(c)(19) – STG members or associates"
BLOOD IN THE FACE,James Ridgeway,,,"Title 15, Section 3006(d) – presents a serious threat to facility security or the safety of incarcerated persons and staff"
"BLOOD IN THE FIELDS, TEN YEARS INSIDE CALIFORNIA’S NUESTRA FAMILIA GANG",Julia Reynolds,,,"Title 15, Section 3006(c)(19) – STG members or associates"
"BLOOD IN, BLOOD OUT (1996)",Art Blajos,,,"Title 15, Section 3006(c)(19) – STG members or associates"
"BLOOD IN, BLOOD OUT THE VIOLENT EMPIRE OF THE ARYAN BROTHERHOOD",John Lee Brook,,,"Title 15, Section 3006(c)(19) – STG members or associates"
"BLOOD MONEY, WHO SAID THE GAME WAS FAIR (2014)",Leondrei Prince,,,"Title 15, Section 3006(c)(1) – violence or physical harm"
BLOOD OF A BOSS (2014),Askari,,,"Title 15, Section 3006(c)(1) – violence or physical harm"
"BLOOD OF A BOSS 2, THE STREETS IS WATCHING (2015)",Askari,,,"Title 15, Section 3006(c)(1) – violence or physical harm"
BLOOD OF A BOSS 3,Askari,,,"Title 15, Section 3006(c)(15)(C)(5) – conduct which is or appears to be forceful, threatening or violent"
"BLOOD OF A BOSS 4, RAHMELLO’S BETRAYA (2018)",Askari,,,"Title 15, Section 3006(c)(15)(A) – lacks serious literary, artistic, political or scientific value"
BLOOD OF A BOSS 5,Askari,,,"Title 15, Section 3006(c)(15)(C)(5) – conduct which is or appears to be forceful, threatening or violent"
"BLOODY COMMAS, LIVING ON BORROWED TIME",T.J. Edwards,,,"Title 15, Section 3006(c)(15)(C)(5) – conduct which is or appears to be forceful, threatening or violent"
BLOODY MAYHEM DOWN SOUTH,,,,"Title 15, Section 3006(c)(15)(C)(5) – conduct which is or appears to be forceful, threatening or violent"
BLOW (2007),K’Wan,,,"Title 15, Section 3006(c)(15)(A) – lacks serious literary, artistic, political or scientific value"
"BLUE RAGE, BLACK REDEMPTION",Stanley Tookie Williams,,,"Title 15, Section 3006(c)(19) – STG members or associates"
BLUEPRINT FOR BLACK POWER,Amos N. Wilson,,,"Title 15, Section 3006(c)(19) – STG members or associates"
BLUSH,Opal Carew,,,"Title 15, Section 3006(c)(15)(A) – lacks serious literary, artistic, political or scientific value"
BOB’S ESSENTIAL RV RESORT DIRECTORY,,,,"Title 15, Section 3006(c)(12) – maps depicting any area within a ten mile radius of a facility"
"BODACIOUS MAGAZINE, FALL 2007",,,periodical,"Title 15, Section 3006(c)(17) – frontal nudity"
"BODACIOUS MAGAZINE, SPRING 2007, VOLUME 2, ISSUE 2",,,periodical,"Title 15, Section 3006(c)(17) – frontal nudity"
BODIES,,,,"Title 15, Section 3006(c)(17) – frontal nudity"
BODIES OF SUBVERSION: A HISTORY OF WOMAN AND TATTOO,Margot Mifflin,,,"Title 15, Section 3006(c)(15)(A) – lacks serious literary, artistic, political or scientific value"
BODY ART,Bizarre,,,"Title 15, Section 3006(c)(17) – frontal nudity"
BODY ART 2,Bizarre,,,"Title 15, Section 3006(c)(17) – frontal nudity"
BODY ART 3,Bizarre,,,"Title 15, Section 3006(c)(17) – frontal nudity"
BODY ART 4,Bizarre,,,"Title 15, Section 3006(c)(17) – frontal nudity"
BODY HEAT: THE WORLD’S MOST BEAUTIFUL WOMEN,Adam Girls international,,,"Title 15, Section 3006(c)(17) – frontal nudity"
"BODY LANGUAGE MASTERY, 4 BOOKS IN 1 (2019)",Brandon Cooper,,,"Title 15, Section 3006(d) – presents a serious threat to facility security or the safety of incarcerated"
"BODY MAGAZINE, ISSUE #3",,,periodical,"Title 15, Section 3006(c)(17) – frontal nudity"
"BODY MAGAZINE, ISSUE #4",,,periodical,"Title 15, Section 3006(c)(15)(A) – lacks serious literary, artistic, political or scientific value"
BODY PAINTING,Joanne Gair,,,"Title 15, Section 3006(c)(17) – frontal nudity"
BODY PARTS: A PRACTICAL SOURCEBOOK FOR DRAWING THE HUMAN FORM,Simon Jennings,,,"Title 15, Section 3006(c)(15)(A) – lacks serious literary, artistic, political or scientific value"
"BODY SHOTS, THE ART OF TC COR",Sal Quartuccio and Bob Keenan,,,"Title 15, Section 3006(c)(17) – frontal nudity"
"BOMB MAGAZINE, FALL 2017, ISSUE NUMBER 141",,,periodical,"Title 15, Section 3006(c)(15)(A) – lacks serious literary, artistic, political or scientific value"
"BOMB MAGAZINE, SUMMER 2017 ISSUE NUMBER 140",,,periodical,"Title 15, Section 3006(c)(15)(A) – lacks serious literary, artistic, political or scientific value"
"BOMB MAGAZINE, SUMMER 2017 ISSUE NUMBER 140",,,periodical,"Title 15, Section 3006(c)(15)(A) – lacks serious literary, artistic, political or scientific value"
"BOMB MAGAZINE, WINTER 2016-2017, ISSUE NUMBER 138",,,periodical,"Title 15, Section 3006(c)(15)(A) – lacks serious literary, artistic, political or scientific value"
"BOMBSHELL, THE PIN- UP ART OF JOHN GLADMAN",John Gladman,,,"Title 15, Section 3006(c)(17) – frontal nudity"
"BONDAGE COLORING BOOK, FEMDOM, 55 BDSM SCENES FOR ADULT COLORING (2019)",Felice Lammermoore,,,"Title 15, Section 3006(c)(15)(A) – lacks serious literary, artistic, political or scientific value"
"BONDAGE COLORING BOOK, FEMDOM, 66 BDSM SCENES FOR ADULT COLORING (2021)",Felice Lammermoore,,,"Title 15, Section 3006(c)(15)(A) – lacks serious literary, artistic, political or scientific value"
"BOOK OF GLOCK, A COMPREHENSIVE GUIDE TO AMERICA’S MOST POPULAR HANDGUN",Robert A. Sadowski,,,"Title 15, Section 3006(d) – presents a serious threat to facility security or the safety of incarcerated persons and staff"
BOOK OF THE GODS AND RITES AND THE ANCIENT CALENDAR (1997),Fray Diego Duran,,,"Title 15, Section 3006(c)(1) – violence or physical harm"
"BOOK OF THE RIVER NATIONS, COMPLETE PLAYER’S REFERENCE FOR KINGDOM BUILDING (2011)",Jon Brazer Enterprises,,,"Title 15, Section 3006(d) – presents a serious threat to facility security or the safety of incarcerated"
BOOK OF VILE DARKNESS,Monte Cook,,,"Title 15, Section 3006(c)(17) – frontal nudity"
BOOK OF WOTAN (2016),Ron McVan,,,"Title 15, Section 3006(c)(19) – STG members or associates"
"BOOTY ENCYCLOPEDIA, VOL. 1",Michael Noches,,,"Title 15, Section 3006(c)(17) – frontal nudity"
"BOOTY, PIRATE QUEENS, VOLUME 1",Stefano Wazzotti,,periodical,"Title 15, Section 3006(c)(15)(A) – lacks serious literary, artistic, political or scientific value"
BOOTYLICIOUS MAGAZINE,,,periodical,"Title 15, Section 3006(c)(17) – frontal nudity"
BORIS VALLEJO FANTASY ART TECHNIQUES,Boris Vallejo,,,"Title 15, Section 3006(c)(17) – frontal nudity"
BORN TO BE KING (2019),Soulja Choc,,,"Title 15, Section 3006(c)(15)(A) – lacks serious literary, artistic, political or scientific value"
BORN TO BE KING 2 (2019),Soulja Choc,,,"Title 15, Section 3006(c)(15)(A) – lacks serious literary, artistic, political or scientific value"
BOTH SIDES OF THE FENCE,M. T. Pope,,,"Title 15, Section 3006(c)(15)(A) – lacks serious literary, artistic, political or scientific value"
"BOTTLES MODELZ, VOLUME 1, ISSUE 13",,,periodical,"Title 15, Section 3006(c)(15)(A) – lacks serious literary, artistic, political or scientific value"
"BOTTLES N MODELZ, ISSUE 7",,,periodical,"Title 15, Section 3006(c)(15)(A) – lacks serious literary, artistic, political or scientific value"
BOUND A TRIBUTE TO BETTIE PAGE,Michael Enoches,,,"Title 15, Section 3006(c)(17) – frontal nudity"
BOXING FOR BEGINNERS,Takanori Diaz,,,"Title 15, Section 3006(d) – presents a serious threat to facility security or the safety of incarcerated persons and staff"
"BOXING FOR BEGINNERS, A GUIDE TO COMPETITION & FITNESS",Buster Douglas,,,"Title 15, Section 3006(d) – presents a serious threat to facility security or the safety of incarcerated persons and staff"
BOXING MASTERY,Mark Hatmaker and Doug Werner,,,"Title 15, Section 3006(d) – presents a serious threat to facility security or the safety of incarcerated persons and staff"
BOY TOY (2007),Barry Lyga,,,"Title 15, Section 3006(c)(15)(A) – lacks serious literary, artistic, political or scientific value"
BOYS CAUGHT IN THE ACT,,,,"Title 15, Section 3006(c)(15)(A) – lacks serious literary, artistic, political or scientific value"
"BOYSLUT, A MEMOIR AND MANIFESTO (2024)",Zachary Zane,,,"Title 15, Section 3006(c)(15)(A) – lacks serious literary, artistic, political or scientific value"
BRA BUSTERS MAGAZINE,,,periodical,"Title 15, Section 3006(c)(17) – frontal nudity"
BRANLETTES BEAUTIES CATALOG,,,,"Title 15, Section 3006(c)(15)(A) – lacks serious literary, artistic, political or scientific value"
"BRAZILIAN JIU-JITSU, SUBMISSION GRAPPLING TECHNIQUES",Royler Gracie,,,"Title 15, Section 3006(d) – presents a serious threat to facility security or the safety of incarcerated persons and staff"
BREACH,Society Outreach,,,"Title 15, Section 3006(c)(1) – violence or physical harm"
BRED BY THE SLUMS 2,Ghost,,,"Title 15, Section 3006(c)(15)(A) – lacks serious literary, artistic, political or scientific value"
"BRED BY THE SLUMS 3, KING PIN STATUS (2018)",Ghost,,,"Title 15, Section 3006(c)(1) – violence or physical harm"
"BREED BY THE SLUMS, LOYALTY IN BLOOD",Ghost,,,"Title 15, Section 3006(c)(15)(C)(6) – conduct where one of the participants is a minor, or appears to be under 18 years old"
BRIAN FROUD’S WORLD OF FAERIE,Palace Press,,,"Title 15, Section 3006(c)(17) – frontal nudity"
BRIDE OF A HUSTLER 2,Destiny Skai,,,"Title 15, Section 3006(c)(15)(C)(5) – conduct which is or appears to be forceful, threatening or violent"
BRIDE OF A HUSTLER 2,Destiny Skai,,,"Title 15, Section 3006(c)(15)(C)(5) – conduct which is or appears to be forceful, threatening or violent"
BRIDE OF A HUSTLER 3,Destiny Skai,,,"Title 15, Section 3006(c)(15)(C)(5) – conduct which is or appears to be forceful, threatening or violent"
"BRIGGS LAND, VOLUME 1, STATE OF GRACE (2017)",Brian Wood,,periodical,"Title 15, Section 3006(c)(19) – STG members or associates"
"BROKEN CRAYONS STILL COLOR, BASED ON A TRUE STORY (2018)",David Weaver,,,"Title 15, Section 3006(c)(15)(A) – lacks serious literary, artistic, political or scientific value"
BROKEN SOUL (2018),Kevin Wallace,,,"Title 15, Section 3006(c)(1) – violence or physical harm"
BROKEN TRUST (2018),Fredrick J. Staves,,,"Title 15, Section 3006(c)(15)(A) – lacks serious literary, artistic, political or scientific value"
"BROKEN, A NOVEL (2024)",Karin Slaughter,,,"Title 15, Section 3006(c)(1) – violence or physical harm"
BROTHER (2015),Ania Ahlborn,,,"Title 15, Section 3006(c)(1) – violence or physical harm"
BRUCE LEE; JEET KUNE DO,John Little,,,"Title 15, Section 3006(d) – presents a serious threat to facility security or the safety of incarcerated persons and staff"
BRUCE LEE’S JEET KUNE DO,,,,"Title 15, Section 3006(d) – presents a serious threat to facility security or the safety of incarcerated persons and staff"
"BUBBLE SHAKE MAGAZINE, ISSUE NUMBER 34",,,periodical,"Title 15, Section 3006(c)(15)(A) – lacks serious literary, artistic, political or scientific value"
"BUBBLES, PREMIERE ISSUE",,,periodical,"Title 15, Section 3006(c)(15)(A) – lacks serious literary, artistic, political or scientific value"
BUCKLAND’S COMPLETE BOOK OF WITCHCRAFT,Raymond Buckland,,,"Title 15, Section 3006(c)(17) – frontal nudity"
"BUDDA ASAMU TEZUKA, VOLUME 1",,,periodical,"Title 15, Section 3006(c)(17) – frontal nudity"
"BUD’S ART BOOKS CATALOG, DECEMBER 2011",Bud’s Art Books.com,,,"Title 15, Section 3006(c)(17) – frontal nudity"
BUF MAGAZINE,,,periodical,"Title 15, Section 3006(c)(17) – frontal nudity"
BULLET THROUGH YOUR FACE (2010),Edward Lee,,,"Title 15, Section 3006(c)(15)(A) – lacks serious literary, artistic, political or scientific value"
"BULLIED, REVENGE HYPNOSIS",Aiue Oka,,,"Title 15, Section 3006(c)(17) – frontal nudity"
"BUMP & GRIND MAGAZINE, VOLUME 4, ISSUE #9",,,periodical,"Title 15, Section 3006(c)(15)(A) – lacks serious literary, artistic, political or scientific value"
BUNNY YEAGER’S BEAUTIFUL BACKSIDES,Bunny Yeager,,,"Title 15, Section 3006(c)(17) – frontal nudity"
BUNNY YEAGER’S DARKROOM,Petra Mason,,,"Title 15, Section 3006(c)(17) – frontal nudity"
"BUNZ EBONY, ISSUE 2",,,periodical,"Title 15, Section 3006(c)(15)(A) – lacks serious literary, artistic, political or scientific value"
"BUNZ EXOTIC BOOTIES, ISSUE 1",,,periodical,"Title 15, Section 3006(c)(15)(A) – lacks serious literary, artistic, political or scientific value"
"BUNZ, BEACH BOOTIES, VOLUME 1",,,periodical,"Title 15, Section 3006(c)(15)(A) – lacks serious literary, artistic, political or scientific value"
"BUNZ, ISSUE 6",,,periodical,"Title 15, Section 3006(c)(15)(A) – lacks serious literary, artistic, political or scientific value"
"BUNZ, THICK VS SUPER THICK, PART 1",,,,"Title 15, Section 3006(c)(15)(A) – lacks serious literary, artistic, political or scientific value"
BURLESQUE,Len Rothe,,,"Title 15, Section 3006(c)(17) – frontal nudity"
BUSHCRAFT (2014),Dave Canterbury,,,"Title 15, Section 3006(d) – presents a serious threat to facility security or the safety of incarcerated persons and staff"
BUST OUT MAGAZINE,,,periodical,"Title 15, Section 3006(c)(17) – frontal nudity"
BUSTY BEAUTIES MAGAZINE,,,periodical,"Title 15, Section 3006(c)(17) – frontal nudity"
"BUSY BODIES, CHOCOLATE FLAVA 4",Zane,,,"Title 15, Section 3006(c)(15)(A) – lacks serious literary, artistic, political or scientific value"
"BUT NOT FORGIVEN, A CLINT WOLF NOVEL (2016)",BJ Bourg,,,"Title 15, Section 3006(c)(1) – violence or physical harm"
"BUT NOT FORGOTTEN, A CLINT WOLF NOVEL (2015)",BJ Bourg,,,"Title 15, Section 3006(c)(1) – violence or physical harm"
BUTT LUST MAGAZINE,,,periodical,"Title 15, Section 3006(c)(17) – frontal nudity"
"BUTT SERIOUSLY, THE DEFINITIVE GUIDE TO ANAL HEALTH, PLEASURE, AND EVERYTHING IN BETWEEN (2024)",Dr. Evan Goldstein,,,"Title 15, Section 3006(c)(15)(A) – lacks serious literary, artistic, political or scientific value"
"BUTT STUFF, ANAL EROTICA (2017)",Giselle Renarde,,,"Title 15, Section 3006(c)(15)(A) – lacks serious literary, artistic, political or scientific value"
"BUTTER MAGAZINE, ISSUE 1",,,periodical,"Title 15, Section 3006(c)(15)(A) – lacks serious literary, artistic, political or scientific value"
BUTTERFLY (2020),Ashley Antoinette,,,"Title 15, Section 3006(c)(15)(A) – lacks serious literary, artistic, political or scientific value"
BUTTERFLY 2 (2020),Ashley Antoinette,,,"Title 15, Section 3006(c)(1) – violence or physical harm"
BUTTERFLY 3 (2020),Ashley Antoinette,,,"Title 15, Section 3006(c)(15)(A) – lacks serious literary, artistic, political or scientific value"
BUTTERFLY 4 (2022),Ashley Antoinette,,,"Title 15, Section 3006(c)(15)(A) – lacks serious literary, artistic, political or scientific value"
BUTTERFLY 5 (2024),Ashley Antoinette,,,"Title 15, Section 3006(c)(15)(A) – lacks serious literary, artistic, political or scientific value"
"BUTTERWATER, PINK SLIP 1",,,,"Title 15, Section 3006(c)(17) – frontal nudity"
"BUTTERWATER, PINK SLIP 2",,,,"Title 15, Section 3006(c)(17) – frontal nudity"
"BUTTERWATER, PINK SLIP 2",,,,"Title 15, Section 3006(c)(17) – frontal nudity"
BUTTERWATERS CATALOG 6,,,,"Title 15, Section 3006(c)(17) – frontal nudity"
"BUTTMAN MAGAZINE, VOLUME 17, ISSUE #1",,,periodical,"Title 15, Section 3006(c)(15)(A) – lacks serious literary, artistic, political or scientific value"
"BUTTZ MAGAZINE, MILFS, VOLUME 5",,,periodical,"Title 15, Section 3006(c)(17) – frontal nudity"
"BUTTZ MAGAZINE, VOLUME 7",,,periodical,"Title 15, Section 3006(c)(17) – frontal nudity"
CADILLAC JUKEBOX (2018),James Lee Burke,,,"Title 15, Section 3006(c)(15)(A) – lacks serious literary, artistic, political or scientific value"
"CALIENTE, MUJERES LATINAS, VOL. 1",,,,"Title 15, Section 3006(c)(15)(A) – lacks serious literary, artistic, political or scientific value"
"CALIENTE, MUJERES LATINAS, VOLUME 3",,,periodical,"Title 15, Section 3006(c)(15)(A) – lacks serious literary, artistic, political or scientific value"
"CALL GIRL IN ANOTHER WORLD, VOL. 7 (2023)",Masahiro Morio,,,"Title 15, Section 3006(c)(16) – sexually explicit images"
"CALL GIRL IN ANOTHER WORLD, VOL. 8 (2022)",Masahiro Morio,,,"Title 15, Section 3006(c)(16) – sexually explicit images"
"CALL GIRL IN ANOTHER WORLD, VOLUME 1",Masahiro Morios,,periodical,"Title 15, Section 3006(c)(17) – frontal nudity"
CAMPING SOUTHERN CALIFORNIA,,,,"Title 15, Section 3006(c)(12) – maps depicting any area within a ten mile radius of a facility"
"CAMPING WITH SUZY, EROTIC STORIES, ISSUE 7, NOVEMBER 2025",,,periodical,"Title 15, Section 3006(c)(15)(A) – lacks serious literary, artistic, political or scientific value"
CAN ENTERTAINMENT MARCUS AND CARLOS,,,,"Title 15, Section 3006(c)(15)(A) – lacks serious literary, artistic, political or scientific value"
CAN ENTERTAINMENT MARCUS AND CARLOS,,,,"Title 15, Section 3006(c)(15)(A) – lacks serious literary, artistic, political or scientific value"
"CANADIAN PSYCHO, THE TRUE STORY OF LUKA MAGNOTTA",Cara Lee Carter,,,"Title 15, Section 3006(c)(17) – frontal nudity"
"CANDY LICKER, AN URBAN EROTIC TALE (2005)",Noire,,,"Title 15, Section 3006(c)(15)(A) – lacks serious literary, artistic, political or scientific value"
"CANNABIS BUSINESS TIMES, APRIL 2017 ISSUE",,,periodical,"Title 15, Section 3006(d) – presents a serious threat to facility security or the safety of incarcerated persons and staff"
"CANNABIS BUSINESS TIMES, MARCH 2017 ISSUE",,,periodical,"Title 15, Section 3006(d) – presents a serious threat to facility incarcerated persons and staff"
"CANNABIS CULTIVATION, A COMPLETE GROWERS GUIDE (2012)",Mel Thomas,,,"Title 15, Section 3006(d) – presents a serious threat to facility security or the safety of incarcerated"
CANNABIS GROWER’S HANDBOOK,Ed Rosenthal,,,"Title 15, Section 3006(d) – presents a serious threat to facility security or the safety of incarcerated persons and staff"
"CANNABIS REGENERATION, A MULITPLE HARVEST FOR GREATER YIELDS",J.B. Haze,,,"Title 15, Section 3006(d) – presents a serious threat to facility security or the safety of incarcerated persons and staff"
"CANNABIS REGENERATION, A MULTIPLE HARVEST METHOD FOR GREAT YIELDS",,,,"Title 15, Section 3006(d) – presents a serious threat to facility security or the safety of incarcerated persons and staff"
"CAPTIVE, BOOK TWO IN THE MAIDEN SERIES (2013)",Aishling Morgan,,,"Title 15, Section 3006(c)(15)(A) – lacks serious literary, artistic, political or scientific value"
"CAR KULTURE DELUXE MAGAZINE, OCTOBER 2018",,,periodical,"Title 15, Section 3006(d) – presents a serious threat to facility security or the safety of incarcerated persons and staff"
CARAVAGGIO,Sebastian Schutze,,,"Title 15, Section 3006(c)(17) – frontal nudity"
"CARAVAGGIO, COLOUR LIBRARY",,,,"Title 15, Section 3006(c)(17) – frontal nudity"
"CARLOS BIG FOX LOPEZ, THE FINAL SKETCH (2025)",Jaime Lopez and Eric Sturgess,,,"Title 15, Section 3006(c)(19) – STG members or associates"
"CARLOS BIG FOX LOPEZ, THE FINAL SKETCH (2025)",Jaime Lopez and Eric Sturgess,,,"Title 15, Section 3006(c)(19) – STG members or associates"
CARNAGE (2023),Shantel Tessier,,,"Title 15, Section 3006(c)(15)(A) – lacks serious literary, artistic, political or scientific value"
"CARNAL ALCHEMY, SADO-MACGICAL TECHNIQUES FOR PLEASURE, PAIN, AND TRANSFORMATION (2013)",Stephen E. Flowers PH.D and Crystal Dawn Flowers,,,"Title 15, Section 3006(c)(16) – sexually explicit images"
"CARNAL COMICS, MARYLIN STAR",,,,"Title 15, Section 3006(c)(15)(A) – lacks serious literary, artistic, political or scientific value"
"CARNAL COMICS, SERENITY",,,,"Title 15, Section 3006(c)(15)(A) – lacks serious literary, artistic, political or scientific value"
CARNAL KNOWLEDGE,John Baxter,,,"Title 15, Section 3006(c)(17) – frontal nudity"
CARNET DE VOYAGE (2004),Craig Thompson,,,"Title 15, Section 3006(c)(16) – sexually explicit images"
CARNIVAL IN RIO (2000),Helmut Teissl,,,"Title 15, Section 3006(c)(16) – sexually explicit images"
CAROL WRIGHT GIFT CATALOG,,,,"Title 15, Section 3006(c)(15)(A) – lacks serious literary, artistic, political or scientific value"
"CARTEL QUEEN 2, MOTHER OF MURDER (2025)",JaQuavis Coleman,,,"Title 15, Section 3006(c)(15)(A) – lacks serious literary, artistic, political or scientific value"
"CARY STAYNER, THE TRUE STORY OF THE YOSEMITE PARK KILLER (2015)",Jack Rosewood,,,"Title 15, Section 3006(c)(15)(B)(3) – conduct which is or appears to be forceful, threatening or violent"
"CASINO, LOVE AND HONOR IN LAS VEGAS (2011)",Nicholas Pileggi,,,"Title 15, Section 3006(c)(1) – violence or physical harm"
CATALOG NUMBER 1,David Carter,,,"Title 15, Section 3006(c)(15)(A) – lacks serious literary, artistic, political or scientific value"
CAVEWOMAN GREATIST HITS,,,,"Title 15, Section 3006(c)(17) – frontal nudity"
"CELL TIMES, CAMEL TOE ISSUE 4",,,periodical,"Title 15, Section 3006(c)(16) – sexually explicit images"
"CELL TIMES, CAMEL TOE ISSUE 5",,,periodical,"Title 15, Section 3006(c)(16) – sexually explicit images"
CELLMATE & CONVICT PHOTO CATALOG,,,,"Title 15, Section 3006(c)(15)(A) – lacks serious literary, artistic, political or scientific value"
CELLMATE & CONVICT SERVICES CATALOG,,,,"Title 15, Section 3006(c)(15)(A) – lacks serious literary, artistic, political or scientific value"
"CELLMATE & CONVICT SERVICES CATALOG, HAIRY",,,,"Title 15, Section 3006(c)(17) – frontal nudity"
"CELLMATE & CONVICT SERVICES, 2016 SAMPLE CATALOG ISSUE",,,periodical,"Title 15, Section 3006(c)(17) – frontal nudity"
"CELLMATE & CONVICT SERVICES, 2016 SAMPLE CATALOG, SG16-SASHA GRAY, 2016 ISSUE",,,periodical,"Title 15, Section 3006(c)(15)(A) – lacks serious literary, artistic, political or scientific value"
"CELLMATE & CONVICT SERVICES, 2016 SAMPLE CATALOG, TRIX 1-TRIXIE TEEN",,,,"Title 15, Section 3006(c)(17) – frontal nudity"
"CELLMATE & CONVICT SERVICES, AS-ACTION SHOTS 2015, 17RR- RAVEN RILEY 2017, L18-LATINA 2018",,,,"Title 15, Section 3006(c)(15)(A) – lacks serious literary, artistic, political or scientific value"
"CELLMATE & CONVICT SERVICES, AS-ACTION SHOTS, 2015 ISSUE",,,periodical,"Title 15, Section 3006(c)(15)(A) – lacks serious literary, artistic, political or scientific value"
"CELLMATE & CONVICT SERVICES, FACE 2 – FACIALS 2018",,,,"Title 15, Section 3006(c)(15)(A) – lacks serious literary, artistic, political or scientific value"
"CELLMATE & CONVICT SERVICES, FACE 2016",,,,"Title 15, Section 3006(c)(15)(A) – lacks serious literary, artistic, political or scientific value"
"CELLMATE & CONVICT SERVICES, GH-GLORY HOLE",,,,"Title 15, Section 3006(c)(15)(A) – lacks serious literary, artistic, political or scientific value"
"CELLMATE & CONVICT SERVICES, KP15- KATES PLAYGROUND 2015, KARI-KARI SWEETS, ALOVE- ALEXIS LOVE 2019, N2- NIKKI 2, 2016",,,,"Title 15, Section 3006(c)(15)(A) – lacks serious literary, artistic, political or scientific value"
"CELLMATE & CONVICT SERVICES, MR2- MEGAN RAIN 2 AND B SPECIAL",,,,"Title 15, Section 3006(c)(17) – frontal nudity"
"CELLMATE & CONVICT SERVICES, TT18",,,,"Title 15, Section 3006(c)(17) – frontal nudity"
"CELLMATE & CONVICT SERVICES, WHITE 3",,,,"Title 15, Section 3006(c)(17) – frontal nudity"
"CELLMATE AND CONVICT SERVICES, CT15 CAMEL TOES 2015",,,,"Title 15, Section 3006(c)(15)(A) – lacks serious literary, artistic, political or scientific value"
CHAINSAW MAN 10,Tatsuki Fujimoto,,,"Title 15, Section 3006(c)(1) – violence or physical harm"
CHAINSAW MAN 11,Tatsuki Fujimoto,,,"Title 15, Section 3006(c)(1) – violence or physical harm"
CHAINSAW MAN 12,Tatsuki Fujimoto,,,"Title 15, Section 3006(c)(1) – violence or physical harm"
CHAINSAW MAN 5 (2021),Tatsuki Fujimoto,,,"Title 15, Section 3006(c)(1) – violence or physical harm"
CHAINSAW MAN 7,Tatsuki Fujimoto,,,"Title 15, Section 3006(c)(1) – violence or physical harm"
CHAINSAW MAN 8,Tatsuki Fujimoto,,,"Title 15, Section 3006(c)(1) – violence or physical harm"
CHAINSAW MAN 9,Tatsuki Fujimoto,,,"Title 15, Section 3006(c)(1) – violence or physical harm"
CHAMPIONSHIP STREETFIGHTING,Ned Beaumont,,,"Title 15, Section 3006(d) – presents a serious threat to facility security or the safety of incarcerated persons and staff"
"CHAOS, CHARLES MANSON, THE CIA, AND THE SECRET HISTORY OF THE SIXTIES (2020)",Tom O’Neill,,,"Title 15, Section 3006(c)(1) – violence or physical harm"
CHEEKS MAGAZINE,,,periodical,"Title 15, Section 3006(c)(17) – frontal nudity"
"CHEEKS, VOLUME 3",,,periodical,"Title 15, Section 3006(c)(15)(A) – lacks serious literary, artistic, political or scientific value"
"CHEEKS, VOLUME 4",,,periodical,"Title 15, Section 3006(c)(15)(A) – lacks serious literary, artistic, political or scientific value"
"CHEERLEADER, MAKING THE TEAM, EROTIC STORIES, ISSUE 7, NOVEMBER 2025",,,periodical,"Title 15, Section 3006(c)(15)(A) – lacks serious literary, artistic, political or scientific value"
"CHERI SAMBA: THE HYBRIDITY OF ART,CONTEMPORARY AFRICAN ARTISTS SERIES #1",Ester Dagan,,,"Title 15, Section 3006(c)(17) – frontal nudity"
CHERI TEENS MAGAZINE,,,periodical,"Title 15, Section 3006(c)(17) – frontal nudity"
CHERRY PIE MAGAZINE,,,periodical,"Title 15, Section 3006(c)(17) – frontal nudity"
CHERRY POP MAGAZINE,,,periodical,"Title 15, Section 3006(c)(17) – frontal nudity"
"CHICA, VOLUME 1",Jordi Bernet and Carlos Trillo,,periodical,"Title 15, Section 3006(c)(15)(A) – lacks serious literary, artistic, political or scientific value"
CHILDREN OF THE MATRIX (2001),David Icke,,,"Title 15, Section 3006(c)(1) – violence or physical harm"
"CHOCOLATE FLAVA, THE EROTICANOIR.COM ANTHOLOGY(2004)",Zane,,,"Title 15, Section 3006(c)(15)(A) – lacks serious literary, artistic, political or scientific value"
CIA IMPROVISED SABOTAGE DEVICES,US Government,,,"Title 15, Section 3006(c)(8) – a description of the making of any weapon, explosive, poison or destructive device"
CINEMA BLUE MAGAZINE,,,periodical,"Title 15, Section 3006(c)(17) – frontal nudity"
"CINEMA SEWER, VOLUME 3, THE ADULTS ONLY GUIDE TO HISTORY’S SICKEST AND SEXIEST MOVIES (2011)",Robin Bougie,,periodical,"Title 15, Section 3006(c)(16) – sexually explicit images"
"CINEMA SEWER, VOLUME 4, THE ADULTS ONLY GUIDE TO HISTORY’S SICKEST AND SEXIEST MOVIES (2013)",Robin Bougie,,periodical,"Title 15, Section 3006(c)(16) – sexually explicit images"
"CITY HUNTER, OMNIBUS VOLUME 1 (2025)",Tsukasa Hojo,,periodical,"Title 15, Section 3006(c)(16) – sexually explicit images"
CITY OF BONES (2002),Michael Connelly,,,"Title 15, Section 3006(c)(1) – violence or physical harm"
CIVIL WAR II (2024),Brian Michael Bendis,,,"Title 15, Section 3006(c)(1) – violence or physical harm"
"CJNG, A QUICK GUIDE TO MEXICO’S DEADLIEST CARTEL(2024)",Chris Dalby,,,"Title 15, Section 3006(c)(1) – violence or physical harm"
CLASSICAL DRAWING ATELIER,Juliette Aristides,,,"Title 15, Section 3006(c)(17) – frontal nudity"
"CLAYMORE, VOLUME 14",Norihiro Yagi,,,"Title 15, Section 3006(c)(17) – frontal nudity"
CLEAVAGE MAGAZINE,,,periodical,"Title 15, Section 3006(c)(17) – frontal nudity"
CLITOLOGY,Jordan LaRousse & Samantha Sade,,,"Title 15, Section 3006(c)(17) – frontal nudity"
CLOSE SHAVE MAGAZINE,,,periodical,"Title 15, Section 3006(c)(17) – frontal nudity"
CLUB 42,Joanna Angel,,,"Title 15, Section 3006(c)(15)(A) – lacks serious literary, artistic, political or scientific value"
CLUB CONFIDENTIAL MAGAZINE,,,periodical,"Title 15, Section 3006(c)(17) – frontal nudity"
CLUB EXPSOED #442,,,,"Title 15, Section 3006(c)(16) – sexually explicit images"
CLUB INTERNATIONAL MAGAZINE,,,periodical,"Title 15, Section 3006(c)(17) – frontal nudity"
"CLUB LETTERS, VOLUME 395",,,,"Title 15, Section 3006(c)(17) – frontal nudity"
CLUB MAGAZINE,,,periodical,"Title 15, Section 3006(c)(17) – frontal nudity"
CLUB MAGAZINE #347,,,periodical,"Title 15, Section 3006(c)(16) – sexually explicit images"
"CLUB MAGAZINE, NUMBER 322",,,periodical,"Title 15, Section 3006(c)(17) – frontal nudity"
CLUB PRESENTS CHEEKS NUMBER 321 ISSUE 1,,,periodical,"Title 15, Section 3006(c)(17) – frontal nudity"
"CLUB PRESENTS CHEEKS, NUMBER 317 ISSUE 1",,,periodical,"Title 15, Section 3006(c)(17) – frontal nudity"
"CLUB PRESENTS, CHEEKS, ISSUE 301",,,periodical,"Title 15, Section 3006(c)(17) – frontal nudity"
"CLUB PRESENTS, NUMBER 322",,,,"Title 15, Section 3006(c)(15)(A) – lacks serious literary, artistic, political or scientific value"
"CNA ENTERTAINMENT, THE E SERIES, THE “O” FACE 2,",,,,"Title 15, Section 3006(c)(15)(A) – lacks serious literary, artistic, political or scientific value"
"CNA ENTERTAINMENT, THE E SERIES, THE “O” FACE 2,",,,,"Title 15, Section 3006(c)(15)(A) – lacks serious literary, artistic, political or scientific value"
CNA ENTERTAINMENT E SERIES,,,,"Title 15, Section 3006(c)(15)(A) – lacks serious literary, artistic, political or scientific value"
CNA ENTERTAINMENT E SERIES SUPER SHOTS 2,,,,"Title 15, Section 3006(c)(15)(A) – lacks serious literary, artistic, political or scientific value"
CNA ENTERTAINMENT THE “E” SERIES- MALE MODEL SET- KEN,,,,"Title 15, Section 3006(c)(17) – frontal nudity"
CNA ENTERTAINMENT THE “E” SERIES- MALE MODEL SET- TOMMY,,,,"Title 15, Section 3006(c)(17) – frontal nudity"
CNA ENTERTAINMENT THE “E” SERIES- MEN 2,,,,"Title 15, Section 3006(c)(17) – frontal nudity"
CNA ENTERTAINMENT TOPLESS ASIAN MODEL SET HANNAH,,,,"Title 15, Section 3006(c)(17) – frontal nudity"
CNA ENTERTAINMENT TOPLESS ASIAN MODEL SET LIN,,,,"Title 15, Section 3006(c)(17) – frontal nudity"
CNA ENTERTAINMENT TOPLESS ASIAN MODEL SET SUNEE,,,,"Title 15, Section 3006(c)(17) – frontal nudity"
"CNA ENTERTAINMENT, THE E SERIES, EXTRA EXTREME FRESH FACES MODEL CHLOE KNOX 1 AND EXTRA EXTREME FLAT CHESTED MODEL ERIN NICOLE",,,,"Title 15, Section 3006(c)(17) – frontal nudity"
"CNA ENTERTAINMENT, THE E SERIES, EXTRA EXTREME GIRLFRIENDS FOREVER 1",,,,"Title 15, Section 3006(c)(17) – frontal nudity"
"CNA ENTERTAINMENT, THE E SERIES, EXTRA EXTREME HOT MOMMAS",,,,"Title 15, Section 3006(c)(17) – frontal nudity"
"CNA ENTERTAINMENT, THE E SERIES, EXTRA EXTREME MAN EATER 1",,,,"Title 15, Section 3006(c)(17) – frontal nudity"
"CNA ENTERTAINMENT, THE E SERIES, THE “O” FACE 1",,,,"Title 15, Section 3006(c)(15)(A) – lacks serious literary, artistic, political or scientific value"
"CNA ENTERTAINMENT, THE E SERIES, THE O FACE",,,,"Title 15, Section 3006(c)(17) – frontal nudity"
"CNA ENTERTAINMENT,THE E SERIES, CAMELTOES 2",,,,"Title 15, Section 3006(c)(15)(A) – lacks serious literary, artistic, political or scientific value"
"CNA ENTERTAINMENT,THE E SERIES, PORNSTAR, SKYY BLACK",,,,"Title 15, Section 3006(c)(15)(A) – lacks serious literary, artistic, political or scientific value"
"CNE ENTERTAINMENT, THE E SERIES, CAMELTOES 2014",,,,"Title 15, Section 3006(c)(15)(A) – lacks serious literary, artistic, political or scientific value"
"CNE ENTERTAINMENT, THE E SERIES, SUPER SHOTS 2014",,,,"Title 15, Section 3006(c)(15)(A) – lacks serious literary, artistic, political or scientific value"
"COCAINE QUEEN, THE REIGN OF GRISELDA BLANCO (2024)",Mike Enemigo,,,"Title 15, Section 3006(c)(1) – violence or physical harm"
CODEX FRJERVARY- MAYER (2018),Eduard Seler,,,"Title 15, Section 3006(c)(19) – STG members or associates"
COFFEE BREAK (2023),Navy Winters,,,"Title 15, Section 3006(c)(15)(A) – lacks serious literary, artistic, political or scientific value"
"COKE KINGS, FAST MONEY AND GUNSMOKE",T.J Edwards,,,"Title 15, Section 3006(c)(15)(C)(5) – conduct which is or appears to be forceful, threatening or violent"
COLLEGE GIRLS MAGAZINE,,,periodical,"Title 15, Section 3006(c)(17) – frontal nudity"
COLOR FOR PAINTERS: A GUIDE TO TRADITIONS AND PRACTICE,Al Gury,,,"Title 15, Section 3006(c)(17) – frontal nudity"
COLOR TATTOO ART,Edition Reuss/various artists,,,"Title 15, Section 3006(c)(17) – frontal nudity"
COMBAT CONDITIONING: THE CLASSIC U.S. MARINE CORPS PHYSICAL TRAINING AND HAND- TO-HAND COMBAT COURSE,Paladin Press,,,"Title 15, Section 3006(d) – presents a serious threat to facility security or the safety of incarcerated persons and staff"
"COME AS YOU ARE, THE SURPRISING NEW SCIENCE THAT WILL TRANSFORM YOUR SEX LIFE",Emily Nagoski,,,"Title 15, Section 3006(c)(17) – frontal nudity"
"COMEDY NERD, A LIFELONG OBSESSION IN STORIES AND PICTURES (2025)",Judd Apatow,,,"Title 15, Section 3006(c)(16) – sexually explicit images"
"COMFORT IN DARKNESS, THE INVISIBLE POWER OF JIU JITSU (2024)",Rickson Gracie & Peter Maguire,,,"Title 15, Section 3006(d) – presents a serious threat to facility security or the safety of incarcerated"
COMING OUT OF CONCRETE CLOSETS,Jason Lydon,,,"Title 15, Section 3006(c)(15)(C)(5) – conduct which is or appears to be forceful, threatening or violent"
"COMMISSARY KITCHEN, MY INFAMOUS PRISON COOKBOOK",Albert Johnson and Kathy Landoli,,,"Title 15, Section 3006(d) – presents a serious threat to facility security or the safety of incarcerated persons and staff"
COMPLETE ANATOMY AND FIGURE DRAWING,John Raynes,,,"Title 15, Section 3006(c)(17) – frontal nudity"
COMPLETE KRAV MAGA,"Darren Levine, Pub. Group West",,,"Title 15, Section 3006(d) – presents a serious threat to facility security or the safety of incarcerated persons and staff"
"COMPUTER SECURITY, A HAND’S-ON APPROACH, THIRD EDITION (2022)",Wenliang Du,,,"Title 15, Section 3006(d) – presents a serious threat to facility security or the safety of incarcerated"
"COMRADE GEORGE, AN INVESTIGATION INTO THE LIFE, POLITICAL THOUGHT, AND ASSASSINATION OF GEORGE JACKSON (1974)",Eric Mann,,,"Title 15, Section 3006(c)(19) – STG members or associates"
"CONCISE ATLAS OF THE WORLD, FIFTH EDITION",,,,"Title 15, Section 3006(c)(12) – maps depicting any area within a ten mile radius of a facility"
CONCISE LAWS OF HUMAN NATURE (2020),Robert Greene,,,"Title 15, Section 3006(d) – presents a serious threat to facility security or the safety of incarcerated"
CONFESSIONS OF A MAFIA BOSS GASPIPE,Philip Carlo,,,"Title 15, Section 3006(c)(15)(C)(5) – conduct which is or appears to be forceful, threatening or violent"
"CONFESSIONS OF A VIDEO VIXEN, AN EYE- OPENING MEMOIR OF SURVIVAL, ABUSE, AND REDEMPTION IN THE MUSIC INDUSTRY (2006)",Karrine Steffans,,,"Title 15, Section 3006(c)(15)(A) – lacks serious literary, artistic, political or scientific value"
CONFESSIONS OF THE HUNDRED HOTTEST PORN STARS,Lainie Speiser,,,"Title 15, Section 3006(c)(17) – frontal nudity"
CONNECTED TO THE PLUG,Dwan Williams,,,"Title 15, Section 3006(c)(15)(C)(5) – conduct which is or appears to be forceful, threatening or violent"
CONQUISTADOR,Jeff Hunter,,,"Title 15, Section 3006(c)(15)(A) – lacks serious literary, artistic, political or scientific value"
"CONSUMED BY FATE, THE ALPHA TERRITORIES (2024)",Shannon Mayer,,,"Title 15, Section 3006(c)(15)(A) – lacks serious literary, artistic, political or scientific value"
"CONTACT HIGH, VISUAL HISTORY OF HIP-HOP",Vikki Tobak,,,"Title 15, Section 3006(c)(19) – STG members or associates"
CONTEMPORARY CHICANA AND CHICANO ART: VOLUME I,,,,"Title 15, Section 3006(c)(17) – frontal nudity"
CONTEMPORARY CHICANA AND CHICANO ART: VOLUME II,,,,"Title 15, Section 3006(c)(17) – frontal nudity"
CONTINUANCE DRAMA,Michael Sims,,,"Title 15, Section 3006(c)(19) – STG members or associates"
CONTROL,Charlotte Stein,,,"Title 15, Section 3006(c)(15)(A) – lacks serious literary, artistic, political or scientific value"
"COOKING IN THE BIG HOUSE, INMATE CUISINE",Big Papi,,,"Title 15, Section 3006(d) – presents a serious threat to facility security or the safety of incarcerated persons and staff"
CORRUPTION OFFICER,Gary L. Heyward,,,"Title 15, Section 3006(c)(15)(A) – lacks serious literary, artistic, political or scientific value"
COSMIC TRIGGER VOLUME I: FINAL SECRET OF THE ILLUMINATI,Robert Anton Wilson,,,"Title 15, Section 3006(c)(17) – frontal nudity"
"COSMOPLITAN MAGAZINE, DECEMBER 2017 ISSUE",,,periodical,"Title 15, Section 3006(c)(15)(A) – lacks serious literary, artistic, political or scientific value"
"COSMOPOLITAN MAGAZINE, APRIL 2016 ISSUE",,,periodical,"Title 15, Section 3006(c)(15)(A) – lacks serious literary, artistic, political or scientific value"
"COSMOPOLITAN MAGAZINE, APRIL 2017 ISSUE",,,periodical,"Title 15, Section 3006(c)(15)(A) – lacks serious literary, artistic, political or scientific value"
"COSMOPOLITAN MAGAZINE, AUGUST 2015 ISSUE",,,periodical,"Title 15, Section 3006(c)(15)(A) – lacks serious literary, artistic, political or scientific value"
"COSMOPOLITAN MAGAZINE, AUGUST 2016 ISSUE",,,periodical,"Title 15, Section 3006(c)(15)(A) – lacks serious literary, artistic, political or scientific value"
"COSMOPOLITAN MAGAZINE, AUGUST 2017 ISSUE",,,periodical,"Title 15, Section 3006(c)(15)(A) – lacks serious literary, artistic, political or scientific value"
"COSMOPOLITAN MAGAZINE, AUGUST 2017 ISSUE",,,periodical,"Title 15, Section 3006(c)(15)(A) – lacks serious literary, artistic, political or scientific value"
"COSMOPOLITAN MAGAZINE, DECEMBER 2016 ISSUE",,,periodical,"Title 15, Section 3006(c)(15)(A) – lacks serious literary, artistic, political or scientific value"
"COSMOPOLITAN MAGAZINE, FEBRUARY 2017 ISSUE",,,periodical,"Title 15, Section 3006(c)(15)(A) – lacks serious literary, artistic, political or scientific value"
"COSMOPOLITAN MAGAZINE, JANUARY 2016 ISSUE",,,periodical,"Title 15, Section 3006(c)(15)(A) – lacks serious literary, artistic, political or scientific value"
"COSMOPOLITAN MAGAZINE, JANUARY 2017 ISSUE",,,periodical,"Title 15, Section 3006(c)(15)(A) – lacks serious literary, artistic, political or scientific value"
"COSMOPOLITAN MAGAZINE, JULY 2017 ISSUE",,,periodical,"Title 15, Section 3006(c)(15)(A) – lacks serious literary, artistic, political or scientific value"
"COSMOPOLITAN MAGAZINE, JUNE 2016 ISSUE",,,periodical,"Title 15, Section 3006(c)(15)(A) – lacks serious literary, artistic, political or scientific value"
"COSMOPOLITAN MAGAZINE, JUNE 2018 ISSUE",,,periodical,"Title 15, Section 3006(c)(15)(A) – lacks serious literary, artistic, political or scientific value"
"COSMOPOLITAN MAGAZINE, MARCH 2016 ISSUE",,,periodical,"Title 15, Section 3006(c)(15)(A) – lacks serious literary, artistic, political or scientific value"
"COSMOPOLITAN MAGAZINE, MAY 2017 ISSUE",,,periodical,"Title 15, Section 3006(c)(15)(A) – lacks serious literary, artistic, political or scientific value"
"COSMOPOLITAN MAGAZINE, MAY 2017 ISSUE",,,periodical,"Title 15, Section 3006(c)(15)(A) – lacks serious literary, artistic, political or scientific value"
"COSMOPOLITAN MAGAZINE, NOVEMBER 2016 ISSUE",,,periodical,"Title 15, Section 3006(c)(15)(A) – lacks serious literary, artistic, political or scientific value"
"COSMOPOLITAN MAGAZINE, NOVEMBER 2017 ISSUE",,,periodical,"Title 15, Section 3006(c)(15)(A) – lacks serious literary, artistic, political or scientific value"
"COSMOPOLITAN MAGAZINE, OCTOBER 2015 ISSUE",,,periodical,"Title 15, Section 3006(c)(15)(A) – lacks serious literary, artistic, political or scientific value"
"COSMOPOLITAN MAGAZINE, SEPTEMBER 2015 ISSUE",,,periodical,"Title 15, Section 3006(c)(15)(A) – lacks serious literary, artistic, political or scientific value"
"COSMOPOLITAN MAGAZINE, SEPTEMBER 2017 ISSUE",,,periodical,"Title 15, Section 3006(c)(15)(A) – lacks serious literary, artistic, political or scientific value"
COSMOPOLITAN MARCH 2019,,,,"Title 15, Section 3006(c)(15)(A) – lacks serious literary, artistic, political or scientific value"
"COSMOPOLITAN VOL. 266 NO. 3, MARCH 2019",,,,"Title 15, Section 3006(c)(17) – frontal nudity"
"COSMOPOLITAN, DECEMBER 2019- JANUARY 2020",,,,"Title 15, Section 3006(c)(15)(A) – lacks serious literary, artistic, political or scientific value"
"COSMOPOLITAN, MAY 2020",,,,"Title 15, Section 3006(c)(15)(A) – lacks serious literary, artistic, political or scientific value"
"COSMOPOLITAN, THE HOLY GRAIL ISSUE, VOLUME 271, NUMBER 3",,,periodical,"Title 15, Section 3006(c)(17) – frontal nudity"
COSMO’S GUIDE TO RED HOT SEX,Hearst Books,,,"Title 15, Section 3006(c)(17) – frontal nudity"
COUNT IT ALL JOY (2023),Denina Denard,,,"Title 15, Section 3006(c)(15)(C)(5) – conduct which is or appears to be forceful, threatening or violent"
"CRACK, RAP & MURDER",Seth Ferranti,,,"Title 15, Section 3006(c)(15)(C)(5) – conduct which is or appears to be forceful, threatening or violent"
"CRADLE OF FILTH, ISSUE 3A (2022)",Kurt Amacker,,periodical,"Title 15, Section 3006(c)(16) – sexually explicit images"
"CRADLE OF FILTH, ISSUE 4A (2022)",Dani Filth,,periodical,"Title 15, Section 3006(c)(16) – sexually explicit images"
"CRADLE OF FILTH, ISSUE 5A (2022)",Kurt Amacker,,periodical,"Title 15, Section 3006(c)(16) – sexually explicit images"
"CRADLE OF FILTH, MALEDICTUS ATHENAEUM, VOLUME 1 (2024)",Holly Interlandi,,periodical,"Title 15, Section 3006(c)(16) – sexually explicit images"
CRAFT DISTILLING,Victoria Redhead Miller,,,"Title 15, Section 3006(d) – presents a serious threat to facility security or the safety of incarcerated persons and staff"
CREATE A NEW IDENTITY,Sheldon Charrett,,,"Title 15, Section 3006(d) – presents a serious threat to facility security or the safety of incarcerated persons and staff"
CREATING A SELF PORTRAIT,Tom Coates,,,"Title 15, Section 3006(c)(17) – frontal nudity"
"CREED OF IRON, REVISED UPDATED EDITION",Ron McVan,,,"Title 15, Section 3006(c)(15)(A) – lacks serious literary, artistic, political or scientific value"
CRENSHAW & SLAUSON,Nyeem Mitchell,,,"Title 15, Section 3006(c)(15)(C)(5) – conduct which is or appears to be forceful, threatening or violent"
"CRESCENT CITY, HOUSE OF EARTH AND BLOOD (2021)",Sarah J. Maas,,,"Title 15, Section 3006(c)(15)(A) – lacks serious literary, artistic, political or scientific value"
"CRESCENT CITY, HOUSE OF FLAME AND SHADOW (2025)",Sarah J. Maas,,,"Title 15, Section 3006(c)(15)(A) – lacks serious literary, artistic, political or scientific value"
"CRESCENT CITY, HOUSE OF SKY AND BREATH (2023)",Sarah J. Maas,,,"Title 15, Section 3006(c)(15)(A) – lacks serious literary, artistic, political or scientific value"
CRITES’ COLORING BOOK,Tom Crites,,,"Title 15, Section 3006(c)(15)(A) – lacks serious literary, artistic, political or scientific value"
CROW: THIS IS MY LIFE,Jacob Perez,,,"Title 15, Section 3006(d) – presents a serious threat to facility security or the safety of incarcerated persons and staff"
"CROWDED HOUSE, THREESOME AND GROUP SEX EROTICA",Rachel Kramer Bussel,,,"Title 15, Section 3006(c)(15)(A) – lacks serious literary, artistic, political or scientific value"
"CRUISIN’ WITH THE HOUND, THE LIFE AND TIMES OF FRED TOOTE",Spain Rodriguez,,,"Title 15, Section 3006(c)(17) – frontal nudity"
CRYPTOGRAM-A-DAY BOOK,Sterling Publishing,,,"Title 15, Section 3006(d) – presents a serious threat to facility security or the safety of incarcerated persons and staff"
"CRYSTAL CLEAR EXPRESS IMAGES, BROCHURE A11-F20",,,,"Title 15, Section 3006(c)(15)(A) – lacks serious literary, artistic, political or scientific value"
"CRYSTAL CLEAR EXPRESS IMAGES, BROCHURE A1-F10",,,,"Title 15, Section 3006(c)(17) – frontal nudity"
"CRYSTAL CLEAR EXPRESS IMAGES, BROCHURE A21-F30",,,,"Title 15, Section 3006(c)(15)(A) – lacks serious literary, artistic, political or scientific value"
"CRYSTAL CLEAR EXPRESS IMAGES, SAMPLE CATALOG 1",,,,"Title 15, Section 3006(c)(17) – frontal nudity"
CUBA,Nathalie Bondil,,,"Title 15, Section 3006(c)(17) – frontal nudity"
CUBANA (2022),JaQuavis Coleman,,,"Title 15, Section 3006(c)(15)(A) – lacks serious literary, artistic, political or scientific value"
"CUJO, A NOVEL (2018)",Stephen King,,,"Title 15, Section 3006(c)(15)(B)(3) – conduct which is or appears to be forceful, threatening or violent"
CULO,Raphel Mazzucco,,,"Title 15, Section 3006(c)(17) – frontal nudity"
CULT OF BOYS,Toyin Ibidapo,,,"Title 15, Section 3006(c)(15)(A) – lacks serious literary, artistic, political or scientific value"
CULT OF DRACULA (2021),Rich Davis,,,"Title 15, Section 3006(c)(1) – violence or physical harm"
"CULTS, CONSPIRACIES, AND SECRET SOCIETIES (2009)",Arthur Goldwag,,,"Title 15, Section 3006(c)(19) – STG members or associates"
CULTURA TATTOO SKETCHBOOK,Tattoo Duke,,,"Title 15, Section 3006(c)(17) – frontal nudity"
CULTURE OF STONE,O. W. “Bud” Hampton,,,"Title 15, Section 3006(c)(15)(A) – lacks serious literary, artistic, political or scientific value"
CULTURE OF STONE,O. W. “Bud” Hampton,,,"Title 15, Section 3006(c)(15)(A) – lacks serious literary, artistic, political or scientific value"
CUM FOR ME,Cash,,,"Title 15, Section 3006(c)(15)(A) – lacks serious literary, artistic, political or scientific value"
"CUM FOR ME, NASTY AS CAN BE, VOL. 2",Cash,,,"Title 15, Section 3006(c)(15)(A) – lacks serious literary, artistic, political or scientific value"
"CUM FOR ME, SLIPPERY WHEN WET, VOL. 3",Cash,,,"Title 15, Section 3006(c)(15)(A) – lacks serious literary, artistic, political or scientific value"
"CUM FOR ME, SO HORNEY, VOLUME 4",Destiny Skai,,periodical,"Title 15, Section 3006(c)(15)(A) – lacks serious literary, artistic, political or scientific value"
"CUM FOR ME, TEASE ME, VOLUME 5",Destiny Skai,,periodical,"Title 15, Section 3006(c)(15)(A) – lacks serious literary, artistic, political or scientific value"
CURBFEELERS #5 WHITE GIRLS,,,,"Title 15, Section 3006(c)(15)(A) – lacks serious literary, artistic, political or scientific value"
"CURBFEELERS, 10TH EDITION CATALOG",,,,"Title 15, Section 3006(c)(17) – frontal nudity"
"CURBFEELERS, 2 LATINA GIRLS",,,,"Title 15, Section 3006(c)(15)(A) – lacks serious literary, artistic, political or scientific value"
"CURVE MAGAZINE, FEBRUARY-MARCH 2017 ISSUE",,,periodical,"Title 15, Section 3006(c)(15)(A) – lacks serious literary, artistic, political or scientific value"
"CURVE MAGAZINE, FEBRUARY-MARCH 2017 ISSUE",,,periodical,"Title 15, Section 3006(c)(15)(A) – lacks serious literary, artistic, political or scientific value"
"CURVE MAGAZINE, SEP/OCT 2015 ISSUE",,,periodical,"Title 15, Section 3006(c)(15)(A) – lacks serious literary, artistic, political or scientific value"
"CURVZ & BOOBS, VOLUME 1",,,periodical,"Title 15, Section 3006(c)(15)(A) – lacks serious literary, artistic, political or scientific value"
CUSTOM TATTOO 101,Tattoo Finder,,,"Title 15, Section 3006(d) – presents a serious threat to facility security or the safety of incarcerated persons and staff"
"CUTTHROAT MAFIA, MONEY BY THE BUNDLES",Ghost,,,"Title 15, Section 3006(c)(15)(A) – lacks serious literary, artistic, political or scientific value"
D CUP #58,,,,"Title 15, Section 3006(c)(16) – sexually explicit images"
D CUP MAGAZINE,,,periodical,"Title 15, Section 3006(c)(17) – frontal nudity"
"D CUP, ISSUE 34",,,periodical,"Title 15, Section 3006(c)(17) – frontal nudity"
D!RTY SPANISH WORKBOOK,Ulysses Press,,,"Title 15, Section 3006(c)(15)(A) – lacks serious literary, artistic, political or scientific value"
DADDY LONG STROKE,Cairo,,,"Title 15, Section 3006(c)(15)(A) – lacks serious literary, artistic, political or scientific value"
"DAMN, SHE’S BAD, VOL. 1",,,,"Title 15, Section 3006(c)(15)(A) – lacks serious literary, artistic, political or scientific value"
"DANCE IN THE VAMPIRE BUND, OMNIBUS 7",Nozomu Tamaki,,,"Title 15, Section 3006(c)(17) – frontal nudity"
DANGER GIRL SKETCHBOOK,J. Scott Campbell,,,"Title 15, Section 3006(c)(17) – frontal nudity"
DANGEROUS ATTRACTION,Robert Scott,,,"Title 15, Section 3006(c)(15)(C)(5) – conduct which is or appears to be forceful, threatening or violent"
DANGEROUS BOOK FOR IDIOTS,Chaz Nuffington-Twattt,,,"Title 15, Section 3006(c)(8) – a description of the making of any weapon, explosive, poison or destructive device"
DANGEROUS PLEASURE,Lora Leigh,,,"Title 15, Section 3006(c)(15)(A) – lacks serious literary, artistic, political or scientific value"
DARK CHALLENGE (2000),Christine Feehan,,,"Title 15, Section 3006(c)(1) – violence or physical harm"
DARK LABYRINTH,Luis Royo,,,"Title 15, Section 3006(c)(17) – frontal nudity"
DARK LOVER (2005),J.R. Ward,,,"Title 15, Section 3006(c)(15)(A) – lacks serious literary, artistic, political or scientific value"
DARK PSYCHOLOGY AND MANIPULATION (2019),Brandon Goleman,,,"Title 15, Section 3006(d) – presents a serious threat to facility security or the safety of incarcerated"
DARK PSYCHOLOGY AND MANIPULATION (2020),William Cooper,,,"Title 15, Section 3006(d) – presents a serious threat to facility security or the safety of incarcerated"
DARK PSYCHOLOGY AND MANIPULATION (2023),Oscar Walcher,,,"Title 15, Section 3006(d) – presents a serious threat to facility security or the safety of incarcerated"
DARK PSYCHOLOGY PLAYBOOK (2025),Jason Malone,,,"Title 15, Section 3006(d) – presents a serious threat to facility security or the safety of incarcerated"
"DARK PSYCHOLOGY, 6 BOOKS IN 1 (2020)",Benedict Goleman,,,"Title 15, Section 3006(d) – presents a serious threat to facility security or the safety of incarcerated"
DARK RISING: THE ART OF ALLY FELL,,,,"Title 15, Section 3006(c)(17) – frontal nudity"
"DAVE NESTLER’S BAD GIRL CLUB, DRAWN TO MISBEHAVE",Dave Nestler,,,"Title 15, Section 3006(c)(17) – frontal nudity"
DAVID CARTER CATALOG #1,,,,"Title 15, Section 3006(c)(15)(A) – lacks serious literary, artistic, political or scientific value"
DAVID CARTER CATALOG #4,,,,"Title 15, Section 3006(c)(15)(A) – lacks serious literary, artistic, political or scientific value"
"DAVID CARTER, CATALOG 3",,,,"Title 15, Section 3006(c)(17) – frontal nudity"
"DAVID CARTER, CATALOG 6",,,,"Title 15, Section 3006(c)(17) – frontal nudity"
"DAY OF THE DEAD TATTOO ARTWORK COLLECTON: SKULLS, CATRINAS AND CULTURE OF THE DEAD",Edgar Hoill,,,"Title 15, Section 3006(c)(17) – frontal nudity"
DAY WATCH (2007),Sergei Lukyanenko,,,"Title 15, Section 3006(c)(15)(A) – lacks serious literary, artistic, political or scientific value"
DAYS OF THE COUGAR,Taschen Publishing,,,"Title 15, Section 3006(c)(17) – frontal nudity"
"DC FINEST, BATMAN, THE KILLING JOKE AND OTHER STORIES (2025)",Alan Moore & Mike W. Barr,,,"Title 15, Section 3006(c)(1) – violence or physical harm"
"DCEASED, WAR OF THE UNDEAD GODS (2024)",Tom Taylor,,,"Title 15, Section 3006(c)(1) – violence or physical harm"
D-DAYS IN THE PACIFIC (2005),Donald L. Miller,,,"Title 15, Section 3006(c)(1) – violence or physical harm"
DEAD END (2011),Jason Myers,,,"Title 15, Section 3006(c)(15)(B)(3) – conduct which is or appears to be forceful, threatening or violent"
DEAD ICE (2016),Laurell K. Hamilton,,,"Title 15, Section 3006(c)(15)(A) – lacks serious literary, artistic, political or scientific value"
"DEAD KENNEDY’S, FRESH FRUIT FOR ROTTING VEGETABLES, THE EARLY YEARS (2014)",Alex Ogg,,,"Title 15, Section 3006(c)(19) – STG members or associates"
"DEAD REIGN, ZOMBIE ROLE-PLAYING GAME (2008)","Kevin Siembieda, Josh Hilden & Joshua Sanford (2008)",,,"Title 15, Section 3006(d) – presents a serious threat to facility security or the safety of incarcerated"
DEADLY REIGNS V (2013),Caleb Alexander,,,"Title 15, Section 3006(c)(1) – violence or physical harm"
DEADLY REIGNS VI (2017),Caleb Alexander,,,"Title 15, Section 3006(c)(15)(A) – lacks serious literary, artistic, political or scientific value"
DEADPOOL KILLS THE MARVEL UNIVERSE (2012),Cullen Bunn,,,"Title 15, Section 3006(c)(1) – violence or physical harm"
DEADPOOL KILLS THE MARVEL UNIVERSE AGAIN (2025),Cullen Bunn,,,"Title 15, Section 3006(c)(1) – violence or physical harm"
"DEADPOOL, BLACK, WHITE & RED",,,,"Title 15, Section 3006(c)(1) – violence or physical harm"
DEAL WITH THE DEVIL,Peter Lance,,,"Title 15, Section 3006(d) – presents a serious threat to facility security or the safety of incarcerated persons and staff"
"DEATH DEALER, VOLUME 1",,,periodical,"Title 15, Section 3006(c)(17) – frontal nudity"
"DEATH NOTE BLACK EDITION, VOL. 1 (2010)",Tsugumi Ohba,,,"Title 15, Section 3006(d) – presents a serious threat to facility security or the safety of incarcerated"
DEATH SCENES: A HOMICIDE DETECTIVE’S SCRAPBOOK,Katherine Dunn/E.r. Hamilton Bookseller,,,"Title 15, Section 3006(c)(17) – frontal nudity"
DEATH’S OBSESSION (2023),Avina St. Graves,,,"Title 15, Section 3006(c)(15)(A) – lacks serious literary, artistic, political or scientific value"
DECADENCE (2013),Eric Jerome Dickey,,,"Title 15, Section 3006(c)(15)(A) – lacks serious literary, artistic, political or scientific value"
DECADENT EROTICA (2023),Ruan Willow,,,"Title 15, Section 3006(c)(15)(A) – lacks serious literary, artistic, political or scientific value"
DECADES OF FASHION: 1900 TO THE PRESENT,H. F. Ullmann,,,"Title 15, Section 3006(c)(17) – frontal nudity"
"DECIBEL MAGAZINE, AUGUST 2016 ISSUE",,,periodical,"Title 15, Section 3006(c)(15)(A) – lacks serious literary, artistic, political or scientific value"
"DECIBEL MAGAZINE, AUGUST 2018 ISSUE, NUMBER 166",,,periodical,"Title 15, Section 3006(c)(15)(A) – lacks serious literary, artistic, political or scientific value"
"DECIBEL MAGAZINE, DECEMBER 2009 ISSUE",,,periodical,"Title 15, Section 3006(c)(15)(A) – lacks serious literary, artistic, political or scientific value"
"DECIBEL MAGAZINE, JANUARY 2016 ISSUE",,,periodical,"Title 15, Section 3006(c)(15)(A) – lacks serious literary, artistic, political or scientific value"
"DECIBEL MAGAZINE, JULY 2016 ISSUE",,,periodical,"Title 15, Section 3006(c)(15)(A) – lacks serious literary, artistic, political or scientific value"
"DECIBEL MAGAZINE, JUNE 2016 ISSUE",,,periodical,"Title 15, Section 3006(c)(17) – frontal nudity"
"DECIBEL MAGAZINE, JUNE 2017",,,periodical,"Title 15, Section 3006(c)(15)(A) – lacks serious literary, artistic, political or scientific value"
"DECIBEL MAGAZINE, MARCH 2016 ISSUE",,,periodical,"Title 15, Section 3006(d) – presents a serious threat to facility security or the safety of incarcerated persons and staff"
"DECIBEL MAGAZINE, SEPTERMBER 2016 ISSUE",,,periodical,"Title 15, Section 3006(c)(15)(A) – lacks serious literary, artistic, political or scientific value"
"DECIBEL MAGAZINE, THE NEUROSIS, OCTOBER 2016 ISSUE",,,periodical,"Title 15, Section 3006(c)(15)(A) – lacks serious literary, artistic, political or scientific value"
DEFENSE WITH A KNIFE,Florian Lahner,,,"Title 15, Section 3006(d) – presents a serious threat to facility security or the safety of incarcerated persons and staff"
"DEFINING EYE, WOMEN PHOTOGRAPHERS OF THE 20TH CENTURY SELECTIONS FROM THE HELEN KORNBLUM COLLECTION (1997)",Lucy Lippard,,,"Title 15, Section 3006(c)(16) – sexually explicit images"
DEITIES & DEMIGODS CYCLOPEDIA,James M. Ward/Robert J. Kuntz,,,"Title 15, Section 3006(c)(17) – frontal nudity"
DEJAH OF MARS,Mark Rahner and Je,,,"Title 15, Section 3006(c)(17) – frontal nudity"
DELAVIER’S MIXED MARTIAL ARTS ANATOMY,Frederic Delavier,,,"Title 15, Section 3006(d) – presents a serious threat to facility security or the safety of incarcerated persons and staff"
DEMON WITH BENEFITS (2025),Aurora Ascher,,,"Title 15, Section 3006(c)(15)(A) – lacks serious literary, artistic, political or scientific value"
"DEMONIZER ZILCH, VOL. 1",Milan Matra,,,"Title 15, Section 3006(c)(17) – frontal nudity"
"DER SPIEGEL MAGAZINE, JULY 2015, ISSUE #28",,,periodical,"Title 15, Section 3006(c)(15)(A) – lacks serious literary, artistic, political or scientific value"
DESIGN FOR HACKERS,David Kadavy,,,"Title 15, Section 3006(d) – presents a serious threat to facility security or the safety of incarcerated persons and staff"
"DESIRE PANDORA, VOLUME 1",Akira Hizuki,,periodical,"Title 15, Section 3006(c)(15)(A) – lacks serious literary, artistic, political or scientific value"
DESTINY LOVERS VOLUME 2 (2020,Kazutaka,,periodical,"Title 15, Section 3006(c)(15)(A) – lacks serious literary, artistic, political or scientific value"
"DESTROY ALL MONSTERS, A RECKLESS BOOK (2021)",Ed Brubaker,,,"Title 15, Section 3006(c)(16) – sexually explicit images"
"DEVILMAN GRIMAIRE G, VOLUME 2",Go Nagai,,periodical,"Title 15, Section 3006(c)(17) – frontal nudity"
"DEVILS, DEMONS, AND WITCHCRAFT",Ernst and Johanna Lehner,,,"Title 15, Section 3006(c)(17) – frontal nudity"
DIABLERIES: A TRIP TO THE UNDERWORLD,Candice Black,,,"Title 15, Section 3006(c)(17) – frontal nudity"
"DIAN XUE SHUE, SKILL OF ACTING ON ACUPOINTS",Jin Jing Zhong,,,"Title 15, Section 3006(d) – presents a serious threat to facility security or the safety of incarcerated persons and staff"
DIARY OF AN INNOCENT,Tony Duvert,,,"Title 15, Section 3006(c)(15)(C)(6) – conduct where one of the participants is a minor, or appears to be under 18 years old"
"DICE MAGAZINE, NEVER MIND THE CHOPPERS, IT’S DICE 77, ISSUE 77",,,periodical,"Title 15, Section 3006(c)(15)(A) – lacks serious literary, artistic, political or scientific value"
"DICE MAGAZINE, NEVER MIND THE CHOPPERS, IT’S DICE 77, ISSUE 77",,,periodical,"Title 15, Section 3006(c)(15)(A) – lacks serious literary, artistic, political or scientific value"
"DICE, NO. 67",,,,"Title 15, Section 3006(c)(17) – frontal nudity"
"DICE, NO. 98",,,,"Title 15, Section 3006(c)(17) – frontal nudity"
DICK FIGHT ISLAND 2 (2022),Reibun Ike,,,"Title 15, Section 3006(c)(16) – sexually explicit images"
DIGNITY,Dana Glickstein,,,"Title 15, Section 3006(c)(17) – frontal nudity"
"DIME PIECE MAGAZINE, NUMBER 5",,,periodical,"Title 15, Section 3006(c)(15)(A) – lacks serious literary, artistic, political or scientific value"
"DIME PIECE MAGAZINE, NUMBER 5",,,periodical,"Title 15, Section 3006(c)(15)(A) – lacks serious literary, artistic, political or scientific value"
"DIPSEXXX, ISSUE 1",,,periodical,"Title 15, Section 3006(c)(17) – frontal nudity"
DIRTY PAIR,Haruka Takachiho,,,"Title 15, Section 3006(c)(17) – frontal nudity"
"DIRTY RED, A NOVEL (2007)",Vickie M. Stringer,,,"Title 15, Section 3006(c)(15)(A) – lacks serious literary, artistic, political or scientific value"
"DIRTY WHITE BOYS, A NOVEL (1995)",Stephen Hunter,,,"Title 15, Section 3006(c)(1) – violence or physical harm"
"DISCO WITCHES OF FIRE ISLAND, A NOVEL (2025)",Blair Fell,,,"Title 15, Section 3006(c)(15)(A) – lacks serious literary, artistic, political or scientific value"
DISCO’S OUT….MURDER’S IN,Heath Mattioli and David Spacone,,,"Title 15, Section 3006(c)(15)(A) – lacks serious literary, artistic, political or scientific value"
"DISCOVER MAGAZINE, OCTOBER 2015 ISSUE, VOLUME 36, NO. 8",,,periodical,"Title 15, Section 3006(c)(15)(A) – lacks serious literary, artistic, political or scientific value"
"DIVINE RAIMENT MAGICAL GIRL, HOWLING MOON 2",Kenji Saito,,,"Title 15, Section 3006(c)(17) – frontal nudity"
"DIVINE RAIMENT MAGICAL GIRL: HOWLING MOON, NUMBER 1",Kenji Saito,,,"Title 15, Section 3006(c)(17) – frontal nudity"
DIY FOR PRISONERS (2019),Tanner George Cummings,,,"Title 15, Section 3006(d) – presents a serious threat to facility security or the safety of incarcerated persons and staff"
"DO NOT DISTRUB, HOTEL SEX STORIES (2009)",Rachel Kramer Bussel,,,"Title 15, Section 3006(c)(15)(A) – lacks serious literary, artistic, political or scientific value"
"DO YOU LIKE BIG GIRLS, VOLUME 1",Goro Aizome,,periodical,"Title 15, Section 3006(c)(17) – frontal nudity"
"DO YOU LIKE BIG GIRLS, VOLUME 8 (2023)",Goro Aizome,,periodical,"Title 15, Section 3006(c)(17) – frontal nudity"
"DO YOU LIKE BIG GIRLS?, VOLUME 2",Goro Aizome,,periodical,"Title 15, Section 3006(c)(17) – frontal nudity"
DOA MAGAZINE ISSUE #2,,,periodical,"Title 15, Section 3006(c)(17) – frontal nudity"
"DOLL CAMEL TOE F, E,D",,,,"Title 15, Section 3006(c)(15)(A) – lacks serious literary, artistic, political or scientific value"
"DOLL CATALOG, AUGUST 2018",,,,"Title 15, Section 3006(c)(15)(A) – lacks serious literary, artistic, political or scientific value"
"DOLL PAGE NUDES,ANGELINA, VERONICA, EBONY",,,,"Title 15, Section 3006(c)(15)(A) – lacks serious literary, artistic, political or scientific value"
DOLL TEXAS TWINS,,,,"Title 15, Section 3006(c)(15)(A) – lacks serious literary, artistic, political or scientific value"
DOLL TEXAS TWINS VS. MILTON TWINS,,,,"Title 15, Section 3006(c)(15)(A) – lacks serious literary, artistic, political or scientific value"
DOLL THICC STACI,,,,"Title 15, Section 3006(c)(15)(A) – lacks serious literary, artistic, political or scientific value"
"DOLL, ABELLA DANGER",,,,"Title 15, Section 3006(c)(17) – frontal nudity"
"DOLL, ABELLA DANGER, ELSA JEAN, LUST 4 LEXI A, VALENTINA NAPPI A AND ABELLA DANGER",,,,"Title 15, Section 3006(c)(17) – frontal nudity"
"DOLL, ADRIAN MAYA",,,,"Title 15, Section 3006(c)(17) – frontal nudity"
"DOLL, ALEXIS TEXAS",,,,"Title 15, Section 3006(c)(17) – frontal nudity"
"DOLL, ALINA LOPEZ",,,,"Title 15, Section 3006(c)(17) – frontal nudity"
"DOLL, ALINA WEST A",,,,"Title 15, Section 3006(c)(17) – frontal nudity"
"DOLL, ALINA WEST B",,,,"Title 15, Section 3006(c)(17) – frontal nudity"
"DOLL, ALSION TYLER A, B, C AND D",,,,"Title 15, Section 3006(c)(17) – frontal nudity"
"DOLL, AMAI LIU, AUGUSTA AMES B, EMMA BAILEY, GIRL SPANK C",,,,"Title 15, Section 3006(c)(17) – frontal nudity"
"DOLL, ANA CARLENE",,,,"Title 15, Section 3006(c)(17) – frontal nudity"
"DOLL, ASIA A",,,,"Title 15, Section 3006(c)(17) – frontal nudity"
"DOLL, ASIA B",,,,"Title 15, Section 3006(c)(17) – frontal nudity"
"DOLL, AURORA JOLIE",,,,"Title 15, Section 3006(c)(17) – frontal nudity"
"DOLL, BABES A",,,,"Title 15, Section 3006(c)(17) – frontal nudity"
"DOLL, BABES B",,,,"Title 15, Section 3006(c)(17) – frontal nudity"
"DOLL, BIG NATURALS",,,,"Title 15, Section 3006(c)(17) – frontal nudity"
"DOLL, BLACKED",,,,"Title 15, Section 3006(c)(17) – frontal nudity"
"DOLL, BLACKED RAW",,,,"Title 15, Section 3006(c)(15)(A) – lacks serious literary, artistic, political or scientific value"
"DOLL, BONNIE ROTTEN, HITOMI TANAKA, KATSUNI 8, KATSUNI C, SARA JAY AND AUNT JUDY’S A",,,,"Title 15, Section 3006(c)(17) – frontal nudity"
"DOLL, BRITTANYA A",,,,"Title 15, Section 3006(c)(17) – frontal nudity"
"DOLL, BRITTANYA B",,,,"Title 15, Section 3006(c)(17) – frontal nudity"
"DOLL, CAROLINA SWEETS A",,,,"Title 15, Section 3006(c)(17) – frontal nudity"
"DOLL, CAROLINA SWEETS B",,,,"Title 15, Section 3006(c)(17) – frontal nudity"
"DOLL, CASSIDY BANKS, NADIA ALI, LAYLA MONROE, KIARA MIA B, JOLIE STARR AND JENNA FOXX A",,,,"Title 15, Section 3006(c)(17) – frontal nudity"
"DOLL, CELEBRITIEWS LEAKED 1",,,,"Title 15, Section 3006(c)(15)(A) – lacks serious literary, artistic, political or scientific value"
"DOLL, CELEBRITY LEAKED 1",,,,"Title 15, Section 3006(c)(17) – frontal nudity"
"DOLL, CELEBRITY LEAKED 2, ASIAN IDOLS A AND ASIAN IDOLS B",,,,"Title 15, Section 3006(c)(17) – frontal nudity"
"DOLL, CELEBRITY SEXTAPES",,,,"Title 15, Section 3006(c)(17) – frontal nudity"
"DOLL, CHEROKEE D",,,,"Title 15, Section 3006(c)(17) – frontal nudity"
"DOLL, CHOUZUKI MARYOU A, JESSICA BANGKOK A, MIKA TAN, MEGAN QT D, MEGAN QT C, MEGAN QT B AND JOLIE STARR",,,,"Title 15, Section 3006(c)(17) – frontal nudity"
"DOLL, CHRISTY MACK",,,,"Title 15, Section 3006(c)(17) – frontal nudity"
"DOLL, DENISE GOMEZ",,,,"Title 15, Section 3006(c)(17) – frontal nudity"
"DOLL, DON’T BREAK ME",,,,"Title 15, Section 3006(c)(17) – frontal nudity"
"DOLL, EBONY A",,,,"Title 15, Section 3006(c)(17) – frontal nudity"
"DOLL, EBONY B",,,,"Title 15, Section 3006(c)(17) – frontal nudity"
"DOLL, EVA LOVIA",,,,"Title 15, Section 3006(c)(17) – frontal nudity"
"DOLL, EXOTIC 4K",,,,"Title 15, Section 3006(c)(17) – frontal nudity"
"DOLL, FAYE REOGAN, JYNX MAZE, PRIYA RAI, LONI LEGENDS A, LONIE LEGENDS C, AND CHRISTY MACK",,,,"Title 15, Section 3006(c)(17) – frontal nudity"
"DOLL, FUKYOUINKMEE 1",,,,"Title 15, Section 3006(c)(17) – frontal nudity"
"DOLL, GOGO FUK ME",,,,"Title 15, Section 3006(c)(17) – frontal nudity"
"DOLL, HANNAH HAYS B",,,,"Title 15, Section 3006(c)(17) – frontal nudity"
"DOLL, HITOMI TANAKA",,,,"Title 15, Section 3006(c)(17) – frontal nudity"
"DOLL, HOTSHOT HOOKUP A",,,,"Title 15, Section 3006(c)(17) – frontal nudity"
"DOLL, INDIAN A",,,,"Title 15, Section 3006(c)(17) – frontal nudity"
"DOLL, INDIAN B",,,,"Title 15, Section 3006(c)(17) – frontal nudity"
"DOLL, JESSICA BANGKOK B",,,,"Title 15, Section 3006(c)(17) – frontal nudity"
"DOLL, JYNX MAZE",,,,"Title 15, Section 3006(c)(17) – frontal nudity"
"DOLL, KENDRA LUST D, KYLIE QUINN B AND REDHEAD B",,,,"Title 15, Section 3006(c)(17) – frontal nudity"
"DOLL, KIARA MIA A",,,,"Title 15, Section 3006(c)(17) – frontal nudity"
"DOLL, KYLIE PAGE",,,,"Title 15, Section 3006(c)(17) – frontal nudity"
"DOLL, KYLIE QUINN A",,,,"Title 15, Section 3006(c)(17) – frontal nudity"
"DOLL, LACEY DUVALLE",,,,"Title 15, Section 3006(c)(17) – frontal nudity"
"DOLL, LATINA A",,,,"Title 15, Section 3006(c)(17) – frontal nudity"
"DOLL, LATINA B",,,,"Title 15, Section 3006(c)(17) – frontal nudity"
"DOLL, LAYLA MONROE",,,,"Title 15, Section 3006(c)(17) – frontal nudity"
"DOLL, LILY ADAMS A",,,,"Title 15, Section 3006(c)(17) – frontal nudity"
"DOLL, LILY ADAMS B",,,,"Title 15, Section 3006(c)(17) – frontal nudity"
"DOLL, LUCY DOLL A AND B",,,,"Title 15, Section 3006(c)(17) – frontal nudity"
"DOLL, LUCY DOLL C",,,,"Title 15, Section 3006(c)(17) – frontal nudity"
"DOLL, LUNA STAR B",,,,"Title 15, Section 3006(c)(17) – frontal nudity"
"DOLL, LUNA STAR C",,,,"Title 15, Section 3006(c)(17) – frontal nudity"
"DOLL, MASERATI",,,,"Title 15, Section 3006(c)(17) – frontal nudity"
"DOLL, MEGAN SALINAS",,,,"Title 15, Section 3006(c)(17) – frontal nudity"
"DOLL, MELISSA MAY",,,,"Title 15, Section 3006(c)(17) – frontal nudity"
"DOLL, MIKE IN BRAZIL",,,,"Title 15, Section 3006(c)(17) – frontal nudity"
"DOLL, MIKE IN BRAZIL C",,,,"Title 15, Section 3006(c)(17) – frontal nudity"
"DOLL, MORGAN LEE B AND NADIA ALI",,,,"Title 15, Section 3006(c)(17) – frontal nudity"
"DOLL, NYOMI BANXXX",,,,"Title 15, Section 3006(c)(17) – frontal nudity"
"DOLL, PRIYA PRICE",,,,"Title 15, Section 3006(c)(17) – frontal nudity"
"DOLL, REDHEAD A",,,,"Title 15, Section 3006(c)(17) – frontal nudity"
"DOLL, REMY LACROIX",,,,"Title 15, Section 3006(c)(17) – frontal nudity"
"DOLL, ROSE MONROE B",,,,"Title 15, Section 3006(c)(17) – frontal nudity"
"DOLL, SADIE POP A",,,,"Title 15, Section 3006(c)(17) – frontal nudity"
"DOLL, SADIE POP B",,,,"Title 15, Section 3006(c)(17) – frontal nudity"
"DOLL, SARA JAY",,,,"Title 15, Section 3006(c)(17) – frontal nudity"
"DOLL, SEXY MIA KHALIFA",,,,"Title 15, Section 3006(c)(15)(A) – lacks serious literary, artistic, political or scientific value"
"DOLL, SG GIRLS A",,,,"Title 15, Section 3006(c)(17) – frontal nudity"
"DOLL, SHA RIZEL",,,,"Title 15, Section 3006(c)(17) – frontal nudity"
"DOLL, SHARE MY BF",,,,"Title 15, Section 3006(c)(17) – frontal nudity"
"DOLL, SINNAMON LOVE",,,,"Title 15, Section 3006(c)(17) – frontal nudity"
"DOLL, SKYY BLACK",,,,"Title 15, Section 3006(c)(17) – frontal nudity"
"DOLL, STRETCHED OUT SNATCH",,,,"Title 15, Section 3006(c)(15)(A) – lacks serious literary, artistic, political or scientific value"
"DOLL, SWALLOWED",,,,"Title 15, Section 3006(c)(15)(A) – lacks serious literary, artistic, political or scientific value"
"DOLL, SWAP A",,,,"Title 15, Section 3006(c)(15)(A) – lacks serious literary, artistic, political or scientific value"
"DOLL, SWAP B",,,,"Title 15, Section 3006(c)(15)(A) – lacks serious literary, artistic, political or scientific value"
"DOLL, TEENS CURVES A, B, C AND ONLY TEENS BLOWJOB A AND B",,,,"Title 15, Section 3006(c)(15)(A) – lacks serious literary, artistic, political or scientific value"
"DOLL, THE SEXY PATTYCAKE RISQUE",,,,"Title 15, Section 3006(c)(15)(A) – lacks serious literary, artistic, political or scientific value"
"DOLL, VALENTINA NAPPI B",,,,"Title 15, Section 3006(c)(15)(A) – lacks serious literary, artistic, political or scientific value"
"DOLL, YHIVI A AND KENDRA SPADE B",,,,"Title 15, Section 3006(c)(17) – frontal nudity"
"DOLL, YHIVI B",,,,"Title 15, Section 3006(c)(17) – frontal nudity"
"DOLL, ZOE DOLL & NOE MILK",,,,"Title 15, Section 3006(c)(15)(A) – lacks serious literary, artistic, political or scientific value"
"DOLL: AALIYAH HADID, AELLA DANGER EXTRAS A, B, C AND D",,,,"Title 15, Section 3006(c)(15)(A) – lacks serious literary, artistic, political or scientific value"
"DOLL: ASSES IN PUBLIC, TEEN KASIA, KATES PLAYGROUND A, B, AND C, BRITTYANA SELFIES C, D, AND F",,,,"Title 15, Section 3006(c)(15)(A) – lacks serious literary, artistic, political or scientific value"
"DOLL: BOOBS AND BUTTS XL M & N, ASSES IN PUBLIC, YURIZAN BELTRAN, MEGAN RAIN",,,,"Title 15, Section 3006(c)(15)(A) – lacks serious literary, artistic, political or scientific value"
"DOLL: KAKEY, NOE MILK, 40 OZ A & B, THIC STACI, PINKY, AND BUNZ4EVER",,,,"Title 15, Section 3006(c)(15)(A) – lacks serious literary, artistic, political or scientific value"
"DOM”S GUIDE TO BDSM, VOL. 1",Matthew Larocco,,,"Title 15, Section 3006(c)(1) – violence or physical harm"
DOME,Luis Royo,,,"Title 15, Section 3006(c)(17) – frontal nudity"
DOMINION OVER MAN (2017),Barbara Daniels,,,"Title 15, Section 3006(c)(17) – frontal nudity"
"DON DIVA MAGAZINE, ISSUE 22",,,periodical,"Title 15, Section 3006(c)(19) – STG members or associates"
"DON DIVA MAGAZINE, ISSUE 26",,,periodical,"Title 15, Section 3006(c)(19) – STG members or associates"
"DON DIVA MAGAZINE, ISSUE NUMBER 28, 2007",,,periodical,"Title 15, Section 3006(c)(15)(A) – lacks serious literary, artistic, political or scientific value"
"DON DIVA MAGAZINE, ISSUE NUMBER 28, 2007",,,periodical,"Title 15, Section 3006(c)(15)(A) – lacks serious literary, artistic, political or scientific value"
"DON DIVA MAGAZINE, NOVEMBER 2017 ISSUE 61",,,periodical,"Title 15, Section 3006(d) – presents a serious threat to facility security or the safety of incarcerated persons and staff"
"DON DIVA MAGAZINE, VOLUME 19, ISSUE NUMBER 54",,,periodical,"Title 15, Section 3006(c)(15)(A) – lacks serious literary, artistic, political or scientific value"
"DON DIVA MAGAZINE, VOLUME 4, ISSUE 16",,,periodical,"Title 15, Section 3006(c)(8) – a description of the making of any weapon, explosive, poison or destructive device"
"DON DIVA UPSCALE, MAY 2003",,,,"Title 15, Section 3006(c)(15)(A) – lacks serious literary, artistic, political or scientific value"
"DON DIVA, COLLECTION, SPORTS, LUXURY AND CLASSIC CARS, ISSUE 26, 2006",,,periodical,"Title 15, Section 3006(c)(5) – plans to disrupt the order, or breach the security, of any facility"
DON’T BE CRUEL 3 & 4,Yonezou Nekota,,,"Title 15, Section 3006(c)(15)(A) – lacks serious literary, artistic, political or scientific value"
"DON’T TOY WITH ME, MISS NAGATORO 1",Nanashi,,,"Title 15, Section 3006(c)(15)(A) – lacks serious literary, artistic, political or scientific value"
DON’T TRY THIS AT HOME (2004),Dave Navarro & Neil Strauss,,,"Title 15, Section 3006(c)(17) – frontal nudity"
"DOROHEDORA, VOLUME 1",Q Hayashida,,periodical,"Title 15, Section 3006(c)(15)(C)(5) – conduct which is or appears to be forceful, threatening or violent"
"DOROHEDORA, VOLUME 2",Q Hayashida,,periodical,"Title 15, Section 3006(c)(15)(C)(5) – conduct which is or appears to be forceful, threatening or violent"
"DOROHEDORA, VOLUME 3",Q Hayashida,,periodical,"Title 15, Section 3006(c)(15)(C)(5) – conduct which is or appears to be forceful, threatening or violent"
"DOROHEDORA, VOLUME 4",Q Hayashida,,periodical,"Title 15, Section 3006(c)(15)(C)(5) – conduct which is or appears to be forceful, threatening or violent"
"DOROHEDORA, VOLUME 5",Q Hayashida,,periodical,"Title 15, Section 3006(c)(15)(C)(5) – conduct which is or appears to be forceful, threatening or violent"
DOUBLE CROSS,Sam and Chuck Giancana,,,"Title 15, Section 3006(c)(15)(C)(5) – conduct which is or appears to be forceful, threatening or violent"
"DOWN THERE, SEXUAL AND REPRODUCTIVE HEALTH (2011)",Susun S. Weed,,,"Title 15, Section 3006(c)(15)(A) – lacks serious literary, artistic, political or scientific value"
DRACULINA MAGAZINE,,,periodical,"Title 15, Section 3006(c)(17) – frontal nudity"
DRAGON OF THE TWO FLAMES,Michael W. Ford,,,"Title 15, Section 3006(c)(17) – frontal nudity"
DRAGONS RIOTING 05 (2016),Tsuyoshi Watanabe,,,"Title 15, Section 3006(c)(16) – sexually explicit images"
DRAKAINA MASTERS,Drakaina,,,"Title 15, Section 3006(c)(15)(A) – lacks serious literary, artistic, political or scientific value"
DRAMA (2025),Ivan Goodlow,,,"Title 15, Section 3006(c)(15)(A) – lacks serious literary, artistic, political or scientific value"
DRAWING & ILLUSTRATION MAGAZINE,John Moranz,,periodical,"Title 15, Section 3006(c)(17) – frontal nudity"
"DRAWING ANATOMY, A PRACTICAL COURSE FOR ARTISTS",Barrington Barber,,,"Title 15, Section 3006(c)(17) – frontal nudity"
DRAWING BEAUTIFUL WOMEN,Frank Cho,,,"Title 15, Section 3006(c)(17) – frontal nudity"
"DRAWING FROM WITHIN, UNLEASHING YOUR CREATIVE POTENTIAL",Nick Meglin and Diane Meglin,,,"Title 15, Section 3006(c)(15)(C)(4) – conduct which appears to be non-consensual behavior"
DRAWING FROM YOUR IMAGINATION,Ron Tiner,,,"Title 15, Section 3006(c)(17) – frontal nudity"
DRAWING HEAD AND FIGURE,Jack Hamm,,,"Title 15, Section 3006(c)(17) – frontal nudity"
DRAWING MADE EASY,Barrington Barber,,,"Title 15, Section 3006(c)(15)(B)(3) – depicts nudity of a minor"
"DRAWING MAGAINE, SUMMER 2016 ISSUE",,,periodical,"Title 15, Section 3006(c)(15)(A) – lacks serious literary, artistic, political or scientific value"
"DRAWING MAGAZINE, FALL 2015 ISSUE",,,periodical,"Title 15, Section 3006(c)(15)(A) – lacks serious literary, artistic, political or scientific value"
"DRAWING MAGAZINE, FALL 2016 ISSUE",,,periodical,"Title 15, Section 3006(c)(17) – frontal nudity"
"DRAWING MAGAZINE, SPRING 2016",,,periodical,"Title 15, Section 3006(c)(15)(A) – lacks serious literary, artistic, political or scientific value"
"DRAWING MAGAZINE, SPRING 2017 ISSUE",,,periodical,"Title 15, Section 3006(c)(15)(A) – lacks serious literary, artistic, political or scientific value"
"DRAWING MAGAZINE, WINTER 2017 ISSUE",,,periodical,"Title 15, Section 3006(c)(15)(A) – lacks serious literary, artistic, political or scientific value"
DRAWING THE FEMALE FIGURE,Joseph Sheppard,,,"Title 15, Section 3006(c)(15)(B)(3) – depicts nudity of a minor"
DRAWING THE FEMALE FIGURE,Hikaru Hayashi,,,"Title 15, Section 3006(c)(15)(B)(3) – depicts nudity of a minor"
DRAWING THE FEMALE NUDE,,,,"Title 15, Section 3006(c)(17) – frontal nudity"
DRAWING THE HUMAN FORM (1997),William A. Berry,,,"Title 15, Section 3006(c)(17) – frontal nudity"
DRAWING THE LIVING FIGURE,Joseph Sheppart,,,"Title 15, Section 3006(c)(17) – frontal nudity"
"DRAWING, A COMPLETE GUIDE (2010)",Giovanni Civardi,,,"Title 15, Section 3006(c)(16) – sexually explicit images"
DREAM SPECTRES,Jack Hunter,,,"Title 15, Section 3006(c)(17) – frontal nudity"
DREAMLAND: BORIS VALLEJO AND JULIE BELL :,Boris Vallejo & Julie Bell,,,"Title 15, Section 3006(c)(17) – frontal nudity"
DREAMS,Luis Royo,,,"Title 15, Section 3006(c)(17) – frontal nudity"
"DREAMS, THE ART OF BORIS VALLEJO",,,,"Title 15, Section 3006(c)(17) – frontal nudity"
DRINK THE HARVEST,Nan Chase,,,"Title 15, Section 3006(d) – presents a serious threat to facility security or the safety of incarcerated persons and staff"
DRONES (2015),Chris Lewis,,,"Title 15, Section 3006(c)(15)(A) – lacks serious literary, artistic, political or scientific value"
"DRUG LORD, A TRUE STORY, THE LIFE AND DEATH OF A MEXICAN KINGPIN (2010)",Terrence E. Poppa,,,"Title 15, Section 3006(c)(19) – STG members or associates"
DRUGS LORDS OF OAKLAND,Titus Lee Barnes,,,"Title 15, Section 3006(c)(15)(C)(5) – conduct which is or appears to be forceful, threatening or violent"
DUFFLE BAG CARTEL,Ghost,,,"Title 15, Section 3006(c)(15)(C)(5) – conduct which is or appears to be forceful, threatening or violent"
DUFFLE BAG CARTEL,Ghost,,,"Title 15, Section 3006(c)(15)(A) – lacks serious literary, artistic, political or scientific value"
DUFFLE BAG CARTEL 2,Ghost,,,"Title 15, Section 3006(c)(15)(A) – lacks serious literary, artistic, political or scientific value"
DUFFLE BAG CARTEL 3,Ghost,,,"Title 15, Section 3006(c)(15)(A) – lacks serious literary, artistic, political or scientific value"
"DULCE LATINA, VOL 5",,,,"Title 15, Section 3006(c)(17) – frontal nudity"
DUNGEONS & DRAGONS PLAYER’S HANDBOOK (2024),,,,"Title 15, Section 3006(d) – presents a serious threat to facility security or the safety of incarcerated"
"DUNGEONS & DRAGONS, 2014 PLAYER’S HANDBOOK (2018)",,,,"Title 15, Section 3006(d) – presents a serious threat to facility security or the safety of incarcerated"
"DUNGEONS & DRAGONS, ARMS AND EQUIPMENT GUIDE (2003)",Eric Cagle,,,"Title 15, Section 3006(d) – presents a serious threat to facility security or the safety of incarcerated"
"DUNGEONS & DRAGONS, DUNEGON MASTERS GUIDE",,,,"Title 15, Section 3006(d) – presents a serious threat to facility incarcerated"
"DUNGEONS & DRAGONS, FORGOTTEN REALMS, ADVENTURES IN FAERUN (2025)",,,,"Title 15, Section 3006(d) – presents a serious threat to facility security or the safety of incarcerated"
"DUNGEONS & DRAGONS, FORGOTTEN REALMS, HEROES OF FAERUN (2025)",Various Authors,,,"Title 15, Section 3006(d) – presents a serious threat to facility security or the safety of incarcerated"
"DUNGEONS & DRAGONS, MONSTER MANUAL (2020)",,,,"Title 15, Section 3006(d) – presents a serious threat to facility security or the safety of incarcerated"
"DUNGEONS AND DRAGONS, DUNGEON MAPS FOR GAME MASTERS, VOLUME 1 (2022)",Yassine Talhi,,periodical,"Title 15, Section 3006(d) – presents a serious threat to facility security or the safety of incarcerated"
DVD WORLD MAGAZINE,,,periodical,"Title 15, Section 3006(c)(17) – frontal nudity"
DYING FOR REVENGE (2009),Eric Jerome Dickey,,,"Title 15, Section 3006(c)(1) – violence or physical harm"
DYING FOR THE TRUTH: UNDERCOVER INSIDE THE MEXICAN DRUG WAR,BLOG from the Fugitive Reporters /Del Narco,,,"Title 15, Section 3006(c)(17) – frontal nudity"
DYNAMIC ANATOMY,Burne Hogarth,,,"Title 15, Section 3006(c)(17) – frontal nudity"
DYNAMIC FIGURE DRAWING,Burne Hogarth,,,"Title 15, Section 3006(c)(17) – frontal nudity"
EAGER BEAVERS MAGAZINE,,,periodical,"Title 15, Section 3006(c)(17) – frontal nudity"
EARN CASH FROM SPORTS WAGERING,,,,"Title 15, Section 3006(c)(13) – contains or concerns any gambling or a lottery"
"EARTH FIRST MAGAZINE, WINTER 2017",,,periodical,"Title 15, Section 3006(d) – presents a serious threat to facility security or the safety of incarcerated persons and staff"
"EARTH FIRST, MABON- FALL 2018",,,,"Title 15, Section 3006(d) – presents a serious threat to facility security or the safety of incarcerated persons and staff"
"EARTH FIRST, THE JOURNAL OF ECOLOGICAL RESISTANCE, FALL 2021, VOLUME 40, NUMBER 2",,,periodical,"Title 15, Section 3006(d) – presents a serious threat to facility security or the safety of incarcerated persons and staff"
"EAST OF WEST, THE END TIMES COMPENDIUM (2025)",Jonathan Hickman,,,"Title 15, Section 3006(c)(16) – sexually explicit images"
"EAST SIDE STORIES, GANG LIFE IN EAST LA",Ruben Martinezand Luis Rodriguez,,,"Title 15, Section 3006(d) – presents a serious threat to facility security or the safety of incarcerated persons and staff"
EASY RIDERS MAGAZINE,,,periodical,"Title 15, Section 3006(c)(17) – frontal nudity"
"EASYRIDERS MAGAZINE, AUGUST 2019, ISSUE #553",,,periodical,"Title 15, Section 3006(c)(16) – sexually explicit images"
"EASYRIDERS MAGAZINE, JULY 2016, ISSUE 517",,,periodical,"Title 15, Section 3006(c)(17) – frontal nudity"
"EASYRIDERS MAGAZINE, JULY 2018, ISSUE #540",,,periodical,"Title 15, Section 3006(c)(16) – sexually explicit images"
"EASYRIDERS MAGAZINE, JUNE 2014, ISSUE 492",,,periodical,"Title 15, Section 3006(c)(16) – sexually explicit images"
"EASYRIDERS MAGAZINE, JUNE 2016, ISSUE 516",,,periodical,"Title 15, Section 3006(c)(17) – frontal nudity"
"EASYRIDERS MAGAZINE, JUNE 2018, ISSUE 539",,,periodical,"Title 15, Section 3006(c)(17) – frontal nudity"
"EASYRIDERS, ISSUE 385, JULY 2005",,,periodical,"Title 15, Section 3006(c)(16) – sexually explicit images"
"EAT HER RIGHT, A SHORT MODERN GUIDE TO GETTING HER OFF (2014)",Brett Blair,,,"Title 15, Section 3006(c)(15)(A) – lacks serious literary, artistic, political or scientific value"
"ED ROSENTHAL’S, MARIJUANA GROWER’S BIBLE",Ed Rosenthal,,,"Title 15, Section 3006(d) – presents a serious threat to facility security or the safety of incarcerated persons and staff"
"EDEN PRESS 2020, EDITION 2021",,,,"Title 15, Section 3006(c)(6) – plans for activities which violate the law, these regulations, or local procedures"
"EDEN PRESS, PRIVACY CATALOG, 2021-2022",,,,"Title 15, Section 3006(c)(15)(A) – lacks serious literary, artistic, political or scientific value"
"EDMUND KEMPER, THE TRUE STORY OF A BRUTAL AMERICAN SERIAL KILLER",Roger Harrington,,,"Title 15, Section 3006(c)(15)(C)(5) – conduct which is or appears to be forceful, threatening or violent"
"EDMUND KEMPER, THE TRUE STORY OF THE CO-ED KILLER, VOLUME 2",Jack Rosewood,,periodical,"Title 15, Section 3006(c)(15)(C)(5) – conduct which is or appears to be forceful, threatening or violent"
"EGYPTIAN YOGA, THE PHILOSOPHY OF ENLIGHTENMENT, VOLUME 1",Muata Ashby,,periodical,"Title 15, Section 3006(c)(15)(A) – lacks serious literary, artistic, political or scientific value"
"EL CHAPO, THE STORY OF THE WORLD’S MOST NOTORIOUS DRUG LORD (2021)",Terry Burrows,,,"Title 15, Section 3006(c)(19) – STG members or associates"
"EL KAMASUTRA, ILLUSTRADO",Raquel Navarro,,,"Title 15, Section 3006(c)(17) – frontal nudity"
"EL NARCO, INSIDE MEXICO’S CRIMINAL INSURGENCY",Ioan Grillo,,,"Title 15, Section 3006(c)(15)(C)(5) – conduct which is or appears to be forceful, threatening or violent"
"EL NARCO, INSIDE MEXICO’S CRIMINAL INSURGENCY (2025)",Ioan Grillo,,,"Title 15, Section 3006(c)(19) – STG members or associates"
EL SALVADOR,Larry Towell,,,"Title 15, Section 3006(c)(17) – frontal nudity"
"EL TRAIDOR, EL DIARIO SECRETO DEL HIJO DEL MAYO",Anabel Hernandez,,,"Title 15, Section 3006(c)(19) – STG members or associates"
"ELECTRIC IDOL, A DELICIOUSLY FORBIDDEN MODERN RETELLING OF PSYCHE AND EROS (2022)",Katee Robert,,,"Title 15, Section 3006(c)(15)(A) – lacks serious literary, artistic, political or scientific value"
ELECTRICIANS POCKET MANUAL: SECOND EDITION,Rex Miller,,,"Title 15, Section 3006(d) – presents a serious threat to facility security or the safety of incarcerated persons and staff"
"ELECTRONIC ALL IN ONE FOR DUMMIES, 2ND EDITION",Doug Lowe,,,"Title 15, Section 3006(d) – presents a serious threat to facility security or the safety of incarcerated persons and staff"
"ELECTRONIC DEVICES AND CIRCUIT THEORY, ELEVENTH EDITION (2023)",Robert L. Boylestad,,,"Title 15, Section 3006(d) – presents a serious threat to facility security or the safety of incarcerated"
"ELEGANT MEDIEVAL, IRON-ON TRANSFER PATTERNS",Marty Noble,,,"Title 15, Section 3006(c)(17) – frontal nudity"
ELITE WRESTLING: MOVES FOR SUCCESS ON AND OFF THE MAT,Tom Ryan,,,"Title 15, Section 3006(d) – presents a serious threat to facility security or the safety of incarcerated persons and staff"
ELIXIR 1 IN SILENCE,Melanie Delon,,,"Title 15, Section 3006(c)(17) – frontal nudity"
"ELLE MAGAZINE, DECEMBER 2016 ISSUE",,,periodical,"Title 15, Section 3006(c)(15)(A) – lacks serious literary, artistic, political or scientific value"
"ELLE MAGAZINE, FEBRUARY 2017 ISSUE",,,periodical,"Title 15, Section 3006(c)(15)(A) – lacks serious literary, artistic, political or scientific value"
"ELLE MAGAZINE, JUNE 2015",N/A,,periodical,"Title 15, Section 3006(c)(15)(A) – lacks serious literary, artistic, political or scientific value"
ELLE MARCH 2020,,,,"Title 15, Section 3006(c)(17) – frontal nudity"
"ELLE, THE IMPACT ISSUE, APRIL 2024",,,periodical,"Title 15, Section 3006(c)(17) – frontal nudity"
EMERGENCY,Neil Strauss,,,"Title 15, Section 3006(d) – presents a serious threat to facility security or the safety of incarcerated persons and staff"
"EMMA Y LAS OTRAS SENORAS DEL NARCO, SPANISH EDTIION (2024)",Anabel Hernandez,,,"Title 15, Section 3006(c)(19) – STG members or associates"
EMPIRE DESIGNS,Joseph Beunat,,,"Title 15, Section 3006(c)(15)(A) – lacks serious literary, artistic, political or scientific value"
"EMPIRE OF THE VAMPIRE, BOOK 1 (2021)",Jay Kristoff,,,"Title 15, Section 3006(c)(15)(A) – lacks serious literary, artistic, political or scientific value"
ENCHANTED; THE FAERIE AND FANTASY ART OF LINDA REVENSCROFT,Linda Ravenscroft/AAPPL Artists’ and Photographers’ Press Ltd.,,,"Title 15, Section 3006(c)(17) – frontal nudity"
"ENCHANTRA, WICKED GAMES, 2 (2025)",Kaylie Smith,,,"Title 15, Section 3006(c)(15)(A) – lacks serious literary, artistic, political or scientific value"
"ENCYCLOPEDIA COMPONENTS, VOLUME 2 (2015)",Charles Platt,,periodical,"Title 15, Section 3006(d) – presents a serious threat to facility security or the safety of incarcerated"
ENCYCLOPEDIA OF BRAZILIAN JIU-JITSU,Rigan Machado and Jose M. Fraguas,,,"Title 15, Section 3006(d) – presents a serious threat to facility security or the safety of incarcerated persons and staff"
"ENCYCLOPEDIA OF ELECTRONIC COMPONENTS, VOLUME 3 (2016)",Charles Platt,,periodical,"Title 15, Section 3006(d) – presents a serious threat to facility security or the safety of incarcerated"
"ENCYCLOPEDIA OF LEGLOCKS, BRAZILIAN JIU JITSU",Rigan Machado,,,"Title 15, Section 3006(d) – presents a serious threat to facility security or the safety of incarcerated persons and staff"
EPILEPTIC (2006),David B.,,,"Title 15, Section 3006(c)(15)(A) – lacks serious literary, artistic, political or scientific value"
"EPS, XXX SEX STORIES, BACK DOOR VIRGIN, APRIL 2022",,,,"Title 15, Section 3006(c)(15)(A) – lacks serious literary, artistic, political or scientific value"
"EPS, XXX SEX STORIES, COME FROM BEHIND, APRIL 2022",,,,"Title 15, Section 3006(c)(15)(A) – lacks serious literary, artistic, political or scientific value"
"EPS, XXX STORIES, MOM, DAD, & DAUGHTER",,,,"Title 15, Section 3006(c)(15)(C)(6) – conduct where one of the participants is a minor, or appears to be under 18 years old"
ERECTICA,Demetrio Paparoni,,,"Title 15, Section 3006(c)(17) – frontal nudity"
ERO NINJA SCROLLS VOLUME 4 (2021),Haruki,,periodical,"Title 15, Section 3006(c)(16) – sexually explicit images"
"ERO NINJA SCROLLS, VOLUME 2",Hakusensha,,periodical,"Title 15, Section 3006(c)(17) – frontal nudity"
"ERO NINJA SCROLLS, VOLUME 5",,,periodical,"Title 15, Section 3006(c)(17) – frontal nudity"
ERO NINJA VOLUME 1 (2021),Haruki,,periodical,"Title 15, Section 3006(c)(17) – frontal nudity"
EROTIC BONDAGE HANDBOOK,Jay Wiseman,,,"Title 15, Section 3006(c)(15)(A) – lacks serious literary, artistic, political or scientific value"
EROTIC DOTS,John Mason,,,"Title 15, Section 3006(c)(17) – frontal nudity"
EROTIC FANTASY ART,Duddlebug,,,"Title 15, Section 3006(c)(17) – frontal nudity"
EROTIC SHORT STORIES FOR ADULTS,Allison Palma,,,"Title 15, Section 3006(c)(15)(A) – lacks serious literary, artistic, political or scientific value"
EROTIC STARS MAGAZINE,,,periodical,"Title 15, Section 3006(c)(17) – frontal nudity"
EROTIC STORIES FOR PUNJABI WIDOWS (2017),Bally Kaur Jaswal,,,"Title 15, Section 3006(c)(15)(A) – lacks serious literary, artistic, political or scientific value"
"EROTIC, ADULT COLORING BOOK, PART 1",Oksana Nalyvaiko,,,"Title 15, Section 3006(c)(15)(A) – lacks serious literary, artistic, political or scientific value"
"EROTICA SHORT STORIES WITH EXPLICIT SEX TO READ IN BED, VOLUME 1",Alex Frack,,periodical,"Title 15, Section 3006(c)(15)(A) – lacks serious literary, artistic, political or scientific value"
EROTICA: 30 HOT TABOO SEX STORIES,Megan J. Martines,,,"Title 15, Section 3006(c)(15)(A) – lacks serious literary, artistic, political or scientific value"
"ESCAPE ARTIST, MEMOIR OF A VISIONARY ARTIST ON DEATH ROW (2018)",William A. Noguera,,,"Title 15, Section 3006(c)(1) – violence or physical harm"
ESCAPE FROM ALCATRAZ (2017),Eric Braun,,,"Title 15, Section 3006(d) – presents a serious threat to facility security or the safety of incarcerated"
ESCAPING ALCATRAZ,Michael Esslinger and David Widner,,,"Title 15, Section 3006(d) – presents a serious threat to facility security or the safety of incarcerated persons and staff"
ESCORT MAGAZINE,,,periodical,"Title 15, Section 3006(c)(17) – frontal nudity"
ESE TO MASTER JEFE,Raul R. Ramos,,,"Title 15, Section 3006(c)(19) – STG members or associates"
"ESOTERIC HOLLYWOOD,",Jay Dyer,,,"Title 15, Section 3006(c)(15)(A) – lacks serious literary, artistic, political or scientific value"
"ESOTERIC HOLLYWOOD,",Jay Dyer,,,"Title 15, Section 3006(c)(15)(A) – lacks serious literary, artistic, political or scientific value"
"ESPN 365 FANTASY FOOTBALL 2025, GEORGE KITTLE COVER",,,,"Title 15, Section 3006 (c)(13) – contains or concerns gambling or a lottery"
"ESQUIRE APRIL/MAY 2020, VOL 173, NO 3",,,,"Title 15, Section 3006(c)(17) – frontal nudity"
"ESQUIRE MAGAZINE, AUGUST 2016 ISSUE",,,periodical,"Title 15, Section 3006(c)(15)(A) – lacks serious literary, artistic, political or scientific value"
"ESQUIRE MAGAZINE, JUNE/JULY 2016 ISSUE",,,periodical,"Title 15, Section 3006(c)(15)(A) – lacks serious literary, artistic, political or scientific value"
"ESQUIRE MAGAZINE, MARCH 2017 ISSUE",,,periodical,"Title 15, Section 3006(c)(15)(A) – lacks serious literary, artistic, political or scientific value"
"ESQUIRE MAGAZINE, NOVEMBER 2016 ISSUE",,,periodical,"Title 15, Section 3006(c)(17) – frontal nudity"
"ESQUIRE MAGAZINE, OCTOBER 2016 ISSUE",,,periodical,"Title 15, Section 3006(c)(15)(A) – lacks serious literary, artistic, political or scientific value"
"ESQUIRE MAGAZINE, SEPTEMBER 2016 ISSUE",,,periodical,"Title 15, Section 3006(c)(17) – frontal nudity"
"ESQUIRE MAGAZINE, VOLUME 169, ISSUE NUMBER 3",,,periodical,"Title 15, Section 3006(c)(15)(A) – lacks serious literary, artistic, political or scientific value"
ESQUIRE SUMMER 2020,,,,"Title 15, Section 3006(c)(17) – frontal nudity"
"ESSENCE OF SHIBARI, KINBAKU AND JAPANESE ROPE BONDAGE",Shin Nawakiri,,,"Title 15, Section 3006(c)(17) – frontal nudity"
ESSENTIAL SURVIVAL SKILLS,Colin Towell,,,"Title 15, Section 3006(d) – presents a serious threat to facility security or the safety of incarcerated persons"
"ETHIC 3, BY ASHLEY ANTOINETTE (2018)",Ashley Antoinette,,,"Title 15, Section 3006(c)(15)(A) – lacks serious literary, artistic, political or scientific value"
ETHIC 4 (2018),Ashley Antoinette,,,"Title 15, Section 3006(c)(15)(A) – lacks serious literary, artistic, political or scientific value"
"ETHIC, BOOK 2 (2018)",Ashley Antoinette,,,"Title 15, Section 3006(c)(1) – violence or physical harm"
"EVERY KILLER LEAVES A TRACE, THE FATAL MISTAKES THAT FINALLY EXPOSED AMERICA’S MOST ELUSIVE KILLERS (2025)",Dennis Carson,,,"Title 15, Section 3006(c)(1) – violence or physical harm"
"EVERY TRICK IN THE BOOK; MASTER THE ARTS OF MAGIC, JUGGLING, MIND READING, SLEIGHTS- OF-HAND, AND MUCH MORE",Charlie Dancey,,,"Title 15, Section 3006(d) – presents a serious threat to facility security or the safety of incarcerated persons and staff"
EVICTION NOTICE,K’Wan,,,"Title 15, Section 3006(c)(15)(A) – lacks serious literary, artistic, political or scientific value"
"E-VOLVED TATTOOS & FINE MAGAZINE, SUMMER 2018 ISSUE NUMBER 9",,,periodical,"Title 15, Section 3006(c)(15)(A) – lacks serious literary, artistic, political or scientific value"
EX MACHINA FACT V. FICTION,Brian K. Vaughn,,,"Title 15, Section 3006(c)(17) – frontal nudity"
EX MACHINA MARCH TO WAR,Brian K. Vaughn,,,"Title 15, Section 3006(c)(17) – frontal nudity"
"EXILE ON FRONT STREET, MY LIFE AS A HELLS ANGEL (2019)",George Christie,,,"Title 15, Section 3006(c)(19) – STG members or associates"
EXIT TO EDEN,Anne Rice,,,"Title 15, Section 3006(c)(15)(A) – lacks serious literary, artistic, political or scientific value"
"EXOTIC BEAUTIES MAGAZINE, PREMIER ISSUE",,,periodical,"Title 15, Section 3006(c)(15)(A) – lacks serious literary, artistic, political or scientific value"
EXPOSE 9: FINEST DIGITAL ART IN THE KNOWN UNIVERSE,,,,"Title 15, Section 3006(c)(17) – frontal nudity"
EXTREME EROTICA (12/2020),Alannah Kieran,,,"Title 15, Section 3006(c)(15)(A) – lacks serious literary, artistic, political or scientific value"
"EXTREME SURVIVAL: WILDERNESS, TERRORISM, AIR, SEA, LAND","Akkermans, Cook, Mattos, and Morrison",,,"Title 15, Section 3006(d) – presents a serious threat to facility security or the safety of incarcerated persons and staff"
EXTREME WILDERNESS SURVIVAL,Craig Caudill,,,"Title 15, Section 3006(d) – presents a serious threat to facility security or the safety of incarcerated persons and staff"
EYEWITNESS,Lori Carangelo,,,"Title 15, Section 3006(c)(19) – STG members or associates"
"F.E.D.S. MAGAZINE, SWEETS, ISSUE NUMBER 25",,,periodical,"Title 15, Section 3006(c)(15)(A) – lacks serious literary, artistic, political or scientific"
"F.E.D.S. MAGAZINE, SWEETS, ISSUE NUMBER 25",,,periodical,"Title 15, Section 3006(c)(15)(A) – lacks serious literary, artistic, political or scientific value"
"F.E.D.S. MAGAZINE, VOLUME 10, ISSUE 41",,,periodical,"Title 15, Section 3006(c)(15)(A) – lacks serious literary, artistic, political or scientific value"
"F.E.D.S., FINALLY EVERY DIMENSION OF THE STREETS MAGAZINE, ISSUE NUMBER 45",,,periodical,"Title 15, Section 3006(c)(17) – frontal nudity"
"F.E.D.S., VOLUME 3, ISSUE 13",,,periodical,"Title 15, Section 3006(c)(19) – STG members or associates"
"F.E.D.S., VOLUME 4, ISSUE 26",,,periodical,"Title 15, Section 3006(c)(15)(A) – lacks serious literary, artistic, political or scientific value"
F.O.S. FLYER 64,,,,"Title 15, Section 3006(c)(15)(A) – lacks serious literary, artistic, political or scientific value"
"F.O.S. FLYER LIST, FLYER 5",,,,"Title 15, Section 3006(c)(15)(A) – lacks serious literary, artistic, political or scientific value"
"F.O.S., FLYER 67",,,,"Title 15, Section 3006(c)(15)(A) – lacks serious literary, artistic, political or scientific value"
"FABLES, 1001 NIGHTS OF SNOWFALL",Bill Willingham,,,"Title 15, Section 3006(c)(17) – frontal nudity"
"FABLES, STORYBOOK LOVE",Bill Willingham,,,"Title 15, Section 3006(c)(17) – frontal nudity"
FACE TO FACE,Timothy Greenfield- Sanders,,,"Title 15, Section 3006(c)(17) – frontal nudity"
FAERIES,Brian Froud,,,"Title 15, Section 3006(c)(17) – frontal nudity"
FAERIES AND OTHER FANTASTICAL FOLK,Maxine Gadd,,,"Title 15, Section 3006(c)(17) – frontal nudity"
FAG PUNK 10,,,,"Title 15, Section 3006(c)(17) – frontal nudity"
FAG PUNK 11,,,,"Title 15, Section 3006(c)(15)(A) – lacks serious literary, artistic, political or scientific value"
FAG PUNK 12,,,,"Title 15, Section 3006(c)(15)(A) – lacks serious literary, artistic, political or scientific value"
FAG PUNK 9,,,,"Title 15, Section 3006(c)(17) – frontal nudity"
"FAG PUNK, BUSTER NEW BOY",,,,"Title 15, Section 3006(c)(17) – frontal nudity"
FAIRY SONG,"SQP, Inc.",,,"Title 15, Section 3006(c)(17) – frontal nudity"
"FAIRY TAILS 2, A GALLERY GIRLS COLLECTION, VOLUME 2",,,periodical,"Title 15, Section 3006(c)(17) – frontal nudity"
"FAIRY TAILS, VOLUME 1",Sal Quartuccio/Bob Keenan,,periodical,"Title 15, Section 3006(c)(15)(A) – lacks serious literary, artistic, political or scientific value"
FAIRY TALES,Elias,,,"Title 15, Section 3006(c)(17) – frontal nudity"
"FALL OF GIANTS, BOOK ONE OF THE CENTURY TRILOGY (2018)",Ken Follett,,,"Title 15, Section 3006(c)(15)(A) – lacks serious literary, artistic, political or scientific value"
"FALLEN ANGELS, WATCHERS & THE WITCHES SABBAT",Michael W. Ford,,,"Title 15, Section 3006(c)(17) – frontal nudity"
"FAMILY HANDYMAN, SEPTEMBER 2019",,,,"Title 15, Section 3006(d) – presents a serious threat to facility security or the safety of incarcerated persons and staff"
FANGORIA,,,,"Title 15, Section 3006(c)(17) – frontal nudity"
"FANTASY ART NOW, THE BEST IN CONTEMPORARY FANTASY ART & ILLUSTRATION",Martin McKenna and Boris Vallejo,,,"Title 15, Section 3006(c)(15)(A) – lacks serious literary, artistic, political or scientific value"
FANTASY ART TECHNIQUES (1996),Boris Vallejo,,,"Title 15, Section 3006(c)(16) – sexually explicit images"
FANTASY FOOTBALL INDEX 2025 (2025),Ian Allan,,,"Title 15, Section 3006 (c)(13) – contains or concerns gambling or a lottery"
FANTASY FOOTBALL PLANNER & JOURNAL (2022),Coach B. Sports Academy,,periodical,"Title 15, Section 3006 (c)(13) – contains or concerns gambling or a lottery"
FAST FEMINISM,Shannon Bell,,,"Title 15, Section 3006(c)(17) – frontal nudity"
FAST LANE,Eyone Williams,,,"Title 15, Section 3006(c)(15)(C)(5) – conduct which is or appears to be forceful, threatening or violent"
FASTNER & LARSON’S TRICKS & TREATS,Steve Fastner and Rich Larson,,,"Title 15, Section 3006(c)(15)(A) – lacks serious literary, artistic, political or scientific value"
"FASTNER & LARSON’S, DEVILS’S PLAYGROUND",Steve Fastner,,,"Title 15, Section 3006(c)(17) – frontal nudity"
FEAR AND LOATHING IN LAS VEGAS,Hunter S. Thompson,,,"Title 15, Section 3006(c)(17) – frontal nudity"
"FEDERAL INSTITUTION ENTERTAINMENT NETWORK, FIEN, PREMIER ISSUE",,,periodical,"Title 15, Section 3006(c)(15)(A) – lacks serious literary, artistic, political or scientific value"
FEDOR: THE FIGHTING SYSTEM OF THE WORLD’S UNDISPUTED KING OF MMA,Fedor Emilianenko,,,"Title 15, Section 3006(c)(17) – frontal nudity"
"FEDS MAGAZINE, VOL. 4, ISSUE 26",,,periodical,"Title 15, Section 3006(c)(17) – frontal nudity"
FELON FITNESS,,,,"Title 15, Section 3006(d) – presents a serious threat to facility security or the safety of incarcerated persons and staff"
FEMALE EJACULATION,Somraj Pokras and Jeffre Talltrees,,,"Title 15, Section 3006(c)(17) – frontal nudity"
FEMALE EJACULATION AND THE G-SPOT,Deborah Sundahl,,,"Title 15, Section 3006(c)(17) – frontal nudity"
FEMALE ORAL STIMULATION,Alyssa Ur,,,"Title 15, Section 3006(c)(17) – frontal nudity"
FEVER PITCH 2,Elias Chatzoudis,,,"Title 15, Section 3006(c)(15)(A) – lacks serious literary, artistic, political or scientific value"
"FIERCELY FEMALE, HIGH TIMES, NOVEMBER 2021",,,,"Title 15, Section 3006(d) – presents a serious threat to facility security or the safety of incarcerated persons and staff"
FIFTY SHADES DARKER (2010),E.L. James,,,"Title 15, Section 3006(c)(15)(A) – lacks serious literary, artistic, political or scientific value"
FIFTY SHADES FREED (2012),E.L James,,,"Title 15, Section 3006(c)(15)(A) – lacks serious literary, artistic, political or scientific value"
FIFTY SHADES OF ECSTACY,Marisa Bennett,,,"Title 15, Section 3006(c)(17) – frontal nudity"
FIFTY SHADES OF GREY,EL James,,,"Title 15, Section 3006(c)(15)(A) – lacks serious literary, artistic, political or scientific value"
"FIGHT CLUB, A NOVEL (1996)",Chuck Palahniuk,,,"Title 15, Section 3006(d) – presents a serious threat to facility security or the safety of incarcerated"
FIGHT TO WIN,Martin J. Dougherty,,,"Title 15, Section 3006(c)(1) – violence or physical harm"
"FIGHTERS ONLY MAGAZINE, APRIL 2017 ISSUE",,,periodical,"Title 15, Section 3006(d) – presents a serious threat to facility security or the safety of incarcerated persons and staff"
"FIGHTERS ONLY MAGAZINE, AUGUST 2016 ISSUE",,,periodical,"Title 15, Section 3006(d) – presents a serious threat to facility security or the safety of incarcerated persons and staff"
"FIGHTERS ONLY MAGAZINE, AUGUST 2017 ISSUE",,,periodical,"Title 15, Section 3006(c)(15)(A) – lacks serious literary, artistic, political or scientific value"
"FIGHTERS ONLY MAGAZINE, FEBRUARY 2017 ISSUE",,,periodical,"Title 15, Section 3006(d) – presents a serious threat to facility security or the safety of incarcerated persons and staff"
"FIGHTERS ONLY MAGAZINE, HOLIDAY 2016 ISSUE, NUMBER 13",,,periodical,"Title 15, Section 3006(d) – presents a serious threat to facility security or the safety of incarcerated persons and staff"
"FIGHTERS ONLY MAGAZINE, JULY 2016 ISSUE",,,periodical,"Title 15, Section 3006(d) – presents a serious threat to facility security or the safety of incarcerated persons and staff"
"FIGHTERS ONLY MAGAZINE, MARCH 2016 ISSUE 3, VOLUME 7",,,periodical,"Title 15, Section 3006(d) – presents a serious threat to facility security or the safety of incarcerated persons and staff"
"FIGHTERS ONLY MAGAZINE, MARCH 2017 ISSUE",,,periodical,"Title 15, Section 3006(d) – presents a serious threat to facility security or the safety of and staff"
"FIGHTERS ONLY MAGAZINE, MAY 2017 ISSUE",,,periodical,"Title 15, Section 3006(d) – presents a serious threat to facility security or the safety of incarcerated persons and staff"
"FIGHTERS ONLY MAGAZINE, SEPTEMBER 2016 ISSUE",,,periodical,"Title 15, Section 3006(d) – presents a serious threat to facility security or the safety of incarcerated persons and staff"
"FIGHTERS ONLY, DECEMBER 2016 ISSUE",,,periodical,"Title 15, Section 3006(d) – presents a serious threat to facility security or the safety of incarcerated persons and staff"
"FIGHTERS ONLY, JANUARY 2017 ISSUE",,,periodical,"Title 15, Section 3006(d) – presents a serious threat to facility security or the safety of incarcerated persons and staff"
"FIGHTERS ONLY, OCTOBER 2016 ISSUE",,,periodical,"Title 15, Section 3006(d) – presents a serious threat to facility security or the safety of incarcerated persons and staff"
FIGURE DRAWING FOR ALL IT’S WORTH,Andrew Loomis,,,"Title 15, Section 3006(c)(17) – frontal nudity"
"FIGURE DRAWING, DESIGN AND INVENTION",M. Hampton,,,"Title 15, Section 3006(c)(15)(A) – lacks serious literary, artistic, political or scientific value"
FILIPINO TATTOOS,Lane Wilcken,,,"Title 15, Section 3006(c)(17) – frontal nudity"
FILTHY FUN HOME ALONE ADULT ACTIVITY BOOK,Daniel Blue,,,"Title 15, Section 3006(c)(15)(A) – lacks serious literary, artistic, political or scientific value"
FINAL CUT (2024),Charles Burns,,,"Title 15, Section 3006(c)(16) – sexually explicit images"
FINALLY LEGAL #347,,,,"Title 15, Section 3006(c)(16) – sexually explicit images"
"FIREAMS NEWS, FEB. 2022 2022, VOL. 76, ISSUE 5",,,periodical,"Title 15, Section 3006(d) – presents a serious threat to facility security or the safety of incarcerated persons and staff"
"FIREAMS NEWS, FEB. 2022, VOL. 76, ISSUE 5",,,periodical,"Title 15, Section 3006(c)(8) – a description of the making of any weapon, explosive, poison or destructive device"
"FIREAMS NEWS, MARCH 2022, VOL. 76, ISSUE 5",,,periodical,"Title 15, Section 3006(d) – presents a serious threat to facility security or the safety of incarcerated persons and staff"
FIREARMS NEWS AK47/2018,,,,"Title 15, Section 3006(c)(8) – a description of the making of any weapon, explosive, poison or destructive device"
"FIREARMS NEWS MARCH 2022, VOL. 76, ISSUE 6",,,periodical,"Title 15, Section 3006(c)(8) – a description of the making of any weapon, explosive, poison or destructive device"
"FIREARMS NEWS, DECEBER 2021, VOL. 75, ISSUE 24",,,periodical,"Title 15, Section 3006(c)(8) – a description of the making of any weapon, explosive, poison or destructive device"
"FIREARMS NEWS, DECEMBER 2021",,,,"Title 15, Section 3006(c)(8) – a description of the making of any weapon, explosive, poison or destructive device"
"FIREARMS NEWS, FEBRUARY 2021, VOLUME 75, ISSUE 4",,,periodical,"Title 15, Section 3006(c)(8) – a description of the making of any weapon, explosive, poison or destructive device"
"FIREARMS NEWS, JANUARY 2022, VOLUME 76, ISSUE 1",,,periodical,"Title 15, Section 3006(c)(8) – a description of the making of any weapon, explosive, poison or destructive device"
"FIREARMS NEWS, OCTOBER 2021, VOL. 75, ISSUE 19",,,periodical,"Title 15, Section 3006(c)(8) – a description of the making of any weapon, explosive, poison or destructive device"
"FIREARMS NEWS, OCTOBER 2021, VOL. 75, ISSUE 20",,,periodical,"Title 15, Section 3006(c)(8) – a description of the making of any weapon, explosive, poison or destructive device"
FIRST STEP IN WINEMAKING,C.J.J. Berry,,,"Title 15, Section 3006(d) – presents a serious threat to facility security or the safety of incarcerated persons and staff"
FIVE FAMILIES,Selwyn Raab,,,"Title 15, Section 3006(c)(19) – STG members or associates"
"FIYA GIRLS CATALOG, NUMBER 18",,,,"Title 15, Section 3006(c)(17) – frontal nudity"
"FIYA GIRLS, CAMEL TOE, CATALOG 15",,,,"Title 15, Section 3006(c)(17) – frontal nudity"
"FIYA GIRLS, CAMEL TOE, CATALOG 2",,,,"Title 15, Section 3006(c)(17) – frontal nudity"
"FIYA GIRLS, FREAK SHOW VOL. 2",,,,"Title 15, Section 3006(c)(15)(A) – lacks serious literary, artistic, political or scientific value"
"FIYA GIRLS, FREAK SHOW, VOLUME ONE",,,,"Title 15, Section 3006(c)(15)(A) – lacks serious literary, artistic, political or scientific value"
"FIYA GIRLS, HOT SHOTS VOL 1",,,,"Title 15, Section 3006(c)(15)(A) – lacks serious literary, artistic, political or scientific value"
"FIYA GIRLS, SHEET 19 PG-1",,,,"Title 15, Section 3006(c)(17) – frontal nudity"
"FIYA, CATALOG 15",,,,"Title 15, Section 3006(c)(15)(A) – lacks serious literary, artistic, political or scientific value"
"FLINC.H, BOOK TWO",John Arcudi,,,"Title 15, Section 3006(c)(17) – frontal nudity"
"FLIX 4 YOU NASTY, SPRING 2010, VOLUME 1",,,periodical,"Title 15, Section 3006(c)(15)(A) – lacks serious literary, artistic, political or scientific value"
"FLIX 4 YOU NASTY, VOL. 2",,,,"Title 15, Section 3006(c)(15)(A) – lacks serious literary, artistic, political or scientific value"
"FLIX 4 YOU, SPRING CLING PORNO CHIX GONE WILD 2009",,,,"Title 15, Section 3006(c)(15)(A) – lacks serious literary, artistic, political or scientific value"
"FLIX FOR YOU PRESENTS, PORSTAR CUM-UP 9",,,,"Title 15, Section 3006(c)(15)(A) – lacks serious literary, artistic, political or scientific value"
FLYING KITES (2019),Project Novel Stanford,,,"Title 15, Section 3006(c)(19) – STG members or associates"
"FLYING OVER WALLS SF BAY AREA BLACK & PINK, HOT PINK #4",,,,"Title 15, Section 3006(c)(16) – sexually explicit images"
"FLYING OVER WALLS, SF BAY AREA BLACK & PINK, HOT PINK #5",,,,"Title 15, Section 3006(c)(15)(A) – lacks serious literary, artistic, political or scientific value"
"FLYING OVER WALLS/SF BAY AREA BLACK & PINK, HOT PINK #3",,,,"Title 15, Section 3006(c)(15)(A) – lacks serious literary, artistic, political or scientific value"
"FOOTSY, VOL.3 NO.7",,,periodical,"Title 15, Section 3006(c)(17) – frontal nudity"
FOOTWORK WINS FIGHTS,Davis Christian,,,"Title 15, Section 3006(d) – presents a serious threat to facility security or the safety of incarcerated persons and staff"
FORBIDDEN & TABOO EXPLICIT SEX STORIES COLLECTION (2021),G.G. Goode,,,"Title 15, Section 3006(c)(15)(A) – lacks serious literary, artistic, political or scientific value"
FORBIDDEN ART THE WORLD OF EROTICA,,,,"Title 15, Section 3006(c)(17) – frontal nudity"
"FORBIDDEN DESIRE, TAKEN BY HER SON’S BEST FRIEND (2022)",L.M. Mountford,,,"Title 15, Section 3006(c)(15)(A) – lacks serious literary, artistic, political or scientific value"
FORBIDDEN FLOWERS,Nancy Friday,,,"Title 15, Section 3006(c)(15)(A) – lacks serious literary, artistic, political or scientific value"
FORBIDDEN KNOWLEDGE,Michael Powell,,,"Title 15, Section 3006(d) – presents a serious threat to facility security or the safety of incarcerated persons and staff"
FORBIDDEN PLEASURE,Lora Leigh,,,"Title 15, Section 3006(c)(15)(A) – lacks serious literary, artistic, political or scientific value"
FORCED WOMANHOOD MAGAZINE,,,periodical,"Title 15, Section 3006(c)(17) – frontal nudity"
"FORCED, FILTHY, FILTHY & FORBIDDEN, EROTIC SEX STORIES",G.G. Goode,,,"Title 15, Section 3006(c)(15)(A) – lacks serious literary, artistic, political or scientific value"
"FORCED, FILTHY, FILTHY & ROUGH, FORBIDDEN & EROTIC BDSM SEX STORIES COLLECTION",G.G. Goode,,,"Title 15, Section 3006(c)(15)(A) – lacks serious literary, artistic, political or scientific value"
"FORGOTTEN 2, THE PORTAL OF DESTINY",Cris Ortega,,,"Title 15, Section 3006(c)(17) – frontal nudity"
FOS FLYER 24,,,,"Title 15, Section 3006(c)(15)(A) – lacks serious literary, artistic, political or scientific value"
FOS FLYER 58,,,,"Title 15, Section 3006(c)(15)(A) – lacks serious literary, artistic, political or scientific value"
"FOURTH WING, WING AND CLAW COLLECTION, THE EMPYREAN 1 (2025)",Rebecca Yarros,,,"Title 15, Section 3006(c)(15)(A) – lacks serious literary, artistic, political or scientific value"
FOX MAGAZINE,,,periodical,"Title 15, Section 3006(c)(17) – frontal nudity"
FOX XXXTREME MAGAZINE,,,periodical,"Title 15, Section 3006(c)(17) – frontal nudity"
"FOX, VOLUME 255",,,,"Title 15, Section 3006(c)(17) – frontal nudity"
"FRAMED, ASTONISHING TRUE STORIES OF WRONGFUL CONVICTIONS (2024)",John Grisham,,,"Title 15, Section 3006(c)(1) – violence or physical harm"
FREE FALLING (2014),SE Jakes,,,"Title 15, Section 3006(c)(15)(A) – lacks serious literary, artistic, political or scientific value"
FREED (2011),E.L. James,,,"Title 15, Section 3006(c)(15)(A) – lacks serious literary, artistic, political or scientific value"
"FREEDOM OF SPEECH, NUDE 30",,,,"Title 15, Section 3006(c)(17) – frontal nudity"
"FREEDOM OF SPEECH, NUDE 31",,,,"Title 15, Section 3006(c)(17) – frontal nudity"
"FREEDOM OF SPEECH, NUDE 32",,,,"Title 15, Section 3006(c)(17) – frontal nudity"
"FREEDOM OF SPEECH, NUDE 33",,,,"Title 15, Section 3006(c)(17) – frontal nudity"
"FREEWAY FEAR, THE DRIFTER, THE VICTIMS AND BONIN (2024)",Sharon McQuillan,,,"Title 15, Section 3006(c)(15)(A) – lacks serious literary, artistic, political or scientific value"
"FREEZING, ILLUSTRATED JAPANESE MANGA BOOK, VOLUME 7-8",Dall-Young Lim and Kwang-Hyun Kim,,periodical,"Title 15, Section 3006(c)(17) – frontal nudity"
"FREEZING, ILLUSTRATED JAPANESE MANGA BOOK, VOLUME 9-10",Dall-Young Lim and Kwang-Hyun Kim,,periodical,"Title 15, Section 3006(c)(17) – frontal nudity"
"FREEZING, VOLUME 19-20",,,,"Title 15, Section 3006(c)(17) – frontal nudity"
"FREEZING, VOLUME 20-22",,,,"Title 15, Section 3006(c)(17) – frontal nudity"
"FREEZING,ILLUSTRATE D JAPANESE MANGA BOOK, VOLUME 3-4",Dall-Young Lim and Kwang-Hyun Kim,,periodical,"Title 15, Section 3006(c)(15)(A) – lacks serious literary, artistic, political or scientific value"
"FREEZING,ILLUSTRATE D JAPANESE MANGA BOOK, VOLUME 5-6",Dall-Young Lim and Kwang-Hyun Kim,,periodical,"Title 15, Section 3006(c)(15)(A) – lacks serious literary, artistic, political or scientific value"
FREUD FOR BEGINNERS,Richard Appignanesi,,,"Title 15, Section 3006(c)(17) – frontal nudity"
FRIDA A BIOGRAPHY OF FRIDA KAHLO,Hayden Herrera,,,"Title 15, Section 3006(c)(15)(C)(5) – conduct which is or appears to be forceful, threatening or violent"
FRIDA KAHLO,Andrea Kettenmann,,,"Title 15, Section 3006(c)(17) – frontal nudity"
"FRIDA KAHLO, THE PAINTINGS",Hayden Herrera,,,"Title 15, Section 3006(c)(15)(A) – lacks serious literary, artistic, political or scientific value"
FRIGHTFEST GUIDE TO WEREWOLF MOVIES (2019),Gavin Baddeley,,,"Title 15, Section 3006(c)(16) – sexually explicit images"
"FRIGHTFEST GUIDE, EXPLOITATION MOVIES, THE DARK HEAR OF CINEMA (2017)",,,,"Title 15, Section 3006(c)(1) – violence or physical harm"
"FROM HELL, MASTER EDITION (2020)",Alan Moore and Eddie Campbell,,,"Title 15, Section 3006(c)(15)(A) – lacks serious literary, artistic, political or scientific value"
"FROM NIGGAS TO GODS, PART ONE",Akil,,,"Title 15, Section 3006(c)(15)(C)(5) – conduct which is or appears to be forceful, threatening or violent"
"FROM NIGGAS TO GODS, VOLUME II (2002)",,,,"Title 15, Section 3006(c)(1) – violence or physical harm"
FROM PURPLE RAGS TO RICHES,Amos Jackson,,,"Title 15, Section 3006(c)(15)(A) – lacks serious literary, artistic, political or scientific value"
"FROM STREET ART TO FINE ART, BLACK & GREY TATTOO 2",Marisa Kakoulas and Edgar Hoil,,,"Title 15, Section 3006(c)(15)(A) – lacks serious literary, artistic, political or scientific value"
FROM STREET ART TO FINE ART-BLACK & WHITE TATTOO 1-3,Marisa Kakoulas/Edgar Hoill,,,"Title 15, Section 3006(c)(17) – frontal nudity"
"FUCKING TRANS WOMEN MAGAZINE, OCTOBER 2010 ISSUE",Mira Bellwether,,periodical,"Title 15, Section 3006(c)(15)(A) – lacks serious literary, artistic, political or scientific value"
FULL CUPS MAGAZINE,,,periodical,"Title 15, Section 3006(c)(17) – frontal nudity"
"FULL STACK WEB DEVELOPMENT, THE COMPREHENSIVE GUIDE (2023)",Philip Ackermann,,,"Title 15, Section 3006(c)(9) – illustrations, explanations, and/or descriptions of how to sabotage or disrupt computers, communications, or electronics"
FUNDAMENTAL OF ABNORMAL PSYCHOLOGY 8TH EDITION,Ronald J. Comer,,,"Title 15, Section 3006(c)(17) – frontal nudity"
"GALLERY ADULTS ONLY, JANUARY 19, 2019",,,,"Title 15, Section 3006(c)(17) – frontal nudity"
"GALLERY, ISSUE 239",,,periodical,"Title 15, Section 3006(c)(15)(A) – lacks serious literary, artistic, political or scientific value"
"GAMBLING FOR A LIVING, (1997)",David Sklansky and Mason Malmuth,,,"Title 15, Section 3006(c)(13) – contains or concerns any gambling or a lottery"
GAME OF THRONES (2011),R.R. Martin,,,"Title 15, Section 3006(c)(15)(A) – lacks serious literary, artistic, political or scientific"
GAMES CRIMINALS PLAY,Bud Allen and Diana Bosta,,,"Title 15, Section 3006(d) – presents a serious threat to facility security or the safety of incarcerated persons and staff"
GANG BANG,Jim Valentino,,,"Title 15, Section 3006(c)(15)(A) – lacks serious literary, artistic, political or scientific value"
"GANG LIFE, 2ND EDITION (2011)",Gary Sloan,,,"Title 15, Section 3006(c)(19) – STG members or associates"
GANGS AND THEIR TATTOOS; IDENTIFYING GANGBANGERS ON THE STREET AND IN PRISON,Bill Valentine,,,"Title 15, Section 3006(d) – presents a serious threat to facility security or the safety of incarcerated persons and staff"
GANGSTA,K’Wan,,,"Title 15, Section 3006(c)(15)(C)(5) – conduct which is or appears to be forceful, threatening or violent"
GANGSTER WARLORDS,Ioan Grillo,,,"Title 15, Section 3006(c)(15)(C)(5) – conduct which is or appears to be forceful, threatening or violent"
"GANGSTER, SOME TALK IT I LIVE IT (2007)",Fredrick Staves,,,"Title 15, Section 3006(c)(15)(A) – lacks serious literary, artistic, political or scientific value"
GANTZ OMNIBUS 1,Hiroya Oku,,,"Title 15, Section 3006(c)(17) – frontal nudity"
"GATES OF FIRE, AN EPIC NOVEL OF THE BATTLE OF TERMOPYLAE (1999)",Steven Pressfield,,,"Title 15, Section 3006(c)(1) – violence or physical harm"
GEIN (2021),Scott Edward Bowser,,,"Title 15, Section 3006(c)(1) – violence or physical harm"
"GEMS, FLAWLESS BEAUTIES, VOLUME 1",,,periodical,"Title 15, Section 3006(c)(15)(A) – lacks serious literary, artistic, political or scientific value"
"GEMS, VOLUME 1",,,periodical,"Title 15, Section 3006(c)(15)(A) – lacks serious literary, artistic, political or scientific value"
GENE BILBREW REVEALED,Richard Perez Seves,,,"Title 15, Section 3006(c)(17) – frontal nudity"
"GENESIS, MAY 2009, NUMBER 147",,,,"Title 15, Section 3006(c)(17) – frontal nudity"
GENTLEMAN OF LEISURE,Susan Hass,,,"Title 15, Section 3006(c)(17) – frontal nudity"
"GET YOUR ROCKS OFF MAGAZINE, SERIES FINALE, BLACK, VOLUME 10",,,periodical,"Title 15, Section 3006(c)(17) – frontal nudity"
"GET YOUR ROCKS OFF MAGAZINE, SERIES FINALE, GOLD, VOLUME 10",,,periodical,"Title 15, Section 3006(c)(17) – frontal nudity"
"GET YOUR ROCKS OFF MAGAZINE, SERIES FINALE, PLATINUM, VOLUME 10",,,periodical,"Title 15, Section 3006(c)(17) – frontal nudity"
"GETTING OFF, A NOVEL OF SEX & VIOLENCE",Lawrence Block,,,"Title 15, Section 3006(c)(15)(A) – lacks serious literary, artistic, political or scientific value"
GHETTO MERCHANTS (2024),Dre Luv,,,"Title 15, Section 3006(c)(15)(A) – lacks serious literary, artistic, political or scientific value"
"GIL ELVGREN, ALL HIS GLAMOROUS AMERICAN PIN-UPS",Charles G. Martignette and Louis K. Meisel,,,"Title 15, Section 3006(c)(17) – frontal nudity"
"GIRL FRIENDS, THE COMPLETE COLLECTION 2",Milk Morinaga,,,"Title 15, Section 3006(c)(17) – frontal nudity"
GIRL SEX 101,Allison Moon,,,"Title 15, Section 3006(c)(15)(A) – lacks serious literary, artistic, political or scientific value"
"GIRLS & GODDESSES, THE PIN-UP ART OF JOSEPH MICHAEL LINSNER",Joseph Michael Linsner,,,"Title 15, Section 3006(c)(17) – frontal nudity"
"GIRLS KISSING, VOLUME 1",Paul Mallinson,,periodical,"Title 15, Section 3006(c)(17) – frontal nudity"
GIRLS NEXT DOOR #262,,,,"Title 15, Section 3006(c)(16) – sexually explicit images"
"GIRLS NEXT DOOR, ISSUE 236",,,periodical,"Title 15, Section 3006(c)(17) – frontal nudity"
"GIRLS NEXT DOOR, ISSUE 238",,,periodical,"Title 15, Section 3006(c)(15)(A) – lacks serious literary, artistic, political or scientific value"
"GIRLS NEXT DOOR, ISSUE 240",,,periodical,"Title 15, Section 3006(c)(15)(A) – lacks serious literary, artistic, political or scientific value"
GIRLS OF PENTHOUSE MAGAZINE,,,periodical,"Title 15, Section 3006(c)(17) – frontal nudity"
GIRLS OF THE ORIENT MAGAZINE,,,periodical,"Title 15, Section 3006(c)(17) – frontal nudity"
GIRLS ON TOP 2 MORE PIN-UP ART,Matt Dixon,,,"Title 15, Section 3006(c)(17) – frontal nudity"
GIRLS OVER 40 MAGAZINE,,,periodical,"Title 15, Section 3006(c)(17) – frontal nudity"
GIVE HER MULTIPLE BIG-O AS OFTEN AS YOU WANT (2018),Natalie Robinson,,,"Title 15, Section 3006(c)(15)(A) – lacks serious literary, artistic, political or scientific value"
GIVE ME A REASON (2025),A.L. Jackson,,,"Title 15, Section 3006(c)(15)(A) – lacks serious literary, artistic, political or scientific value"
GLEIPNIR VOL 4,Sun Takeda,,,"Title 15, Section 3006(c)(17) – frontal nudity"
"GO DOWN TOGETHER, THE TRUE, UNTOLD STORY OF BONNIE & CLYDE DESTRUCTION",Jeff Guinn,,,"Title 15, Section 3006(c)(15)(C)(5) – conduct which is or appears to be forceful, threatening or violent"
GO TUBE #2,,,,"Title 15, Section 3006(c)(15)(A) – lacks serious literary, artistic, political or scientific value"
"GOAT MAGAZINE, JUICE BOX GOLD, VOL. 12",,,periodical,"Title 15, Section 3006(c)(15)(A) – lacks serious literary, artistic, political or scientific value"
"GOAT, ASIAN, FOREPLAY, SPECIAL EDITION",,,,"Title 15, Section 3006(c)(17) – frontal nudity"
"GOAT, FETISH, BOOBS, VOLUME 8",,,periodical,"Title 15, Section 3006(c)(15)(A) – lacks serious literary, artistic, political or scientific value"
"GOAT, FOREPLAY, BLACK SPECIAL EDITION",,,,"Title 15, Section 3006(c)(17) – frontal nudity"
"GOAT, FOREPLAY, BLACK, VOLUME 1",,,periodical,"Title 15, Section 3006(c)(17) – frontal nudity"
"GOAT, FOREPLAY, BLACK, VOLUME 3",,,periodical,"Title 15, Section 3006(c)(17) – frontal nudity"
"GOAT, FOREPLAY, GOLD SPECIAL EDITION",,,,"Title 15, Section 3006(c)(17) – frontal nudity"
"GOAT, FOREPLAY, GOLD, VOLUME 1",,,periodical,"Title 15, Section 3006(c)(17) – frontal nudity"
"GOAT, FOREPLAY, GOLD, VOLUME 3",,,periodical,"Title 15, Section 3006(c)(17) – frontal nudity"
"GOAT, FOREPLAY, GOLD, VOLUME 4",,,periodical,"Title 15, Section 3006(c)(17) – frontal nudity"
"GOAT, FOREPLAY, PLATINUM SPECIAL EDITION",,,,"Title 15, Section 3006(c)(15)(A) – lacks serious literary, artistic, political or scientific value"
"GOAT, FOREPLAY, PLATINUM, VOLUME 1",,,periodical,"Title 15, Section 3006(c)(17) – frontal nudity"
"GOAT, FOREPLAY, PLATINUM, VOLUME 3",,,periodical,"Title 15, Section 3006(c)(17) – frontal nudity"
"GOAT, RED, ASIAN, SPECIAL EDITION",,,,"Title 15, Section 3006(c)(15)(A) – lacks serious literary, artistic, political or scientific value"
"GOBLIN SLAYER, VOLUME 3",Kumo Kagyu,,periodical,"Title 15, Section 3006(c)(17) – frontal nudity"
GOD FORGIVES THE STREETS DON’T 2 (2013),Blake Karrington,,,"Title 15, Section 3006(c)(15)(A) – lacks serious literary, artistic, political or scientific value"
"GOD FORGIVES, THE STREETS DON’T (2021)",Blake Karrington,,,"Title 15, Section 3006(c)(1) – violence or physical harm"
"GODDESS OF THE GLASS, VOLUME 1",Mizuki Asamori,,periodical,"Title 15, Section 3006(c)(17) – frontal nudity"
GODS & GANGSTERS,SLMN,,,"Title 15, Section 3006(c)(15)(C)(5) – conduct which is or appears to be forceful, threatening or violent"
"GODS & GANGSTERS 3, MYSTERY THRILLER SUSPENSE NOVEL (2021)",SLMN,,,"Title 15, Section 3006(c)(1) – violence or physical harm"
GODS & GANSTERS 2,SLMN,,,"Title 15, Section 3006(c)(15)(A) – lacks serious literary, artistic, political or scientific value"
"GOD’S GIVEN TALENTS, FOR THE PEOPLE, BY THE PEOPLE",Jamisi J. Calloway,,,"Title 15, Section 3006(d) – presents a serious threat to facility security or the safety of incarcerated persons and staff"
"GOLD DIGGER, WAR MISTRESS OF MARS #2",,,,"Title 15, Section 3006(c)(17) – frontal nudity"
GOLDEN FOX (2018),Wilbur Smith,,,"Title 15, Section 3006(c)(15)(B)(3) – conduct which is or appears to be forceful, threatening or violent"
"GONZO GIZMOS, PROJECTS & DEVICES TO CHANNEL YOUR INNER GEEK",Simon Quellen Field,,,"Title 15, Section 3006(c)(8) – a description of the making of any weapon, explosive, poison or destructive device"
"GOODNIGHT PUN PUN, VOLUME 5",Insio Asano,,periodical,"Title 15, Section 3006(c)(15)(A) – lacks serious literary, artistic, political or scientific value"
"GOODNIGNT PUNPUN, VOLUME 7",,,periodical,"Title 15, Section 3006(c)(17) – frontal nudity"
GORGEOUS & GORY,Jessica Rajs,,,"Title 15, Section 3006(c)(17) – frontal nudity"
"GORILLAZ IN THE BAY 3, BLACK LIVES MATTER",De’Kari,,,"Title 15, Section 3006(c)(15)(C)(5) – conduct which is or appears to be forceful, threatening or violent"
"GORILLAZ IN THE BAY 4, THE CONCLUSION",De’Kari,,,"Title 15, Section 3006(c)(15)(C)(5) – conduct which is or appears to be forceful, threatening or violent"
GOT FIGHT,Forrest Griffin,,,"Title 15, Section 3006(d) – presents a serious threat to facility security or the safety of incarcerated persons and staff"
"GOTHIC ART: VAMPIRES, WITCHES, DEMONS, DRAGONS WEREWOLVES & GOTHS",Nicola Henderson,,,"Title 15, Section 3006(c)(17) – frontal nudity"
"GOTTA HAVE IT, 69 STORIES OF SUDDEN SEX",Rachel K. Bussel,,,"Title 15, Section 3006(c)(15)(A) – lacks serious literary, artistic, political or scientific value"
"GOTTI, RISE AND FALL(1996)",Jerry Capeci and Gene Mustain,,,"Title 15, Section 3006(c)(19) – STG members or associates"
"GOTTI’S BOYS, THE MAFIA CREW THAT KILLED FOR JOHN GOTTI (2019)",Anthony M. DeStefano,,,"Title 15, Section 3006(c)(19) – STG members or associates"
"GOTUBE MAGAZINE, ISSUE 2",,,periodical,"Title 15, Section 3006(c)(15)(A) – lacks serious literary, artistic, political or scientific value"
GRAND HOTEL LIFE,Sumiya,,,"Title 15, Section 3006(c)(17) – frontal nudity"
"GRANTA 39, THE BODY (1992)",Bill Buford,,,"Title 15, Section 3006(c)(17) – frontal nudity"
"GRAVE MATTER, A DARK GOTHIC ROMANCE PSYCH THRILLER (2024)",Karina Halle,,,"Title 15, Section 3006(c)(15)(A) – lacks serious literary, artistic, political or scientific value"
GREAT BIG BEAUTIFUL DOLL: THE ANNA NICOLE SMITH STORY,Eric Redding,,,"Title 15, Section 3006(c)(17) – frontal nudity"
GREAT BOOK OF TATTOO DESIGNS,Lora S. Irish,,,"Title 15, Section 3006(c)(17) – frontal nudity"
GREAT EMPIRES: AN ILLUSTRATED ATLAS,,,,"Title 15, Section 3006(c)(17) – frontal nudity"
GREEK HOMOSEXUALITY,K. J. Dover,,,"Title 15, Section 3006(c)(15)(A) – lacks serious literary, artistic, political or scientific value"
GREG BATMAN DAVIS ORIGINAL GANGSTER,Roger Gastman,,,"Title 15, Section 3006(c)(19) – STG members or associates"
GREY,E. L. James,,,"Title 15, Section 3006(c)(15)(A) – lacks serious literary, artistic, political or scientific value"
GRINDHOUSE: THE SLEAZE FILLED SAGA OF AN EXPLOITATION DOUBLE FEATURE,Quentin Tarantino/Robert Rodriguez,,,"Title 15, Section 3006(c)(17) – frontal nudity"
"GROOVE, BANG AND JIVE AROUND",Steve Cannon,,,"Title 15, Section 3006(c)(15)(C)(6) – conduct where one of the participants is a minor, or appears to be under 18 years old"
GROWING MARIJUANA 101,,,,"Title 15, Section 3006(d) – presents a serious threat to facility security or the safety of incarcerated persons and staff"
"G-SPOT, AN URBAN EROTIC TALE (2005)",Noire,,,"Title 15, Section 3006(c)(15)(A) – lacks serious literary, artistic, political or scientific value"
GUERRILLA JIU- JITSU:REVOLUTIONIZI NG BRAZILIAN JIU- JITSU,Dave Camarillo and Erich Krauss,,,"Title 15, Section 3006(d) – presents a serious threat to facility security or the safety of incarcerated persons and staff"
GUIDE TO GETTING IT ON,Paul Joannides,,,"Title 15, Section 3006(c)(17) – frontal nudity"
GUILTY PLEASURES PIN UPS,Keith Garvey,,,"Title 15, Section 3006(c)(17) – frontal nudity"
"GUN DIGEST, AR-15, SETUP, MAINTENANCE AND REPAIR",Patrick Sweeney,,,"Title 15, Section 3006(d) – presents a serious threat to facility security or the safety of incarcerated persons and staff"
GUN HONEY,,,,"Title 15, Section 3006(c)(17) – frontal nudity"
GUNS & AMMO JANUARY 2026,,,,"Title 15, Section 3006(c)(8) – a description of the making of any weapon, explosive, poison or destructive device."
"GUNS & AMMO MAGAZINE, AUGUST 2022",,,periodical,"Title 15, Section 3006(d) – presents a serious threat to facility security or the safety of incarcerated persons and staff"
"GUNS & AMMO MAGAZINE, DECEMBER 2022",,,periodical,"Title 15, Section 3006(d) – presents a serious threat to facility security or the safety of incarcerated persons and staff"
"GUNS & AMMO MAGAZINE, DECEMBER 2025",,,periodical,"Title 15, Section 3006(c)(8) – a description of the making of any weapon, explosive, poison or destructive device."
"GUNS & AMMO MAGAZINE, JANUARY 2024",,,periodical,"Title 15, Section 3006(c)(8) – a description of the making of any weapon, explosive, poison or destructive device"
"GUNS & AMMO MAGAZINE, JULY 2022",,,periodical,"Title 15, Section 3006(d) – presents a serious threat to facility security or the safety of incarcerated persons and staff"
"GUNS & AMMO MAGAZINE, NOVEMBER 2023",,,periodical,"Title 15, Section 3006(c)(8) – a description of the making of any weapon, explosive, poison or destructive device"
"GUNS & AMMO MAGAZINE, NOVEMBER 2025",,,periodical,"Title 15, Section 3006(c)(8) – a description of the making of any weapon, explosive, poison or destructive device."
"GUNS & AMMO MAGAZINE, SEPT. 2022",,,periodical,"Title 15, Section 3006(d) – presents a serious threat to facility security or the safety of incarcerated persons and staff"
"GUNS & AMMO, APRIL 2021",,,,"Title 15, Section 3006(c)(8) – a description of the making of any weapon, explosive, poison or destructive device"
"GUNS & AMMO, APRIL 2022",,,,"Title 15, Section 3006(c)(8) – a description of the making of any weapon, explosive, poison or destructive device"
"GUNS & AMMO, APRIL 2023",,,,"Title 15, Section 3006(c)(8) – a description of the making of any weapon, explosive, poison or destructive device"
"GUNS & AMMO, AUGUST 2023",,,,"Title 15, Section 3006(c)(8) – a description of the making of any weapon, explosive, poison or destructive device"
"GUNS & AMMO, DECEMBER 2021",,,,"Title 15, Section 3006(d) – presents a serious threat to facility security or the safety of incarcerated persons and staff"
"GUNS & AMMO, FEBRUARY 2022",,,,"Title 15, Section 3006(c)(8) – a description of the making of any weapon, explosive, poison or destructive device"
"GUNS & AMMO, FEBRUARY 2023",,,,"Title 15, Section 3006(c)(8) – a description of the making of any weapon, explosive, poison or destructive device"
"GUNS & AMMO, FEBRUARY 2026, ISSUE 70",,,periodical,"Title 15, Section 3006(c)(8) – a description of the making of any weapon, explosive, poison or destructive device."
"GUNS & AMMO, HANDGUNS, JUNE/JULY 2024",,,,"Title 15, Section 3006(c)(8) – a description of the making of any weapon, explosive, poison or destructive device"
"GUNS & AMMO, HANDGUNS, OCTOBER, NOVEMBER 2023",,,,"Title 15, Section 3006(c)(8) – a description of the making of any weapon, explosive, poison or destructive device"
"GUNS & AMMO, JANUARY 2022",,,,"Title 15, Section 3006(c)(8) – a description of the making of any weapon, explosive, poison or destructive device"
"GUNS & AMMO, JULY 2020",,,,"Title 15, Section 3006(c)(8) – a description of the making of any weapon, explosive, poison or destructive device"
"GUNS & AMMO, JULY 2021",,,,"Title 15, Section 3006(c)(8) – a description of the making of any weapon, explosive, poison or destructive device"
"GUNS & AMMO, JULY 2023",,,,"Title 15, Section 3006(c)(8) – a description of the making of any weapon, explosive, poison or destructive device"
"GUNS & AMMO, JUNE 2020",,,,"Title 15, Section 3006(c)(8) – a description of the making of any weapon, explosive, poison or destructive device"
"GUNS & AMMO, JUNE 2022",,,,"Title 15, Section 3006(c)(8) – a description of the making of any weapon, explosive, poison or destructive device"
"GUNS & AMMO, JUNE 2023, VOLUME 67",,,,"Title 15, Section 3006(c)(8) – a description of the making of any weapon, explosive, poison or destructive device"
"GUNS & AMMO, JUNE 2025",,,,"Title 15, Section 3006(c)(8) – a description of the making of any weapon, explosive, poison or destructive device."
"GUNS & AMMO, MARCH 2023",,,,"Title 15, Section 3006(c)(8) – a description of the making of any weapon, explosive, poison or destructive device"
"GUNS & AMMO, MAY 2021, VOLUME 65",,,,"Title 15, Section 3006(d) – presents a serious threat to facility security or the safety of incarcerated persons and staff"
"GUNS & AMMO, MAY 2022",,,,"Title 15, Section 3006(c)(8) – a description of the making of any weapon, explosive, poison or destructive device"
"GUNS & AMMO, MAY 2023",,,,"Title 15, Section 3006(c)(8) – a description of the making of any weapon, explosive, poison or destructive device"
"GUNS & AMMO, NOVEMBER 2022",,,,"Title 15, Section 3006(d) – presents a serious threat to facility security or the safety of incarcerated persons and staff"
"GUNS & AMMO, OCT. 2022",,,,"Title 15, Section 3006(d) – presents a serious threat to facility security or the safety of incarcerated persons and staff"
"GUNS & AMMO, OCTOBER 2021",,,,"Title 15, Section 3006(d) – presents a serious threat to facility security or the safety of incarcerated persons and staff"
"GUNS & AMMO, OCTOBER 2023",,,,"Title 15, Section 3006(c)(8) – a description of the making of any weapon, explosive, poison or destructive device"
"GUNS & AMMO, PERSONAL DEFENSE 2019",,,,"Title 15, Section 3006(c)(8) – a description of the making of any weapon, explosive, poison or destructive device"
"GUNS & AMMO, SEPTEMBER 2023",,,,"Title 15, Section 3006(c)(8) – a description of the making of any weapon, explosive, poison or destructive device"
"GUNS AND AMMO MAGAZINE, MAY 2024",,,periodical,"Title 15, Section 3006(c)(8) – a description of the making of any weapon, explosive, poison or destructive device"
"GUNS AND AMMO, HANDGUNS, AUGUST – SEPTEMBER",,,,"Title 15, Section 3006(c)(8) – a description of the making of any weapon, explosive, poison or destructive device"
"GUNS AND AMMO, JULY 2023",,,,"Title 15, Section 3006(c)(8) – a description of the making of any weapon, explosive, poison or destructive device"
"GUNS AND AMMO, JUNE 2023",,,,"Title 15, Section 3006(c)(8) – a description of the making of any weapon, explosive, poison or destructive device"
"GUNS MAGAZINE, AUGUST 2021",,,periodical,"Title 15, Section 3006(d) – presents a serious threat to facility security or the safety of incarcerated persons and staff"
"GUNS MAGAZINE, JANUARY 2023",,,periodical,"Title 15, Section 3006(d) – presents a serious threat to facility security or the safety of incarcerated persons and staff"
"GUNS MAGAZINE, JUNE 2022, VOL. 68",,,periodical,"Title 15, Section 3006(d) – presents a serious threat to facility security or the safety of incarcerated persons and staff"
"GUNS MAGAZINE, JUNE 2023",,,periodical,"Title 15, Section 3006(c)(8) – a description of the making of any weapon, explosive, poison or destructive device"
"GUNS MAGAZINE, SEPTEMBER 2022",,,periodical,"Title 15, Section 3006(d) – presents a serious threat to facility security or the safety of incarcerated persons and staff"
"GUNS MAGAZINES, FEBRUARY 2022",,,,"Title 15, Section 3006(c)(8) – a description of the making of any weapon, explosive, poison or destructive device"
GURPS BASIC SET: CAMPAIGNS 4TH EDITION,Steve Jackson,,,"Title 15, Section 3006(c)(1) – violence or physical harm"
"GUTTER, THE EXPLOSIVE SEQUEL TO GANGSTA",K’Wan,,,"Title 15, Section 3006(c)(15)(C)(5) – conduct which is or appears to be forceful, threatening or violent"
GYM-FREE AND RIPPED,Nathan Jendrick,,,"Title 15, Section 3006(d) – presents a serious threat to facility security or the safety of incarcerated persons and staff"
"GYRO MAGAZINE MILF, VOLUME 8",,,periodical,"Title 15, Section 3006(c)(15)(A) – lacks serious literary, artistic, political or scientific value"
"GYRO MAGAZINE, VOLUME 5",,,periodical,"Title 15, Section 3006(c)(15)(A) – lacks serious literary, artistic, political or scientific value"
"H PARA HOMBRE, MAYO 2009",,,,"Title 15, Section 3006(c)(16) – sexually explicit images"
H.R. GIGER ARH+,Taschen Publishing,,,"Title 15, Section 3006(c)(17) – frontal nudity"
H.R. GIGER’S NECRONOMICON II,H.R. Giger,,,"Title 15, Section 3006(c)(17) – frontal nudity"
HACKING ELECTRONICS: AN ILLUSTRATED DIY GUIDE FOR MAKERS AND HOBBYISTS,Simon Monk,,,"Title 15, Section 3006(d) – presents a serious threat to facility security or the safety of incarcerated persons and staff"
HACKING FOR DUMMIES,Kevin Beaver,,,"Title 15, Section 3006(d) – presents a serious threat to facility security or the safety of incarcerated persons and staff"
HANGMEN,Dale Arenson,,,"Title 15, Section 3006(c)(19) – STG members or associates"
HANNIBAL RISING (2017),Thomas Harris,,,"Title 15, Section 3006(c)(1) – violence or physical harm"
"HANNIBAL, THE RETURN OF HANNIBAL LECTER (2000)",Thomas Harris,,,"Title 15, Section 3006(c)(1) – violence or physical harm"
"HAPPY ANNIVERSARY, WHY STINKA BUTT FILLS MY LOVE METER (2025)",,,,"Title 15, Section 3006(c)(16) – sexually explicit images"
"HAPPY VALENTINE’S DAY, LOVE KRIS",,,,"Title 15, Section 3006(c)(15)(A) – lacks serious literary, artistic, political or scientific value"
HARD CURVES,Julie Bell,,,"Title 15, Section 3006(c)(17) – frontal nudity"
HARD TIME,Shaun Attwood,,,"Title 15, Section 3006(c)(15)(C)(5) – conduct which is or appears to be forceful, threatening or violent"
HARD TIMES CREATE STRONG MEN,Stefan Aarnio,,,"Title 15, Section 3006(c)(17) – frontal nudity"
HARDCORE FITNESS,Cpt. Steven Hansen,,,"Title 15, Section 3006(c)(1) – violence or physical harm"
HARDWARE GIRLS,Julie Watai,,,"Title 15, Section 3006(c)(17) – frontal nudity"
"HARLEM GODFATHER, THE RAP ON MY HUSBAND, ELLSWORTH BUMPY JOHNSON (2008)",Mayme Johnson and Karen E Quinones Miller,,,"Title 15, Section 3006(c)(1) – violence or physical harm"
HARLEM ON LOCK (2008),Karen Williams,,,"Title 15, Section 3006(c)(15)(A) – lacks serious literary, artistic, political or scientific value"
HARRINGTON ON CASH GAMES-HOW TO WIN AT NO-LIMIT HOLD ‘EM MONEY GAMES,Dan Harrington and Bill Robertie,,,"Title 15, Section 3006(c)(13) – contains or concerns any gambling or a lottery"
"HARRINGTON ON HOLD ‘EM, EXPERT STRATEGY FOR NO LIMITS TOURNAMENTS, VOLUME 1 STRATEGIC PLAY (2023)",Dan Harrington and Bill Robertie,,periodical,"Title 15, Section 3006(c)(13) – contains or concerns any gambling or a lottery"
HAVANA HARLOT,Pierre Motteux,,,"Title 15, Section 3006(c)(17) – frontal nudity"
HAWKE’S GREEN BERET SURVIVAL MANUAL,Mykel Hawke,,,"Title 15, Section 3006(d) – presents a serious threat to facility security or the safety of incarcerated persons and staff"
HAWKE’S SPECIAL FORCES SURVIVAL HANDBOOK (2011),Mykel Hawke,,,"Title 15, Section 3006(d) – presents a serious threat to facility security or the safety of incarcerated"
"HD PRODUCT & SERVICES, YOUR CANDY COLLECTION AND YOUR K COLLECTION, AUGUST 2020",,,,"Title 15, Section 3006(c)(15)(A) – lacks serious literary, artistic, political or scientific value"
HE PLAYED ME,MS. L.B,,,"Title 15, Section 3006(c)(15)(C)(5) – conduct which is or appears to be forceful, threatening or violent"
"HE WASN’T BORN AN ANIMAL.THEY MADE HIM ONE, GHETTO BASTARD, THE BEGINNING",k’Wan,,,"Title 15, Section 3006(c)(15)(C)(5) – conduct which is or appears to be forceful, threatening or violent"
"HE WHO FIGHTS WITH MONSTERS, BOOK ONE (2021)",Shirtaloon,,,"Title 15, Section 3006(c)(1) – violence or physical harm"
"HEALING SEX, A MIND BODY APPROACH TO HEALING SEXUAL TRAUMA",Staci Haines,,,"Title 15, Section 3006(c)(15)(A) – lacks serious literary, artistic, political or scientific value"
HEALING THE HEART OF A THUG (2024),Barbie Amor,,,"Title 15, Section 3006(c)(1) – violence or physical harm"
HEALING THE HEART OF A THUG 2 (2024),Barbie Amor,,,"Title 15, Section 3006(c)(15)(A) – lacks serious literary, artistic, political or scientific value"
"HEALTH-THE BASICS, 11TH EDITION",Rebecca J. Donatelle,,,"Title 15, Section 3006(c)(17) – frontal nudity"
HEAR OUR VOICE,,,,"Title 15, Section 3006(c)(15)(A) – lacks serious literary, artistic, political or scientific value"
HEART OF MY MONSTER (2023),Rina Kent,,,"Title 15, Section 3006(c)(15)(A) – lacks serious literary, artistic, political or scientific value"
"HEARTLESS GOON 2, LIVE FREE, DIE HARD (2019)",Ghost,,,"Title 15, Section 3006(c)(1) – violence or physical harm"
"HEARTLESS GOON 3, RUTHLESS AMBITION (2019)",Ghost,,,"Title 15, Section 3006(c)(15)(A) – lacks serious literary, artistic, political or scientific value"
"HEARTLESS GOON 4, COLD BLOODED KARMA (2020)",Ghost,,,"Title 15, Section 3006(c)(1) – violence or physical harm"
"HEAVENLY BODIES, THE ART OF BRUCE COLERO",Bruce Colero,,,"Title 15, Section 3006(c)(17) – frontal nudity"
HEAVY BAG COMBINATIONS,Sammy Franco,,,"Title 15, Section 3006(d) – presents a serious threat to facility security or the safety of incarcerated persons and staff"
HEAVY BAG TRAINING,Sammy Franco,,,"Title 15, Section 3006(d) – presents a serious threat to facility security or the safety of incarcerated persons and staff"
HEAVY METAL ISSUE 292,,,periodical,"Title 15, Section 3006(c)(17) – frontal nudity"
"HEAVY METAL MAGAZINE, ISSUE NUMBER 293",,,periodical,"Title 15, Section 3006(c)(17) – frontal nudity"
"HEAVY METAL, 294",,,,"Title 15, Section 3006(c)(17) – frontal nudity"
"HEAVY METAL, ISSUE 303",,,periodical,"Title 15, Section 3006(c)(17) – frontal nudity"
"HEAVY METAL, ISSUE NUMBER 295",,,periodical,"Title 15, Section 3006(c)(17) – frontal nudity"
"HEAVY METAL, JULY 1997",,,,"Title 15, Section 3006(c)(17) – frontal nudity"
"HEAVY METAL, JULY 2001",,,,"Title 15, Section 3006(c)(17) – frontal nudity"
HELL BOUND,Francesca Gavin,,,"Title 15, Section 3006(c)(17) – frontal nudity"
"HELL ON WHEELS, AN ILLUSTRATED HISTORY OF OUTLAW MOTORCYCLE CLUBS",Bill Hayes,,,"Title 15, Section 3006(c)(17) – frontal nudity"
HELL RAZOR HONEYS,Eyone Williams,,,"Title 15, Section 3006(c)(15)(A) – lacks serious literary, artistic, political or scientific value"
HELL RAZOR HONEYS 2,Eyone Williams,,,"Title 15, Section 3006(c)(15)(A) – lacks serious literary, artistic, political or scientific value"
"HELL WITCH VS. LADY DEATH, WARGASM #1",Coffin Comics,,,"Title 15, Section 3006(c)(17) – frontal nudity"
"HELLBOUND, THE TALLY MAN (2018)",David McCaffrey,,,"Title 15, Section 3006(c)(1) – violence or physical harm"
"HELL’S ANGELS, A STRANGE AND TERRIBLE SAGA (19996)",Hunter S. Thopson,,,"Title 15, Section 3006(c)(19) – STG members or associates"
HELL’S ANGELS: THREE CAN KEEP A SECRET IF TWO ARE DEAD,Yves Lavigne,,,"Title 15, Section 3006(d) – presents a serious threat to facility security or the safety of incarcerated persons and staff"
"HELLS PARADISE 1, JIGOKURAKA",Yuji Kaku,,,"Title 15, Section 3006(c)(17) – frontal nudity"
"HELP BEYOND THE WALLS, CUM SHOTS 01-81",,,,"Title 15, Section 3006(c)(15)(A) – lacks serious literary, artistic, political or scientific value"
HELP FROM BEYOND THE WALLS LESBIAN,,,,"Title 15, Section 3006(c)(15)(A) – lacks serious literary, artistic, political or scientific value"
"HELP FROM BEYOND THE WALLS, APRIL 2019",,,,"Title 15, Section 3006(c)(17) – frontal nudity"
"HELP FROM BEYOND THE WALLS, BROTHERS BALL BEST, #27",,,,"Title 15, Section 3006(c)(15)(A) – lacks serious literary, artistic, political or scientific value"
"HELP FROM BEYOND THE WALLS, DADDY’S NAUGHTY DAUGHTER, #34",,,,"Title 15, Section 3006(c)(15)(A) – lacks serious literary, artistic, political or scientific value"
"HELP FROM BEYOND THE WALLS, LISA’S STEPMOTHER, #88",,,,"Title 15, Section 3006(c)(15)(A) – lacks serious literary, artistic, political or scientific value"
"HELP FROM BEYOND THE WALLS, PIC- CATALOG",,,,"Title 15, Section 3006(c)(15)(A) – lacks serious literary, artistic, political or scientific value"
"HELTER SKELTER, THE TRUE STORY OF THE MANSION MURDERS",VInc.ent Bugliosi,,,"Title 15, Section 3006(c)(15)(C)(5) – conduct which is or appears to be forceful, threatening or violent"
"HELTER SKELTER, THE TRUE STORY OF THE MANSON MURDERS (1994)",Vincent Bugliosi,,,"Title 15, Section 3006(c)(1) – violence or physical harm"
"HI FRUCTOSE MAGAZINE, VOLUME 42",,,periodical,"Title 15, Section 3006(c)(17) – frontal nudity"
"HI FRUCTOSE, VOLUME 41",,,,"Title 15, Section 3006(c)(15)(A) – lacks serious literary, artistic, political or scientific value"
"HIDDEN BY FATE, THE ALPHA TERRITORIES (2024)",Shannon Mayer,,,"Title 15, Section 3006(c)(15)(A) – lacks serious literary, artistic, political or scientific value"
"HIDDEN VALLEY ROAD, INSIDE THE MIND OF AN AMERICAN FAMILY (2021)",Robert Kolker,,,"Title 15, Section 3006(c)(15)(B)(3) – conduct which is or appears to be forceful, threatening or violent"
"HIGH GLOSS, ART OF VIJAT MOHINDRA",,,,"Title 15, Section 3006(c)(17) – frontal nudity"
"HIGH SCHOOL DXD, VOL. 1",,,,"Title 15, Section 3006(c)(17) – frontal nudity"
"HIGH SCHOOL DXD, VOLUME 3",,,periodical,"Title 15, Section 3006(c)(15)(A) – lacks serious literary, artistic, political or scientific value"
"HIGH SCHOOL DXD, VOLUME 5",Hiroji Mishima,,periodical,"Title 15, Section 3006(c)(17) – frontal nudity"
"HIGH SCHOOL DXD, VOLUME 6",Hiroji Mishima,,periodical,"Title 15, Section 3006(c)(17) – frontal nudity"
"HIGH SCHOOL DXD, VOLUME 7",Hiroji Mishima,,periodical,"Title 15, Section 3006(c)(15)(A) – lacks serious literary, artistic, political or scientific value"
"HIGH SCHOOL DXD, VOLUME 8",Hiroji Mishima,,periodical,"Title 15, Section 3006(c)(15)(A) – lacks serious literary, artistic, political or scientific value"
"HIGH SCHOOL DXD, VOLUME 9",Hiroji Mashima,,periodical,"Title 15, Section 3006(c)(15)(A) – lacks serious literary, artistic, political or scientific value"
HIGH SCHOOL OF THE DEAD 2,Daisuke Sato,,,"Title 15, Section 3006(c)(15)(A) – lacks serious literary, artistic, political or scientific value"
"HIGH SCHOOL, DXD, VOLUME 10",Hiroji Mishima,,,"Title 15, Section 3006(c)(15)(A) – lacks serious literary, artistic, political or scientific value"
HIGH SOCIETY #348,,,,"Title 15, Section 3006(c)(16) – sexually explicit images"
HIGH SOCIETY MAGAZINE,,,periodical,"Title 15, Section 3006(c)(17) – frontal nudity"
HIGH TIMES 45TH ANNIVERSARY NO. 529,,,,"Title 15, Section 3006(d) – presents a serious threat to facility security or the safety of incarcerated persons and staff"
HIGH TIMES 528 THE FEMALE 50,,,,"Title 15, Section 3006(d) – presents a serious threat to facility security or the safety of incarcerated persons and staff"
HIGH TIMES CREATE STRONG MEN,,,,"Title 15, Section 3006(c)(17) – frontal nudity"
"HIGH TIMES MAGAZINE, APRIL 2016 ISSUE #483",,,periodical,"Title 15, Section 3006(c)(15)(A) – lacks serious literary, artistic, political or scientific value"
"HIGH TIMES MAGAZINE, BEST OF #79 ISSUE, 2015",,,periodical,"Title 15, Section 3006(c)(15)(A) – lacks serious literary, artistic, political or scientific value"
"HIGH TIMES MAGAZINE, FEBRUARY 2018 ISSUE",,,periodical,"Title 15, Section 3006(c)(15)(A) – lacks serious literary, artistic, political or scientific value"
"HIGH TIMES MAGAZINE, SEPTEMBER 2016",,,periodical,"Title 15, Section 3006(c)(15)(A) – lacks serious literary, artistic, political or scientific value"
HIGH TIME’S MARCH 2019,,,,"Title 15, Section 3006(d) – presents a serious threat to facility security or the safety of incarcerated persons and staff"
"HIGH TIMES, AUGUST 2019",,,,"Title 15, Section 3006(d) – presents a serious threat to facility security or the safety of incarcerated persons and staff"
"HIGH TIMES, AUGUST 2021",,,,"Title 15, Section 3006(d) – presents a serious threat to facility security or the safety of incarcerated persons and staff"
"HIGH TIMES, FEBRUARY 2022",,,,"Title 15, Section 3006(d) – presents a serious threat to facility security or the safety of incarcerated persons and staff"
"HIGH TIMES, JULY 2019",,,,"Title 15, Section 3006(d) – presents a serious threat to facility security or the safety of incarcerated persons and staff"
"HIGH TIMES, JUNE 2019",,,,"Title 15, Section 3006(c)(17) – frontal nudity"
"HIGH TIMES, JUNE 2022",,,,"Title 15, Section 3006(d) – presents a serious threat to facility security or the safety of incarcerated persons and staff"
"HIGH TIMES, MAY 2019",,,,"Title 15, Section 3006(d) – presents a serious threat to facility security or the safety of incarcerated persons and staff"
"HIGH TIMES, MAY 2021",,,,"Title 15, Section 3006(d) – presents a serious threat to facility security or the safety of and staff"
"HIGH TIMES, OCTOBER 2019",,,,"Title 15, Section 3006(c)(17) – frontal nudity"
"HIGH TIMES, SEPTEMBER 2019",,,,"Title 15, Section 3006(c)(15)(A) – lacks serious literary, artistic, political or scientific value"
"HIGH TIMES, THE ESSENTIAL 420 GUIDE, APRIL 2021",,,,"Title 15, Section 3006(d) – presents a serious threat to facility security or the safety of incarcerated persons and staff"
HIGH VOLTAGE TATTOO,,,,"Title 15, Section 3006(c)(17) – frontal nudity"
HILARITY ENSUES,Tucker Max,,,"Title 15, Section 3006(c)(15)(A) – lacks serious literary, artistic, political or scientific value"
HILARITY ENSUES,Tucker Max,,,"Title 15, Section 3006(c)(15)(C)(5) – conduct which is or appears to be forceful, threatening or violent"
HINDSIGHT,,,,"Title 15, Section 3006(c)(15)(A) – lacks serious literary, artistic, political or scientific value"
"HIPPOCRENE CONCISE DICTIONARY; NAHUATL-ENGLISH, ENGLISH-NAHUATL",Fermin Herrera,,,"Title 15, Section 3006(d) – presents a serious threat to facility security or the safety of incarcerated persons and staff"
HIS LOVE CAPTIVATED ME (2023),Cali Redbone,,,"Title 15, Section 3006(c)(15)(A) – lacks serious literary, artistic, political or scientific value"
"HISTORYNET, CIVIL WAR TIMES, SUMMER 2023, VOLUME 62",,,,"Title 15, Section 3006(c)(8) – a description of the making of any weapon, explosive, poison or destructive device"
HIT LIST (2012),Laurell K. Hamilton,,,"Title 15, Section 3006(c)(15)(A) – lacks serious literary, artistic, political or scientific value"
HIT ME,Artisans,,,"Title 15, Section 3006(c)(17) – frontal nudity"
"HITLER’S WILLING EXECUTIONERS, ORDINARY GERMANS AND THE HOLOCAUST (1997)",,,,"Title 15, Section 3006(c)(1) – violence or physical harm"
"HITTAZ 2, REAL KILLAZ DON’T MISS (2022)",,,,"Title 15, Section 3006(c)(15)(A) – lacks serious literary, artistic, political or scientific value"
"HITTAZ 3, CONTRACT KILLAZ (2023)",Lou Garden Price Sr.,,,"Title 15, Section 3006(c)(19) – STG members or associates"
HITTAZ GET IT BACK IN BLOOD (2022),"Lou Garden Price, Sr.",,,"Title 15, Section 3006(c)(15)(A) – lacks serious literary, artistic, political or scientific value"
"HO TACTICS, GOLD EDITION (2024)",G.L. Lambert,,,"Title 15, Section 3006(c)(15)(A) – lacks serious literary, artistic, political or scientific value"
HOLD STILL,Sally Mann,,,"Title 15, Section 3006(c)(17) – frontal nudity"
HOLLY (2024),Stephen King,,,"Title 15, Section 3006(c)(15)(B)(3) – conduct which is or appears to be forceful, threatening or violent"
"HOLLYWOOD BABYLON, THE LEGENDARY UNDERGROUND CLASSIC OF HOLLYWOOD’S DARKEST AND BEST KEPT SECRETS (1975)",Kenneth Anger,,,"Title 15, Section 3006(c)(16) – sexually explicit images"
"HOLY CORPSE RISING, VOLUME 6",Hosana Tanaka,,periodical,"Title 15, Section 3006(c)(17) – frontal nudity"
HOME GROWN MARIJUANA,Joshua Sheets,,,"Title 15, Section 3006(d) – presents a serious threat to facility security or the safety of incarcerated persons and staff"
HOMETOWN GIRLS MAGAZINE,,,periodical,"Title 15, Section 3006(c)(17) – frontal nudity"
HONCHO MAGAZINE,,,periodical,"Title 15, Section 3006(c)(17) – frontal nudity"
"HONEST WAY, CATALOG 3",,,,"Title 15, Section 3006(c)(15)(A) – lacks serious literary, artistic, political or scientific value"
"HONOR, FEW, FEAR NONE: THE LIFE AND TIMES OF A MONGOL",Ruben Cavazos,,,"Title 15, Section 3006(c)(19) – STG members or associates"
HOOD LOVE AND LOYALTY,El Griffin,,,"Title 15, Section 3006(c)(15)(A) – lacks serious literary, artistic, political or scientific value"
HOOD LOVE AND LOYALTY 2,El Griffin,,,"Title 15, Section 3006(c)(15)(A) – lacks serious literary, artistic, political or scientific value"
HOOD LOVE AND LOYALTY 3,El Griffin,,,"Title 15, Section 3006(c)(15)(A) – lacks serious literary, artistic, political or scientific value"
HOOD RAT,K’Wan,,,"Title 15, Section 3006(c)(15)(A) – lacks serious literary, artistic, political or scientific value"
"HOOD, LOVE & LOYALTY",El Griffin,,,"Title 15, Section 3006(c)(15)(A) – lacks serious literary, artistic, political or scientific value"
"HOOD, LOVE & LOYALTY 2",El Griffin,,,"Title 15, Section 3006(c)(15)(A) – lacks serious literary, artistic, political or scientific value"
"HOOD, LOVE & LOYALTY 3",El Griffin,,,"Title 15, Section 3006(c)(15)(A) – lacks serious literary, artistic, political or scientific value"
HOOVER CRIPS: WHEN CRIPIN’ BECOMES A WAY OF LIFE,Steven R. Cureton,,,"Title 15, Section 3006(c)(19) – STG members or associates"
HOPE,Lovern Kindzierski and John Bolton,,,"Title 15, Section 3006(c)(17) – frontal nudity"
HORROR COLORING BOOK (2023),Norman Abutt,,,"Title 15, Section 3006(c)(1) – violence or physical harm"
HORROR COLORING BOOK (2024),Johnathan Paxton,,,"Title 15, Section 3006(c)(1) – violence or physical harm"
HOT ASIANS MAGAZINE,,,periodical,"Title 15, Section 3006(c)(17) – frontal nudity"
"HOT FLIXX CATALOG, ACTION SHOTS, NUMBER 1",,,,"Title 15, Section 3006(c)(15)(A) – lacks serious literary, artistic, political or scientific value"
"HOT FLIXX WOMEN, VOL 4",,,,"Title 15, Section 3006(c)(15)(A) – lacks serious literary, artistic, political or scientific value"
HOT N OLDER MAGAZINE,,,periodical,"Title 15, Section 3006(c)(17) – frontal nudity"
HOT PINK 1,,,,"Title 15, Section 3006(c)(17) – frontal nudity"
"HOT SEX, TIPS, TRICKS, AND LICKS",Jessica O’Reilly,,,"Title 15, Section 3006(c)(15)(A) – lacks serious literary, artistic, political or scientific value"
"HOT THOTS 2, TOO HOT, BY HITACHI CHOPARAZZI (2021)",Hitachi Choparazzi,,,"Title 15, Section 3006(c)(15)(A) – lacks serious literary, artistic, political or scientific value"
HOT TO THE TOUCH,Cole Riley,,,"Title 15, Section 3006(c)(15)(A) – lacks serious literary, artistic, political or scientific value"
HOTWIFE FANTASIES (2023),Ruby Frost,,,"Title 15, Section 3006(c)(15)(A) – lacks serious literary, artistic, political or scientific value"
HOW NOT TO SUMMON A DEMON LORD VOLUME 3 (2019),Yukiya Murasaki,,periodical,"Title 15, Section 3006(c)(15)(A) – lacks serious literary, artistic, political or scientific value"
HOW TO BEAT UP ANYBODY,Judah Friedlander,,,"Title 15, Section 3006(c)(17) – frontal nudity"
"HOW TO BUILD A DUNGEON 2, BOOK OF THE DEMON KING",Warau Yakan,,,"Title 15, Section 3006(c)(17) – frontal nudity"
"HOW TO BUILD A DUNGEON, BOOK OF THE DEMON KING VOLUME 1 (2016)",Warau Yakan,,periodical,"Title 15, Section 3006(c)(17) – frontal nudity"
"HOW TO BUILD A DUNGEON, BOOK OF THE DEMON KING, VOL. 1",Warau Yakan,,,"Title 15, Section 3006(c)(17) – frontal nudity"
"HOW TO BUILD A DUNGEON, BOOK OF THE DEMON KING, VOL. 3",Warau Yakan,,,"Title 15, Section 3006(c)(17) – frontal nudity"
"HOW TO BUILD A DUNGEON, BOOK OF THE DEMON KING, VOLUME 4",Warau Yakan,,periodical,"Title 15, Section 3006(c)(17) – frontal nudity"
HOW TO DISAPPEAR AND LIVE OFF THE GRID (2022),John Kiriakou,,,"Title 15, Section 3006(d) – presents a serious threat to facility security or the safety of incarcerated"
HOW TO DISAPPEAR AND NEVER BE FOUND,Barry Davies,,,"Title 15, Section 3006(d) – presents a serious threat to facility security or the safety of incarcerated persons and staff"
HOW TO DRAW AND PAINT PIN-UPS AND GLAMOUR GIRLS,Walter Foster,,,"Title 15, Section 3006(c)(17) – frontal nudity"
HOW TO DRAW AWESOME FIGURES,Neil Fontaine,,,"Title 15, Section 3006(c)(15)(A) – lacks serious literary, artistic, political or scientific value"
"HOW TO DRAW CHILLER MONSTERS, WEREWOLVES, VAMPIRES, AND ZOMBIES",J. David Spurlock,,,"Title 15, Section 3006(c)(17) – frontal nudity"
HOW TO DRAW COMIC BOOK HEROES AND VILLIANS,Christopher Hart,,,"Title 15, Section 3006(c)(17) – frontal nudity"
HOW TO DRAW FANTASY FEMALES,Chris Patmore,,,"Title 15, Section 3006(c)(17) – frontal nudity"
"HOW TO DRAW MANGA, THE FEMALE FIGURE (2022)",Manga University,,,"Title 15, Section 3006(c)(17) – frontal nudity"
HOW TO EAT PUSSY,Little Red Books,,,"Title 15, Section 3006(c)(15)(A) – lacks serious literary, artistic, political or scientific value"
"HOW TO FIND ANYONE ANYWHERE, EDEN PRESS BOOK #629",,,,"Title 15, Section 3006(c)(6) – plans for activities which violate the law, these regulations, or local procedures"
HOW TO GIVE HER ABSOLUTE PLEASURE,Lou Paget,,,"Title 15, Section 3006(c)(15)(A) – lacks serious literary, artistic, political or scientific value"
HOW TO GROW MARIJUANA,Murph Wolfson,,,"Title 15, Section 3006(d) – presents a serious threat to facility security or the safety of incarcerated persons and staff"
HOW TO HUSTLE AND WIN,Supreme Understanding and Rick Ross,,,"Title 15, Section 3006(d) – presents a serious threat to facility security or the safety of incarcerated persons and staff"
"HOW TO HUSTLE AND WIN, PART 2, RAP, RACE AND REVOLUTION",,,,"Title 15, Section 3006(d) – presents a serious threat to facility security or the safety of incarcerated persons and staff"
"HOW TO HUSTLE AND WIN, SEX, MONEY, MURDER",The Cell Block,,,"Title 15, Section 3006(c)(15)(C)(5) – conduct which is or appears to be forceful, threatening or violent"
"HOW TO HUSTLE AND WIN, SEX, MONEY, MURDER",The Cell Block,,,"Title 15, Section 3006(c)(15)(C)(5) – conduct which is or appears to be forceful, threatening or violent"
HOW TO INVENT EVERYTHING,,,,"Title 15, Section 3006(d) – presents a serious threat to facility security or the safety of incarcerated persons and staff"
HOW TO MAKE LOVE LIKE A PORN STAR,Jenna Jameso & Neil Strauss,,,"Title 15, Section 3006(c)(17) – frontal nudity"
"HOW TO MAKE LOVE TO A PORN STAR, A CAUTIONARY TALE",Jenna Jameson,,,"Title 15, Section 3006(c)(17) – frontal nudity"
HOW TO MAKE MONEY LIKE A PORN STAR,Neil Strauss & Bernard Chang,,,"Title 15, Section 3006(c)(17) – frontal nudity"
HOW TO READ EROTIC ART,Flavio Bebbraro,,,"Title 15, Section 3006(c)(17) – frontal nudity"
HOW TO SEE FAERIES,Brian Froud/John Matthews,,,"Title 15, Section 3006(d) – presents a serious threat to facility security or the safety of incarcerated persons"
"HOW TO SURVIVE ANYTHING, ANYWHERE (2014)",Chris McNab,,,"Title 15, Section 3006(d) – presents a serious threat to facility security or the safety of incarcerated"
HOW TO SURVIVE OFF THE GRID,Tim Macwelch,,,"Title 15, Section 3006(d) – presents a serious threat to facility security or the safety of incarcerated persons and staff"
HOW TO WIN AT BLACKJACK (2025),Julian Crane,,,"Title 15, Section 3006 (c)(13) – contains or concerns gambling or a lottery"
"HOW WE FIGHT FOR OUR LIVES, A MEMOIR (2019)",Saeed Jones,,,"Title 15, Section 3006(c)(15)(A) – lacks serious literary, artistic, political or scientific value"
HOWARD STERN – MISS AMERICA,Howard Stern,,,"Title 15, Section 3006(c)(17) – frontal nudity"
HOWARD STERN COMES AGAIN (2019),Howard Stern,,,"Title 15, Section 3006(c)(15)(A) – lacks serious literary, artistic, political or scientific value"
HR GIGER ARH+ (2001),H.R. Giger,,,"Title 15, Section 3006(c)(15)(A) – lacks serious literary, artistic, political or scientific value"
HUGE 3,John Patrick,,,"Title 15, Section 3006(c)(15)(A) – lacks serious literary, artistic, political or scientific value"
HUMAN ANATOMY MADE AMAZINGLY EASY,Christopher Hart,,,"Title 15, Section 3006(c)(15)(A) – lacks serious literary, artistic, political or scientific value"
HUMAN BODY,Ann Baggaley,,,"Title 15, Section 3006(c)(17) – frontal nudity"
"HUMAN TARGET, CHANCE MEETINGS (2010)",,,,"Title 15, Section 3006(c)(1) – violence or physical harm"
HUMBLE SERVANT (2021),Clyde Barrow,,,"Title 15, Section 3006(c)(1) – violence or physical harm"
HUNGER MOUNTAIN,Miciah Bay Gault,,,"Title 15, Section 3006(c)(17) – frontal nudity"
HUNGER MOUNTAIN,Miciah Bay Gault,,,"Title 15, Section 3006(c)(17) – frontal nudity"
HUNTING EL CHAPO (2018),Andrew Hogan,,,"Title 15, Section 3006(c)(19) – STG members or associates"
"HUNTING MAGAZINE, APRIL-MAY 2024",,,periodical,"Title 15, Section 3006(c)(8) – a description of the making of any weapon, explosive, poison or destructive device"
"HURRICANES, A MEMOIR",Rick Ross,,,"Title 15, Section 3006(d) – presents a serious threat to facility security or the safety of incarcerated persons and staff"
HUSH MAGAZINE,,,periodical,"Title 15, Section 3006(c)(17) – frontal nudity"
"HUSTLE AIRE MAGAZINE, NIPSEY HUSTLE",,,periodical,"Title 15, Section 3006(c)(19) – STG members or associates"
"HUSTLER HUMOR, FALL 2021, VOLUME 43, ISSUE 2",,,periodical,"Title 15, Section 3006(c)(17) – frontal nudity"
"HUSTLER HUMOR, SPRING 2019, VOLUME 41, NUMBER 1 HUSTLER MAGAZINE",,,periodical,"Title 15, Section 3006(c)(17) – frontal nudity Nudity – 12 consecutive issues – Permanently Disapproved"
"HUSTLER, BARELY LEGAL",,,,"Title 15, Section 3006(c)(17) – frontal nudity"
"HUSTLER, LINGERIE PRESENTS, BACKDOOR BABES, VOLUME 163",,,,"Title 15, Section 3006(c)(15)(A) – lacks serious literary, artistic, political or scientific value"
"HUSTLER, LINGERIE PRESENTS, BACKDOOR BABES, VOLUME 179",,,,"Title 15, Section 3006(c)(15)(A) – lacks serious literary, artistic, political or scientific value"
"HUSTLER, LINGERIE PRESENTS, BUSTY",,,,"Title 15, Section 3006(c)(17) – frontal nudity"
"HUSTLER, LINGERIE PRESENTS, LATIN GIRLS, VOLUME 183",,,,"Title 15, Section 3006(c)(15)(A) – lacks serious literary, artistic, political or scientific value"
HUSTLERS AND CON MEN,,,,"Title 15, Section 3006(c)(2) – blackmail or extortion"
HUSTLER’S BEST OF BEAVER HUNT,,,,"Title 15, Section 3006(c)(17) – frontal nudity"
"HUSTLERS LINGERIE PRESENTS, LATIN GIRLS, VOLUME 173",,,,"Title 15, Section 3006(c)(17) – frontal nudity"
"HUSTLER’S TABOO, JULY-AUGUST 2020",,,,"Title 15, Section 3006(c)(17) – frontal nudity"
"HUSTLER’S TABOO, THE KINKY SIDE OF HUSTLER, JANUARY- FEBRUARY 2022",,,,"Title 15, Section 3006(c)(17) – frontal nudity"
"HUSTLER’S TABOO, THE KINKY SIDE OF HUSTLER, MAY-JUNE 2021",,,,"Title 15, Section 3006(c)(17) – frontal nudity"
"HYBRID GANGS AND THE HYPHY MOVEMENT, CROSSING THE COLOR LINE IN SACRAMENTO COUNTY (2011)",Antoinette Noel Wood,,,"Title 15, Section 3006(c)(19) – STG members or associates"
"HYBRID HEART, VOL. 2",,,,"Title 15, Section 3006(c)(15)(A) – lacks serious literary, artistic, political or scientific value"
"HYDROPONIC MARIJUANA, 3 FOOLPROOF WAYS TO GROW CANNABIS WITH HYDROPONICS",Richard Bray,,,"Title 15, Section 3006(c)(17) – frontal nudity"
I AM ME I AM FREE THE ROBOTS GUIDE TO FREEDOM,David Icke,,,"Title 15, Section 3006(c)(17) – frontal nudity"
I AM RAYMOND WASHINGTON,Zach Fortier,,,"Title 15, Section 3006(c)(19) – STG members or associates"
I CAN’T KEEP MY HANDS OFF YOU,,,,"Title 15, Section 3006(c)(15)(A) – lacks serious literary, artistic, political or scientific value"
I HEART GIRL,Jessica Yatrofsky,,,"Title 15, Section 3006(c)(17) – frontal nudity"
I HOPE THEY SERVE BEER IN HELL,Tucker Max,,,"Title 15, Section 3006(c)(15)(A) – lacks serious literary, artistic, political or scientific value"
I LOVE TATTOOS,Takahiro Kitamura,,,"Title 15, Section 3006(c)(17) – frontal nudity"
"I SPY, HOW TO BE YOUR OWN PRIVATE INVESTIGATOR",Daniel Ribacoff,,,"Title 15, Section 3006(d) – presents a serious threat to facility security or the safety of incarcerated persons and staff"
"I WILL BREAK YOU, A DARK STALKER ROMANCE (2024)",Gigi Styx,,,"Title 15, Section 3006(c)(15)(C)(5) – conduct which is or appears to be forceful, threatening or violent"
"I’ADORE MAGAZINE, ANNIVERSARY PART 1",,,periodical,"Title 15, Section 3006(c)(15)(A) – lacks serious literary, artistic, political or scientific value"
"I’ADORE MAGAZINE, ISSUE #11",,,periodical,"Title 15, Section 3006(c)(15)(A) – lacks serious literary, artistic, political or scientific value"
"I’ADORE, ISSUE # 16",,,periodical,"Title 15, Section 3006(c)(15)(A) – lacks serious literary, artistic, political or scientific value"
"IDEAS & DISCOVERIES, MAY 2019",,,,"Title 15, Section 3006(c)(8) – a description of the making of any weapon, explosive, poison or destructive device"
IDLE HANDS: THE ART OF COOP,Chris Cooper,,,"Title 15, Section 3006(c)(17) – frontal nudity"
"IDOLHOUSE, VOL. 1 (2013)",Takayoshi Sano,,,"Title 15, Section 3006(c)(16) – sexually explicit images"
"IF THESE WALLS COULD TALK, PART 2 (2020)",Ricky St. Julien II,,,"Title 15, Section 3006(c)(15)(A) – lacks serious literary, artistic, political or scientific value"
"IG MAMI’S, ISSUE 1",,,periodical,"Title 15, Section 3006(c)(15)(A) – lacks serious literary, artistic, political or scientific value"
III MILLENNIUM,Luis Royo,,,"Title 15, Section 3006(c)(17) – frontal nudity"
"I’LL BE GONE IN THE DARK, ONE WOMAN’S OBSESSIVE SEARCH FOR THE GOLDEN STATE KILLER (2019)",Michelle McNamara,,,"Title 15, Section 3006(c)(1) – violence or physical harm"
"I’LL HOLD IT DOWN FOR YOU, A HOOD LOVE AFFAIR",Royalty King McCall,,,"Title 15, Section 3006(c)(15)(C)(5) – conduct which is or appears to be forceful, threatening or violent"
"I’M A BEHEMOTH, VOLUME 8 (2024)",Nozomi Ginyoku,,periodical,"Title 15, Section 3006(c)(17) – frontal nudity"
IM A SURVIVOR,Evan Lee McNair,,,"Title 15, Section 3006(c)(1) – violence or physical harm"
I’M NOT A SUCCUBUS! 3 (2020),Horitomo,,,"Title 15, Section 3006(c)(17) – frontal nudity"
I’M NOT A SUCCUBUS! 4 (2024),Horitomo,,,"Title 15, Section 3006(c)(17) – frontal nudity"
"I’M THE HERO, BUT THE DEMON LORD’S ALSO ME, VOLUME 1",Akiyoshi Ota,,periodical,"Title 15, Section 3006(c)(16) – sexually explicit images"
"I’M THE HERO, BUT THE DEMON LORD’S ALSO ME, VOLUME 2 (2022)",Akiyoshi Ota,,periodical,"Title 15, Section 3006(c)(16) – sexually explicit images"
IMAGINISTIX,Boris Vallejo & Julie Bell,,,"Title 15, Section 3006(c)(17) – frontal nudity"
IMAIZUMI BRINGS ALL THE GALS TO HIS HOUSE (2024),Gorou Nori,,,"Title 15, Section 3006(c)(16) – sexually explicit images"
IMPACT (2014),Adam Baker,,,"Title 15, Section 3006(c)(1) – violence or physical harm"
IMPORTANT PHOTOGRAPHS AND PHOTOBOOKS,Swann Auction Galleries,,,"Title 15, Section 3006(c)(17) – frontal nudity"
IMPRESSIONIST PAINTING IN THE LOUVRE,Germain Bazin,,,"Title 15, Section 3006(c)(17) – frontal nudity"
"IN HIS OWN WORDS, THE ESSENTIAL SPEECHES OF ADOLF HITLER (2022)",Adolf Hitler,,,"Title 15, Section 3006(d) – presents a serious threat to facility security or the safety of incarcerated"
IN LOVE WITH THE CONNECT 2 (2020),Ebony Diamonds,,,"Title 15, Section 3006(c)(15)(A) – lacks serious literary, artistic, political or scientific value"
IN THE LIKELY EVENT (2023),Rebecca Yarros,,,"Title 15, Section 3006(c)(15)(A) – lacks serious literary, artistic, political or scientific value"
IN THE NAME OF SATAN,Wensley Clarkson,,,"Title 15, Section 3006(c)(15)(C)(5) – conduct which is or appears to be forceful, threatening or violent"
INAPPROPRIATE JOKE BOOK FOR ADULTS (2023),Rann Lowe,,,"Title 15, Section 3006(c)(15)(A) – lacks serious literary, artistic, political or scientific value"
"INC. MAGAZINE, MAY 2017 ISSUE",,,periodical,"Title 15, Section 3006(c)(15)(A) – lacks serious literary, artistic, political or scientific value"
"INC., MARCH-APRIL 2020",,,,"Title 15, Section 3006(d) – presents a serious threat to facility security or the safety of incarcerated persons and staff"
INC.HES MAGAZINE,,,periodical,"Title 15, Section 3006(c)(17) – frontal nudity"
INC.REDIBLE COMIC BOOK WOMEN,Tom Nguyen,,,"Title 15, Section 3006(c)(17) – frontal nudity"
INC.REDIBLE COMICS,Tom Nguyen,,,"Title 15, Section 3006(c)(17) – frontal nudity"
"INFECTED BY ART, VOLUME 1",Todd Spoor and Aaron Raymond,,periodical,"Title 15, Section 3006(c)(15)(A) – lacks serious literary, artistic, political or scientific value"
INFINITE LOVE IS THE ONLY TRUTH EVERYTHING ELSE IS ILLUSION,David Icke,,,"Title 15, Section 3006(c)(17) – frontal nudity"
INFINITY WARS (2019),Gerry Duggan,,,"Title 15, Section 3006(c)(1) – violence or physical harm"
"INFLUENCE, THE PSYCHOLOGY OF PERSUASION (2021)",Robert B. Cialdini,,,"Title 15, Section 3006(d) – presents a serious threat to facility security or the safety of incarcerated"
"INK FROM THE PEN MAGAZINE, SEPTEMBER 2017, ISSUE NUMBER 12",,,periodical,"Title 15, Section 3006(c)(15)(A) – lacks serious literary, artistic, political or scientific value"
"INK FROM THE PEN, BEST OF ISSUES 5-25",,,,"Title 15, Section 3006(c)(1) – violence or physical harm"
"INK FROM THE PEN, COMMEMORATIVE ISSUE, ART HIGHLIGHTS FROM ISSUES 1-4",,,periodical,"Title 15, Section 3006(c)(19) – STG members or associates"
"INK FROM THE PEN, DECEMBER 2017, ISSUE 13",,,periodical,"Title 15, Section 3006(c)(19) – STG members or associates"
"INK FROM THE PEN, DECEMBER 2017, ISSUE NUMBER 13",,,periodical,"Title 15, Section 3006(d) – presents a serious threat to facility security or the safety of incarcerated persons and staff"
"INK FROM THE PEN, DECEMBER 2018, ISSUE 17",,,periodical,"Title 15, Section 3006(c)(19) – STG members or associates"
"INK FROM THE PEN, DECEMBER 2020, ISSUE 25",,,periodical,"Title 15, Section 3006(c)(19) – STG members or associates"
"INK FROM THE PEN, EPIC ISSUE",,,periodical,"Title 15, Section 3006(c)(19) – STG members or associates"
"INK FROM THE PEN, ISSUE 16",,,periodical,"Title 15, Section 3006(c)(19) – STG members or associates"
"INK FROM THE PEN, ISSUE 26",,,periodical,"Title 15, Section 3006(c)(19) – STG members or associates"
"INK FROM THE PEN, ISSUE 27",,,periodical,"Title 15, Section 3006(c)(19) – STG members or associates"
"INK FROM THE PEN, ISSUE 28",,,periodical,"Title 15, Section 3006(c)(17) – frontal nudity"
"INK FROM THE PEN, ISSUE 29",,,periodical,"Title 15, Section 3006(c)(19) – STG members or associates"
"INK FROM THE PEN, ISSUE 30",,,periodical,"Title 15, Section 3006(c)(19) – STG members or associates"
"INK FROM THE PEN, ISSUE 31",,,periodical,"Title 15, Section 3006(c)(19) – STG members or associates"
"INK FROM THE PEN, ISSUE 32",,,periodical,"Title 15, Section 3006(c)(19) – STG members or associates"
"INK FROM THE PEN, ISSUE 33",,,periodical,"Title 15, Section 3006(c)(19) – STG members or associates"
"INK FROM THE PEN, ISSUE 34",,,periodical,"Title 15, Section 3006(c)(19) – STG members or associates"
"INK FROM THE PEN, ISSUE 37",,,periodical,"Title 15, Section 3006(c)(19) – STG members or associates"
"INK FROM THE PEN, ISSUE 38",,,periodical,"Title 15, Section 3006(c)(19) – STG members or associates"
"INK FROM THE PEN, ISSUE 5",,,periodical,"Title 15, Section 3006(c)(19) – STG members or associates"
"INK FROM THE PEN, ISSUE 6",,,periodical,"Title 15, Section 3006(c)(19) – STG members or associates"
"INK FROM THE PEN, ISSUE 6",,,periodical,"Title 15, Section 3006(c)(19) – STG members or associates"
"INK FROM THE PEN, ISSUE NUMBER 10",,,periodical,"Title 15, Section 3006(c)(15)(A) – lacks serious literary, artistic, political or scientific value"
"INK FROM THE PEN, ISSUE NUMBER 10",,,periodical,"Title 15, Section 3006(c)(15)(A) – lacks serious literary, artistic, political or scientific value"
"INK FROM THE PEN, JUNE 2017 ISSUE NUMBER 11",,,periodical,"Title 15, Section 3006(d) – presents a serious threat to facility security or the safety of incarcerated persons and staff"
"INK FROM THE PEN, JUNE 2018",,,,"Title 15, Section 3006(c)(19) – STG members or associates"
"INK FROM THE PEN, MARCH 2018, ISSUE 14",,,periodical,"Title 15, Section 3006(c)(19) – STG members or associates"
"INK FROM THE PEN, MARCH 2020, ISSUE 22",,,periodical,"Title 15, Section 3006(c)(19) – STG members or associates"
"INK ‘N GIRLS, VOLUME 2",Akos Banfalvi,,periodical,"Title 15, Section 3006(c)(17) – frontal nudity"
INK; THE ART OF TATTOO,Viction Workshop,,,"Title 15, Section 3006(c)(15)(A) – lacks serious literary, artistic, political or scientific value"
"INKED MAGAZINE, AUGUST 2016 ISSUE",,,periodical,"Title 15, Section 3006(c)(15)(A) – lacks serious literary, artistic, political or scientific value"
"INKED MAGAZINE, INKED FOR A CAUSE, OCTOBER 2017 ISSUE",,,periodical,"Title 15, Section 3006(c)(15)(A) – lacks serious literary, artistic, political or scientific value"
"INKED MAGAZINE, JULY 2016 ISSUE, NUMBER 76",,,periodical,"Title 15, Section 3006(c)(15)(A) – lacks serious literary, artistic, political or scientific value"
"INKED MAGAZINE, JULY 2017 ISSUE",,,periodical,"Title 15, Section 3006(c)(15)(A) – lacks serious literary, artistic, political or scientific value"
"INKED MAGAZINE, JUNE/JULY 2015 ISSUE",,,periodical,"Title 15, Section 3006(c)(15)(A) – lacks serious literary, artistic, political or scientific value"
"INKED MAGAZINE, NOVEMBER 2016",,,periodical,"Title 15, Section 3006(c)(15)(A) – lacks serious literary, artistic, political or scientific value"
"INKED MAGAZINE, NOVEMBER 3, 2009 ISSUE",,,periodical,"Title 15, Section 3006(c)(19) – STG members or associates"
"INKED MAGAZINE, OCTOBER 2016",,,periodical,"Title 15, Section 3006(c)(17) – frontal nudity"
"INKED MAGAZINE, THE PIN-UP ISSUE, FEBRUARY 2017",,,periodical,"Title 15, Section 3006(c)(17) – frontal nudity"
"INKED MAGAZINE, THE PIN-UP ISSUE, FEBRUARY 2017",,,periodical,"Title 15, Section 3006(c)(17) – frontal nudity"
INKED MEMBERS CLUB MAGAZINE #2,,,periodical,"Title 15, Section 3006(c)(17) – frontal nudity"
"INKED MEMBERS CLUB MAGAZINE, ISSUE 1",,,periodical,"Title 15, Section 3006(c)(15)(A) – lacks serious literary, artistic, political or scientific value"
"INKED, OCTOBER 2017",,,,"Title 15, Section 3006(c)(15)(A) – lacks serious literary, artistic, political or scientific value"
"INKED, THE SEX ISSUE, SEPTEMBER 2019",,,periodical,"Title 15, Section 3006(c)(15)(A) – lacks serious literary, artistic, political or scientific value"
"INMATE CONNECTIONS, BAD BITCHES, FALL 2012 CATALOG",,,,"Title 15, Section 3006(c)(15)(A) – lacks serious literary, artistic, political or scientific value"
"INMATE SERVICES DIGEST, MARCH 2016 ISSUE #1",,,periodical,"Title 15, Section 3006(d) – presents a serious threat to facility security or the safety of incarcerated persons and staff"
"INMATE SERVICES, K SERIES CATALOG NUMBER 3",,,,"Title 15, Section 3006(c)(15)(A) – lacks serious literary, artistic, political or scientific value"
INNER CITY HOODLUM,Donald Goines,,,"Title 15, Section 3006(c)(15)(C)(5) – conduct which is or appears to be forceful, threatening or violent"
"INNOCENT, BOOK THREE OF THE MAIDEN SERIES (2013)",Aishling Morgan,,,"Title 15, Section 3006(c)(15)(A) – lacks serious literary, artistic, political or scientific value"
"INSATIABLE PORN, A LOVE STORY",Asa Akira,,,"Title 15, Section 3006(c)(15)(A) – lacks serious literary, artistic, political or scientific value"
"INSIDE LINDA LOVELACE’S DEEP THROAT; DEGRADATION, PORNO CHIC AND THE RISE OF FEMINISM",Blood Moon Production,,,"Title 15, Section 3006(c)(17) – frontal nudity"
INSIDE MAN (2015),Jeff Abbott,,,"Title 15, Section 3006(c)(1) – violence or physical harm"
INSIDE OUT LOS ANGELES,DBA Compass Maps,,,"Title 15, Section 3006(d) – presents a serious threat to facility security or the safety of incarcerated persons and staff"
INSIDE THE LION’S DEN (1998),Ken Shamrock and Richard Hanner,,,"Title 15, Section 3006(d) – presents a serious threat to facility security or the safety of incarcerated persons and staff"
INTENDED FOR PLEASURE SEX TECHNIQUE AND SEXUAL FULFILMENT IN CHRISTIAN MARRIAGE,Ed Wheat & Gaye Wheat,,,"Title 15, Section 3006(c)(15)(A) – lacks serious literary, artistic, political or scientific value"
"INTERSPECIES REVIWERS, VOL. 1",Amahara,,,"Title 15, Section 3006(c)(17) – frontal nudity"
"INTERVIEW ISSUE 52, WINTER 2019",,,periodical,"Title 15, Section 3006(c)(17) – frontal nudity"
"INTERVIEW MAGAZINE, ISSUE 553, MARCH 2024",,,periodical,"Title 15, Section 3006(c)(17) – frontal nudity"
"INTERVIEW MAGAZINE, SEPTEMBER 2021, ISSUE 538",,,periodical,"Title 15, Section 3006(c)(17) – frontal nudity"
"INTERVIEW MAGAZINE, SEPTEMBER 2025, ISSUE 562",,,periodical,"Title 15, Section 3006(c)(16) – sexually explicit images"
INTERVIEW WINTER 2018,,,,"Title 15, Section 3006(c)(17) – frontal nudity"
INTERVIEW WITH THE VAMPIRE (1989),Anne Rice,,,"Title 15, Section 3006(c)(15)(A) – lacks serious literary, artistic, political or scientific value"
"INTERVIEW, ISSUE 548, SPRING 2023",,,periodical,"Title 15, Section 3006(c)(17) – frontal nudity"
INTO THE CAGE: THE RISE OF UFC NATION,Nick Gullo,,,"Title 15, Section 3006(d) – presents a serious threat to facility security or the safety of incarcerated persons and staff"
"INTOXICATING MAGAZINE, ISSUE 10",,,periodical,"Title 15, Section 3006(c)(17) – frontal nudity"
INTRODUCTION TO BAGUAZHANG,Kent Howard,,,"Title 15, Section 3006(c)(15)(C)(5) – conduct which is or appears to be forceful, threatening or violent"
INUYASHIKI,Hiroya Oku,,,"Title 15, Section 3006(c)(17) – frontal nudity"
INVICTUS BOOKS 2020 CATALOG,,,,"Title 15, Section 3006(c)(19) – STG members or associates"
"INVINCIBLE COMPENDIUM 2, VOLUME 2 (2013)","Robert Kirkman, Cory Walker & Ryan Ottley",,periodical,"Title 15, Section 3006(c)(1) – violence or physical harm"
"INVINCIBLE COMPENDIUM, VOLUME 1 (2011)","Robert Kirkman, Cory Walker & Ryan Ottley",,periodical,"Title 15, Section 3006(c)(1) – violence or physical harm"
IP MAN STYLE WING CHUN,Wayne Belonoha,,,"Title 15, Section 3006(d) – presents a serious threat to facility security or the safety of incarcerated persons and staff"
IPT’S CRANE AND RIGGING HANDBOOK (1991),Ronald G. Garby,,,"Title 15, Section 3006(d) – presents a serious threat to facility security or the safety of incarcerated"
"IRON FLAME, THE EMPYREAN, 2 (2025)",Rebecca Yarros,,,"Title 15, Section 3006(c)(15)(A) – lacks serious literary, artistic, political or scientific value"
"IRON HORSE, JULY 1990, VOL. 13",,,,"Title 15, Section 3006(c)(17) – frontal nudity"
"IRON HORSE, JULY 1990, VOL. 14",,,,"Title 15, Section 3006(c)(17) – frontal nudity"
"IRON THREAD, SOUTHERN SHAOLIN HUNG GAR KUNG FU CLASSICS SERIES (2008)",Lam Sai Wing,,,"Title 15, Section 3006(d) – presents a serious threat to facility security or the safety of incarcerated"
ISIS: INSIDE THE ARMY OF TERROR,Michael Weiss and Hassan Hassan,,,"Title 15, Section 3006(c)(15)(C)(5) – conduct which is or appears to be forceful, threatening or violent"
"IT SLEEPS IN ME, SERIES 1 (2005)",Kathleen O’Neal Gear,,,"Title 15, Section 3006(c)(15)(A) – lacks serious literary, artistic, political or scientific value"
IT’S A MAN’S WORLD,Adam Parfrey,,,"Title 15, Section 3006(c)(17) – frontal nudity"
"IT’S A MAN’S WORLD, MEN’S ADVENTURTE MAGAZINES, THE POSTWAR PULPS",Adam Parfrey,,,"Title 15, Section 3006(c)(17) – frontal nudity"
IT’S A STRAIGHT LINE ONCE YOU FALL IN LOVE! (2016),Gunma Kisaragi,,,"Title 15, Section 3006(c)(16) – sexually explicit images"
"IZM, THE SOCIAL ART OF PIMPING (2021)",Kold Wrld,,,"Title 15, Section 3006(d) – presents a serious threat to facility security or the safety of incarcerated"
JADA- JADA STEVENS CATALOG,,,,"Title 15, Section 3006(c)(15)(A) – lacks serious literary, artistic, political or scientific value"
JAGUA TALES,Darwin Nunez,,,"Title 15, Section 3006(c)(15)(A) – lacks serious literary, artistic, political or scientific value"
JAIL HOUSE STRONG,Josh Bryant and Adam benShea,,,"Title 15, Section 3006(d) – presents a serious threat to facility security or the safety of incarcerated persons and staff"
JAPAN UP! NOV’ 19 VOL. 147,,,,"Title 15, Section 3006(c)(5) – plans to disrupt the order, or breach the security, of any facility"
JASON (2014),Laurell K. Hamilton,,,"Title 15, Section 3006(c)(15)(A) – lacks serious literary, artistic, political or scientific value"
JAZZ AGE BEAUTIES,Robert Hudovernik,,,"Title 15, Section 3006(c)(17) – frontal nudity"
"JEFFREY DAHMER, A TERRIFYING TRUE STORY OF RAPE, MURDER 7 CANNIBALISM",,,,"Title 15, Section 3006(c)(15)(C)(5) – conduct which is or appears to be forceful, threatening or violent"
JESSIE ROGERS D,,,,"Title 15, Section 3006(c)(17) – frontal nudity"
"JEWISH CURRENTS, FLORIDA SUMMER 2024",Daniel May,,,"Title 15, Section 3006(c)(17) – frontal nudity"
"JEWISH CURRENTS, WINTER-SPRING 2022",,,,"Title 15, Section 3006(c)(17) – frontal nudity"
"JIM SILK’S, BETTIE PAGE, QUEEN OF THE NILE",Frank Cho,,,"Title 15, Section 3006(c)(17) – frontal nudity"
JIU-JITSU COMBAT TRICKS,H. Irving Hancock,,,"Title 15, Section 3006(c)(17) – frontal nudity"
JIU-JITSU UNIVERSITY,Saulo Riberio and Kevin Howell,,,"Title 15, Section 3006(c)(17) – frontal nudity"
JIU-JITSU UNIVERSITY (2008),Saulo Ribeiro,,,"Title 15, Section 3006(d) – presents a serious threat to facility security or the safety of incarcerated"
JIU-JITSU UNLEASHED: A COMPREHENSIVE GUIDE TO THE WORLD’S HOTTEST MARTIAL ARTS DISCIPLINE,Eddie Bravo,,,"Title 15, Section 3006(d) – presents a serious threat to facility security or the safety of incarcerated persons and staff"
"JK HARU IS A SEX WORKER IN ANOTHER WORLD, VOLUME 2",Ko Hiratori,,periodical,"Title 15, Section 3006(c)(15)(A) – lacks serious literary, artistic, political or scientific value"
JK IS A SEX WORKER IN ANOTHER WORLD,Ko Hiratori,,,"Title 15, Section 3006(c)(17) – frontal nudity"
JOE CAPOBIANCO SKETCHBOOK,Joe Cappbianco,,,"Title 15, Section 3006(c)(17) – frontal nudity"
"JOE CHIODO ARTWORK: SHAPE, COLOR AND FORM",Joe Chioda,,,"Title 15, Section 3006(c)(17) – frontal nudity"
"JOHN CONSTANTINE, HELLBLAZER, BLOODY CARNATIONS (2011)",,,,"Title 15, Section 3006(c)(16) – sexually explicit images"
"JOHN CONSTANTINE, HELLBLAZER, HARD TIME (2000)",,,,"Title 15, Section 3006(c)(16) – sexually explicit images"
"JOHN HOLMES, A LIFE MEASURED IN INC.HES (2011)",Jennifer Sugar and Jill C. Nelson,,,"Title 15, Section 3006(c)(17) – frontal nudity"
JOINED BY MAGIC (2022),Zara J. Black,,,"Title 15, Section 3006(c)(15)(A) – lacks serious literary, artistic, political or scientific value"
JOKER,Brian Azzarello and Lee Bermejo,,,"Title 15, Section 3006(c)(15)(C)(5) – conduct which is or appears to be forceful, threatening or violent"
JON HUL GALLERY,Jon Hul,,,"Title 15, Section 3006(c)(17) – frontal nudity"
"JOXTAPOZ, SUMMER 2023, VOLUME 30, #3",,,,"Title 15, Section 3006(c)(17) – frontal nudity"
JUDGEMENT PREY (2024),John Sandford,,,"Title 15, Section 3006(c)(1) – violence or physical harm"
JUDO BASIC PRINC.IPLES,,,,"Title 15, Section 3006(d) – presents a serious threat to facility security or the safety of incarcerated persons and staff"
"JUDO, THE SKILLS OF THE GAME",Roy Inman,,,"Title 15, Section 3006(d) – presents a serious threat to facility security or the safety of incarcerated persons and staff"
JUGGERNAUT (2012),Adam Baker,,,"Title 15, Section 3006(c)(1) – violence or physical harm"
JUGGS MAGAZINE,,,periodical,"Title 15, Section 3006(c)(17) – frontal nudity"
"JUGS, VOLUME 1, ISSUE 2",,,periodical,"Title 15, Section 3006(c)(17) – frontal nudity"
JUNCTION TRUE (2015),Ray Fawkes,,,"Title 15, Section 3006(c)(16) – sexually explicit images"
JUNGLE GIRLS,Jim Silke,,,"Title 15, Section 3006(c)(17) – frontal nudity"
JUST 18 MAGAZINE,,,periodical,"Title 15, Section 3006(c)(17) – frontal nudity"
JUST CAN’T LET GO,Mary B. Morrison,,,"Title 15, Section 3006(c)(15)(A) – lacks serious literary, artistic, political or scientific value"
JUST GIRLS MAGAZINE,,,periodical,"Title 15, Section 3006(c)(17) – frontal nudity"
JUST TRY TO STOP ME (2016),Gregg Olsen,,,"Title 15, Section 3006(c)(1) – violence or physical harm"
"JUXTAPOX, FALL 2023, ISSUE 227",,,periodical,"Title 15, Section 3006(c)(17) – frontal nudity"
JUXTAPOZ MAGAZINE,,,periodical,"Title 15, Section 3006(c)(17) – frontal nudity"
JUXTAPOZ TATTOO,,,,"Title 15, Section 3006(c)(17) – frontal nudity"
KALI LINUX HACKING,Ethem Mining,,,"Title 15, Section 3006(d) – presents a serious threat to facility incarcerated persons and staff"
KAMA SUTRA,Max Bush,,,"Title 15, Section 3006(c)(15)(A) – lacks serious literary, artistic, political or scientific value"
"KAMA SUTRA WORKOUT, WORK HARD, PLAY HARDER WITH 300 SENSUAL SEXERCISES",Alice Horne,,,"Title 15, Section 3006(c)(17) – frontal nudity"
KANE MAGAZINE,,,periodical,"Title 15, Section 3006(c)(17) – frontal nudity"
"KAZUO ITO GOSHIN JUTSU, TRADIDIONAL JUDO",Bruce R. Bethers,,,"Title 15, Section 3006(d) – presents a serious threat to facility security or the safety of incarcerated persons and staff"
"KELLY’S NIPPLES, EROTIC STORIES, ISSUE 7, NOVEMBER 2025",,,periodical,"Title 15, Section 3006(c)(15)(A) – lacks serious literary, artistic, political or scientific value"
"KG PRESENTS, BODY, NUMBER 1",,,,"Title 15, Section 3006(c)(17) – frontal nudity"
"KHADAFI, THE BEGINNING",Anthony Fields,,,"Title 15, Section 3006(c)(15)(A) – lacks serious literary, artistic, political or scientific value"
KICK ASS THE GRAPHIC NOVEL,Mark Miller,,,"Title 15, Section 3006(c)(17) – frontal nudity"
"KILL OR BE KILLED, VOL. 2",Image Comics,,,"Title 15, Section 3006(c)(17) – frontal nudity"
KILL SHOT KING # ALINA WEST # 1,,,,"Title 15, Section 3006(c)(17) – frontal nudity"
"KILL SHOT KING (KSK), ISSUE NUMBER 17",,,periodical,"Title 15, Section 3006(c)(15)(A) – lacks serious literary, artistic, political or scientific value"
"KILL SHOT KING (KSK), MIXED ACTION NUMBER 2",,,,"Title 15, Section 3006(c)(17) – frontal nudity"
"KILL SHOT KING (KSK), MIXED ACTION NUMBER 3, 3A1-3I22",,,,"Title 15, Section 3006(c)(17) – frontal nudity"
"KILL SHOT KING (KSK), MIXED ACTION NUMBER 3, 3A23-3I44 AND 3A45-3I66",,,,"Title 15, Section 3006(c)(17) – frontal nudity"
"KILL SHOT KING (KSK), MIXED ACTION NUMBER 7",,,,"Title 15, Section 3006(c)(17) – frontal nudity"
"KILL SHOT KING (KSK), NUMBER 1",,,,"Title 15, Section 3006(c)(17) – frontal nudity"
"KILL SHOT KING (KSK), NUMBER 1-23",,,,"Title 15, Section 3006(c)(17) – frontal nudity"
"KILL SHOT KING (KSK), NUMBER 18",,,,"Title 15, Section 3006(c)(15)(A) – lacks serious literary, artistic, political or scientific value"
"KILL SHOT KING (KSK), NUMBER 2",,,,"Title 15, Section 3006(c)(15)(A) – lacks serious literary, artistic, political or scientific value"
"KILL SHOT KING (KSK), NUMBER 22",,,,"Title 15, Section 3006(c)(15)(A) – lacks serious literary, artistic, political or scientific"
"KILL SHOT KING (KSK), NUMBER 23",,,,"Title 15, Section 3006(c)(17) – frontal nudity"
"KILL SHOT KING (KSK), NUMBER 24",,,,"Title 15, Section 3006(c)(15)(A) – lacks serious literary, artistic, political or scientific value"
"KILL SHOT KING (KSK), NUMBER 24",,,,"Title 15, Section 3006(c)(15)(A) – lacks serious literary, artistic, political or scientific value"
"KILL SHOT KING (KSK), NUMBER 24B",,,,"Title 15, Section 3006(c)(15)(A) – lacks serious literary, artistic, political or scientific value"
"KILL SHOT KING (KSK), NUMBER 6",,,,"Title 15, Section 3006(c)(17) – frontal nudity"
"KILL SHOT KING (KSK), NUMBER 8",,,,"Title 15, Section 3006(c)(17) – frontal nudity"
"KILL SHOT KING (KSK), NUMBER 9 -9D-1",,,,"Title 15, Section 3006(c)(17) – frontal nudity"
"KILL SHOT KING 2019, PORN STARS 03",,,,"Title 15, Section 3006(c)(15)(A) – lacks serious literary, artistic, political or scientific value"
"KILL SHOT KING, # 20",,,,"Title 15, Section 3006(c)(17) – frontal nudity"
"KILL SHOT KING, # 22",,,,"Title 15, Section 3006(c)(17) – frontal nudity"
"KILL SHOT KING, 2019 PORN STARS 2",,,,"Title 15, Section 3006(c)(15)(A) – lacks serious literary, artistic, political or scientific value"
"KILL SHOT KING, ISSUE NUMBER 20",,,periodical,"Title 15, Section 3006(c)(15)(A) – lacks serious literary, artistic, political or scientific value"
"KILL SHOT KING, MCS CATALOG",,,,"Title 15, Section 3006(c)(15)(A) – lacks serious literary, artistic, political or scientific value"
"KILL SHOT KING, PS 2",,,,"Title 15, Section 3006(c)(15)(A) – lacks serious literary, artistic, political or scientific value"
"KILL SHOT KING, TEEN KASIA #1",,,,"Title 15, Section 3006(c)(17) – frontal nudity"
"KILL SHOT, AN AMERICAN ASSASSIN THRILLER (2017)",Vince Flynn,,,"Title 15, Section 3006(c)(1) – violence or physical harm"
KILLED CARTOONS: CASUALTIES FROM THE WAR ON FREE EXPRESSION,David Wallis,,,"Title 15, Section 3006(c)(17) – frontal nudity"
KILLER MOMS,Jack Rosewood,,,"Title 15, Section 3006(c)(15)(C)(5) – conduct which is or appears to be forceful, threatening or violent"
"KINDRED, A GRAPHIC NOVEL ADAPTION (2017)",Octavia E. Butler,,,"Title 15, Section 3006(c)(1) – violence or physical harm"
"KINECT OPEN SOURCE PROGRAMMING SECRETS: HACKING THE KINECT WITH OPENNI, NITE, AND JAVA",Andrew Davison,,,"Title 15, Section 3006(d) – presents a serious threat to facility security or the safety of incarcerated persons and staff"
KING,Dasaint Entertainment,,,"Title 15, Section 3006(c)(15)(A) – lacks serious literary, artistic, political or scientific value"
KING (2015),T.M. Frazier,,,"Title 15, Section 3006(c)(1) – violence or physical harm"
"KINGDOM OF BONES, A SIGMA FORCE NOVEL, SIGMA FORCE, 16 (2022)",James Rollins,,,"Title 15, Section 3006(c)(1) – violence or physical harm"
"KINGDOM OF Z, VOLUME 1",Saizou Harawata,,periodical,"Title 15, Section 3006(c)(17) – frontal nudity"
"KINGPINS, LOS ANGELES",C.N Phillips,,,"Title 15, Section 3006(c)(15)(A) – lacks serious literary, artistic, political or scientific value"
KINGS OF NEW YORK,T.J. Edwards,,,"Title 15, Section 3006(c)(15)(A) – lacks serious literary, artistic, political or scientific value"
KINGS OF NEW YORK 2,T.J. Edwards,,,"Title 15, Section 3006(c)(15)(A) – lacks serious literary, artistic, political or scientific value"
KINGZ OF THE GAME 2 (2019),Playa Ray,,,"Title 15, Section 3006(c)(15)(A) – lacks serious literary, artistic, political or scientific value"
"KINGZ OF THE GAME 3, RISE OF THE QUEENZ (2019)",Playa Ray,,,"Title 15, Section 3006(c)(15)(A) – lacks serious literary, artistic, political or scientific value"
"KINGZ OF THE GAME, BY PLAYA RAY (2019)",Playa Ray,,,"Title 15, Section 3006(c)(15)(A) – lacks serious literary, artistic, political or scientific value"
KINKS HIJINX,Rowan Wile,,,"Title 15, Section 3006(c)(15)(A) – lacks serious literary, artistic, political or scientific value"
KISS GUIDE TO THE KAMA SUTRA,Anne Hooper,,,"Title 15, Section 3006(c)(17) – frontal nudity"
KISS THE DEAD (2012),Laurell K. Hamilton,,,"Title 15, Section 3006(c)(15)(A) – lacks serious literary, artistic, political or scientific value"
"KISUKA 02915-11, 2020, SWEET DREAMS",,,,"Title 15, Section 3006(c)(17) – frontal nudity"
"KISUKA 02915-12, 2020, REINA IZUMI",,,,"Title 15, Section 3006(c)(17) – frontal nudity"
"KITBUILDERS MAGAAZINE, ISSUE 54",,,periodical,"Title 15, Section 3006(c)(17) – frontal nudity"
"KITE’S MAGAZINE, DM, STAR ICE SPICE, ISSUE 5",,,periodical,"Title 15, Section 3006(c)(15)(A) – lacks serious literary, artistic, political or scientific value"
"KNIGHTS OF DARKNESS, SECRETS OF THE WORLD’S DEADLIEST NIGHT FIGHTERS",Dr. Haha Lung,,,"Title 15, Section 3006(d) – presents a serious threat to facility security or the safety of incarcerated persons and staff"
"KNIVES ILLUSTRATED , MAY-JUNE 2022, VOL. 36, NUMBER 3",,,,"Title 15, Section 3006(d) – presents a serious threat to facility security or the safety of incarcerated persons and staff"
"KNIVES ILLUSTRATED, VOLUME 37",,,,"Title 15, Section 3006(d) – presents a serious threat to facility security or the safety of incarcerated persons and staff"
KNOCK YOURSELF OUT,Presto Art/Joe Capobianco,,,"Title 15, Section 3006(c)(17) – frontal nudity"
KNOTS & ROPES FOR CLIMBERS,Duane Raleigh,,,"Title 15, Section 3006(d) – presents a serious threat to facility security or the safety of incarcerated persons and staff"
KNOTTING AND SPLICING ROPES AND CORDAGE,Paul N. Hasluck,,,"Title 15, Section 3006(d) – presents a serious threat to facility security or the safety of incarcerated persons and staff"
"KNOW YOUR ENEMY, RAGE AGAINST THE MACHINE",Joel McIver,,,"Title 15, Section 3006(c)(15)(A) – lacks serious literary, artistic, political or scientific value"
KOAN,JAY EDSON,,,"Title 15, Section 3006(c)(15)(A) – lacks serious literary, artistic, political or scientific value"
KODOKAN JUDO,Jigoro Kano,,,"Title 15, Section 3006(d) – presents a serious threat to facility security or the safety of incarcerated persons and staff"
"KOREAN KARATE, FREE FIGHTING TECHNIQUES",,,,"Title 15, Section 3006(d) – presents a serious threat to facility security or the safety of incarcerated persons and staff"
"KRASNYA, VOLUME 1, CATALOG",,,periodical,"Title 15, Section 3006(c)(15)(A) – lacks serious literary, artistic, political or scientific value"
"KRAV MAGA FOR BEGINNERS: A STEP- BY-STEP GUIDE TO THE WORLD’S EASIEST-TO- LEARN, MOST EFFECTIVE FITNESS AND FIGHTING PROGRAM","Darren Levine, John Whitman and Ryan Hoover",,,"Title 15, Section 3006(d) – presents a serious threat to facility security or the safety of incarcerated persons and staff"
"KRAV MAGA TACTICAL SURVIVAL, PERSONAL SAFETY IN ACTION (2017)",Gershon Ben Keren,,,"Title 15, Section 3006(d) – presents a serious threat to facility security or the safety of incarcerated persons and staff"
"KRAV MAGA, ISRAELI SYSTEM OF SELF- DEFENSE, 100 ATTACK AND DEFENSE MOVEMENTS (2020)",Sergio Nisenbaum,,,"Title 15, Section 3006(d) – presents a serious threat to facility security or the safety of incarcerated"
"KRAV MAGA, USE YOUR BODY AS A WEAPON (2014)",Boaz Aviram,,,"Title 15, Section 3006(d) – presents a serious threat to facility security or the safety of incarcerated persons and staff"
KREAM MAGAZINE VOL. 2,,,periodical,"Title 15, Section 3006(c)(15)(A) – lacks serious literary, artistic, political or scientific value"
"KUFISNAPBACKS, THE INSIDE BULLETIN WINTER 2023",,,,"Title 15, Section 3006(c)(19) – STG members or associates"
KUSTOM KAMERA,,,,"Title 15, Section 3006(c)(15)(A) – lacks serious literary, artistic, political or scientific value"
"LA FAMILIA – THE FAMILY, PRISON GANGS IN AMERICA",Gabriel C. Morales,,,"Title 15, Section 3006(d) – presents a serious threat to facility security or the safety of incarcerated persons and staff"
"LA FAMILIA DRUG CARTEL, IMPLICATIONS FOR U.S.-MEXICAN SECURITY",George W. Grayson,,,"Title 15, Section 3006(c)(15)(C)(5) – conduct which is or appears to be forceful, threatening or violent"
LA LEYENDA DE LOS CROMOS; EL ARTE DE LOS CALENDARIOS MEXICANOS DEL SIGLO XX GALAS DE MEXICO,Telmex,,,"Title 15, Section 3006(c)(17) – frontal nudity"
LADY GAGA: BORN TO BE FREE,Jake Brown,,,"Title 15, Section 3006(c)(17) – frontal nudity"
"LADY Q, THE RISE AND FALL OF A LATIN QUEEN (2010)",Reymundo Sanchez,,,"Title 15, Section 3006(c)(19) – STG members or associates"
LALEEN 24 EROTIC SHORT STORIES (2016),Laleen,,,"Title 15, Section 3006(c)(15)(A) – lacks serious literary, artistic, political or scientific value"
LASHER (1994),Anne Rice,,,"Title 15, Section 3006(c)(15)(A) – lacks serious literary, artistic, political or scientific value"
LAST MINUE SURVIVAL SECRETS,Joey Green,,,"Title 15, Section 3006(d) – presents a serious threat to facility security or the safety of incarcerated persons and staff"
"LATIN ANGELS, VOLUME 2",,,periodical,"Title 15, Section 3006(c)(15)(A) – lacks serious literary, artistic, political or scientific value"
LATIN INC.HES MAGAZINE,,,periodical,"Title 15, Section 3006(c)(17) – frontal nudity"
LATIN MEN MAGAZINE,,,periodical,"Title 15, Section 3006(c)(17) – frontal nudity"
"LATINA ANGELS, VOLUME 2",,,periodical,"Title 15, Section 3006(c)(15)(A) – lacks serious literary, artistic, political or scientific value"
"LATINA BIKINI MAMMIES, ISSUE 2",,,periodical,"Title 15, Section 3006(c)(15)(A) – lacks serious literary, artistic, political or scientific value"
"LATINA SPICE, VOLUME 1",,,periodical,"Title 15, Section 3006(c)(15)(A) – lacks serious literary, artistic, political or scientific value"
LAWLESS,K’Wan,,,"Title 15, Section 3006(c)(15)(C)(5) – conduct which is or appears to be forceful, threatening or violent"
"LAY IT DOWN 2, FORCED TO KILL",Jamaica,,,"Title 15, Section 3006(c)(15)(C)(5) – conduct which is or appears to be forceful, threatening or violent"
"LAY IT DOWN, SHE’S HELL BENT ON MAKING IT",Jamaica,,,"Title 15, Section 3006(c)(15)(C)(5) – conduct which is or appears to be forceful, threatening or violent"
LE GUERCHIN EN FRANCE,Stephane Loire,,,"Title 15, Section 3006(c)(17) – frontal nudity"
LE MUSSEE PICASSO,,,,"Title 15, Section 3006(c)(17) – frontal nudity"
"LE PIU BELLE FATE, TATTOO BOOK",Luca Tarlazzi,,,"Title 15, Section 3006(c)(17) – frontal nudity"
LEARNING C (1992),Neill Graham,,,"Title 15, Section 3006(d) – presents a serious threat to facility security or the safety of incarcerated"
"LEARNING POKER, THE MOST COMPREHENSIVE POKER BOOK EVER PUBLISHED",Shawn Azami,,,"Title 15, Section 3006(c)(13) – contains or concerns any gambling or a lottery"
LEG ACTION MAGAZINE,,,periodical,"Title 15, Section 3006(c)(17) – frontal nudity"
LEG AND TAIL MAGAZINE,,,periodical,"Title 15, Section 3006(c)(17) – frontal nudity"
LEG LOVE MAGAZINE,,,periodical,"Title 15, Section 3006(c)(17) – frontal nudity"
LEG SEX MAGAZINE,,,periodical,"Title 15, Section 3006(c)(17) – frontal nudity"
LEG SHOW MAGAZINE,,,periodical,"Title 15, Section 3006(c)(17) – frontal nudity"
LEG WORLD MAGAZINE,,,periodical,"Title 15, Section 3006(c)(17) – frontal nudity"
"LEG, SHOW, OCTOBER 2010",,,,"Title 15, Section 3006(c)(17) – frontal nudity"
"LEGACY, SELECTED PAINTINGS & DRAWINGS",Frank Frazetta,,,"Title 15, Section 3006(c)(15)(A) – lacks serious literary, artistic, political or scientific value"
LEGAL AND TENDER MAGAZINE,,,periodical,"Title 15, Section 3006(c)(17) – frontal nudity"
LEGALLY ROB SLOT MACHINES,,,,"Title 15, Section 3006(c)(13) – contains or concerns any gambling or a lottery"
"LEONARDO DA VINC.I, THE COMPLETE PAINTINGS",Frank Zollner,,,"Title 15, Section 3006(c)(15)(A) – lacks serious literary, artistic, political or scientific value"
"LEONARDO DA VINC.I, THE GRAPHIC WORK",Frank Zollner and Johannes Nathan,,,"Title 15, Section 3006(c)(15)(A) – lacks serious literary, artistic, political or scientific value"
LEONARDO’S NOTEBOOK,Anna Suh,,,"Title 15, Section 3006(c)(17) – frontal nudity"
LESBIAN LICKS MAGAZINE,,,periodical,"Title 15, Section 3006(c)(17) – frontal nudity"
LESBIAN LUST MAGAZINE,,,periodical,"Title 15, Section 3006(c)(17) – frontal nudity"
LET THEM EAT CHEESECAKE: THE ART OF OLIVIA,Olivia De Berardinis,,,"Title 15, Section 3006(c)(17) – frontal nudity"
LET’S DRAW MANGA: SEXY GALS,Heisuke Shimohara,,,"Title 15, Section 3006(c)(17) – frontal nudity"
"LET’S MAKE A HAREM IN A ZOMBIE WORLD, VOL. 1 (2026)",Yu Imai,,,"Title 15, Section 3006(c)(16) – sexually explicit images"
LETTER TO PENTHOUSE XXXII: KINKY SEX AND NAUGHTY GAMES,"Editors of Penthouse Magazine,",,,"Title 15, Section 3006(c)(15)(A) – lacks serious literary, artistic, political or scientific value"
LETTERS TO PENTHOUSE III,Penthouse Magazine,,,"Title 15, Section 3006(c)(15)(A) – lacks serious literary, artistic, political or scientific value"
LETTERS TO PENTHOUSE III UNCENSORED,Penthouse Magazine,,,"Title 15, Section 3006(c)(15)(A) – lacks serious literary, artistic, political or scientific value"
LETTERS TO PENTHOUSE IX,,,,"Title 15, Section 3006(c)(15)(A) – lacks serious literary, artistic, political or scientific value"
LETTERS TO PENTHOUSE UNCENSORED IV,Letters to Penthouse,,,"Title 15, Section 3006(c)(15)(A) – lacks serious literary, artistic, political or scientific value"
LETTERS TO PENTHOUSE UNCENSORED V,Letters to Penthouse,,,"Title 15, Section 3006(c)(15)(A) – lacks serious literary, artistic, political or scientific value"
"LETTERS TO PENTHOUSE VI, FEEL THE HEAT",Penthouse Magazine,,,"Title 15, Section 3006(c)(15)(A) – lacks serious literary, artistic, political or scientific value"
"LETTERS TO PENTHOUSE VII, CELEBRATE THE RITES OF PASSION (2007)",The Editors of Penthouse Magazine,,,"Title 15, Section 3006(c)(15)(A) – lacks serious literary, artistic, political or scientific value"
LETTERS TO PENTHOUSE VIII,Penthouse Magazine,,,"Title 15, Section 3006(c)(15)(A) – lacks serious literary, artistic, political or scientific value"
LETTERS TO PENTHOUSE VOL 53/ HORNY MILFS AND COUGARS ON THE PROWL,,,,"Title 15, Section 3006(c)(15)(A) – lacks serious literary, artistic, political or scientific value"
LETTERS TO PENTHOUSE X,Penthouse Magazine,,,"Title 15, Section 3006(c)(15)(A) – lacks serious literary, artistic, political or scientific value"
"LETTERS TO PENTHOUSE XI, WHERE YOUR WILDEST FANTASIES COME TRUE (2007)",The Editors of Penthouse Magazine,,,"Title 15, Section 3006(c)(15)(A) – lacks serious literary, artistic, political or scientific value"
"LETTERS TO PENTHOUSE XIII, FEELING LUCKY",Penthouse Magazine,,,"Title 15, Section 3006(c)(15)(A) – lacks serious literary, artistic, political or scientific value"
LETTERS TO PENTHOUSE XIX,Penthouse Magazine,,,"Title 15, Section 3006(c)(15)(A) – lacks serious literary, artistic, political or scientific value"
"LETTERS TO PENTHOUSE XV, OUTRAGEOUS EROTIC ORGASMIC (2008)",The Editors of Penthouse Magazine,,,"Title 15, Section 3006(c)(15)(A) – lacks serious literary, artistic, political or scientific value"
"LETTERS TO PENTHOUSE XVI, HOT AND UNCENSORED",Penthouse Magazine,,,"Title 15, Section 3006(c)(15)(A) – lacks serious literary, artistic, political or scientific value"
"LETTERS TO PENTHOUSE XVII, SINFUL SEXY",,,,"Title 15, Section 3006(c)(15)(A) – lacks serious literary, artistic, political or scientific value"
LETTERS TO PENTHOUSE XVIII,Penthouse Magazine,,,"Title 15, Section 3006(c)(15)(A) – lacks serious literary, artistic, political or scientific value"
"LETTERS TO PENTHOUSE XX, GIRL ON GIRL (2024)",The Editors of Penthouse,,,"Title 15, Section 3006(c)(15)(A) – lacks serious literary, artistic, political or scientific value"
"LETTERS TO PENTHOUSE XXI, WHEN WILD MEETS ROUNCHY",Penthouse Magazine,,,"Title 15, Section 3006(c)(15)(A) – lacks serious literary, artistic, political or scientific value"
"LETTERS TO PENTHOUSE XXII, VIEWS FROM THE TOP AND BOTTOM",Letters to Penthouse,,,"Title 15, Section 3006(c)(15)(A) – lacks serious literary, artistic, political or scientific value"
"LETTERS TO PENTHOUSE XXIII, TRUE CONFESSIONS",Penthouse Magazine,,,"Title 15, Section 3006(c)(15)(A) – lacks serious literary, artistic, political or scientific value"
"LETTERS TO PENTHOUSE XXIV, SEX, LIES AND SINS",Penthouse Magazine,,,"Title 15, Section 3006(c)(15)(A) – lacks serious literary, artistic, political or scientific value"
"LETTERS TO PENTHOUSE XXIX, TAKE A WALK ON THE WILD SIDE",Penthouse Magazine,,,"Title 15, Section 3006(c)(15)(A) – lacks serious literary, artistic, political or scientific value"
"LETTERS TO PENTHOUSE XXIX, TAKE A WALK ON THE WILDSIDE",Penthouse Maagzine,,,"Title 15, Section 3006(c)(15)(A) – lacks serious literary, artistic, political or scientific value"
"LETTERS TO PENTHOUSE XXV, SHE’S MINE, SHE’S YOURS, SHE’S WILD",Penthouse Magazine,,,"Title 15, Section 3006(c)(15)(A) – lacks serious literary, artistic, political or scientific value"
"LETTERS TO PENTHOUSE XXVII, THE FIRST TIME IS THE HOTTEST",Penthouse Magazine,,,"Title 15, Section 3006(c)(15)(A) – lacks serious literary, artistic, political or scientific value"
LETTERS TO PENTHOUSE XXVIII,,,,"Title 15, Section 3006(c)(15)(A) – lacks serious literary, artistic, political or scientific value"
"LETTERS TO PENTHOUSE XXX, EXTREME SEX MAXIMUM PLEASURE",Penthouse Magazine,,,"Title 15, Section 3006(c)(15)(A) – lacks serious literary, artistic, political or scientific value"
"LETTERS TO PENTHOUSE XXX, EXTREWME SEX, MAXIMUM PLEASURE (2008)",The Editors of Penthouse Magazine,,,"Title 15, Section 3006(c)(15)(A) – lacks serious literary, artistic, political or scientific value"
LETTERS TO PENTHOUSE XXXII: KINKY SEX AND NAUGHTY GAMES,"Editors of Penthouse Magazine,",,,"Title 15, Section 3006(c)(15)(A) – lacks serious literary, artistic, political or scientific value"
"LETTERS TO PENTHOUSE XXXIV, SINFUL SIRENS & THEIR DIRTY LITTLE SECRETS (2009)",,,,"Title 15, Section 3006(c)(15)(A) – lacks serious literary, artistic, political or scientific value"
"LETTERS TO PENTHOUSE XXXIX, HOT, HORNEY & RIGHT NEXT DOOR",Penthouse Magazine,,,"Title 15, Section 3006(c)(15)(A) – lacks serious literary, artistic, political or scientific value"
"LETTERS TO PENTHOUSE XXXVI, SULTRY PASSIONS, SINFUL DESIRES",,,,"Title 15, Section 3006(c)(15)(A) – lacks serious literary, artistic, political or scientific value"
"LETTERS TO PENTHOUSE XXXVII, NAUGHTY INTENTIONS & DIRTY DEEDS",,,,"Title 15, Section 3006(c)(15)(A) – lacks serious literary, artistic, political or scientific value"
"LETTERS TO PENTHOUSE XXXX, EXTREME SEX BEYOND TRIPLE X",Penthouse Magazine,,,"Title 15, Section 3006(c)(15)(A) – lacks serious literary, artistic, political or scientific value"
"LETTERS TO PENTHOUSE XXXXII, HOT AND HORNY IN CLASS (2012)",,,,"Title 15, Section 3006(c)(15)(A) – lacks serious literary, artistic, political or scientific value"
"LETTERS TO PENTHOUSE XXXXIV, EXPOSED UNEXPECTED HORNY HOOKUPS",Penthouse Magazine,,,"Title 15, Section 3006(c)(15)(A) – lacks serious literary, artistic, political or scientific value"
"LETTERS TO PENTHOUSE XXXXIX, SINFUL SEXXPLOITS",Penthouse Magazine,,,"Title 15, Section 3006(c)(15)(A) – lacks serious literary, artistic, political or scientific value"
"LETTERS TO PENTHOUSE XXXXV, PLEASE ME, SPANK ME (2013)",Penthouse International,,,"Title 15, Section 3006(c)(15)(A) – lacks serious literary, artistic, political or scientific value"
"LETTERS TO PENTHOUSE XXXXVI, DIRTY DARES & RED- HOT HOOKUPS",Penthouse Magazine,,,"Title 15, Section 3006(c)(15)(A) – lacks serious literary, artistic, political or scientific value"
"LETTERS TO PENTHOUSE XXXXVIII, DOWN AND DIRTY LUST",Penthouse Magazine,,,"Title 15, Section 3006(c)(15)(A) – lacks serious literary, artistic, political or scientific value"
"LETTERS TO PENTHOUSE, BACK DOOR ADVENTURES, VOLUME 51",Penthouse Magazine,,,"Title 15, Section 3006(c)(15)(A) – lacks serious literary, artistic, political or scientific value"
"LETTERS TO PENTHOUSE, DIRTY GIRLS AND SEXY TOYS, VOLUME 52",Penthouse Magazine,,,"Title 15, Section 3006(c)(15)(A) – lacks serious literary, artistic, political or scientific value"
"LETTERS TO PENTHOUSE, HOT, BOTHERED AND READY",Penthouse Magazine,,,"Title 15, Section 3006(c)(15)(A) – lacks serious literary, artistic, political or scientific value"
"LETTERS TO PENTHOUSE, SHE’S WILD, SHE’S HORNY, SHE’S MARRIED, VOLUME 50",,,,"Title 15, Section 3006(c)(15)(A) – lacks serious literary, artistic, political or scientific value"
"LEVITT LETTER, FEBRUARY 2020",,,,"Title 15, Section 3006(c)(1) – violence or physical harm"
"LIBER HVI, MACIGK OF THE ADVERSARY",,,,"Title 15, Section 3006(c)(17) – frontal nudity"
LIBER NULL AND PSYCHONAUT,Peter J. Carroll,,,"Title 15, Section 3006(c)(17) – frontal nudity"
"LICIOUS CURVES MAGAZINE, ISSUE 1",,,periodical,"Title 15, Section 3006(c)(17) – frontal nudity"
"LIFE BEYOND PRISON WALLS, BARZ & BRUSEZ (2019)",Remy Red,,,"Title 15, Section 3006(c)(15)(A) – lacks serious literary, artistic, political or scientific value"
"LIFE DRAWING, A PRACTICAL AND INSPIRATIONAL WORKBOOK",,,,"Title 15, Section 3006(c)(17) – frontal nudity"
LIFE IN PRISON,Stanley Williams & Barbara Cottman,,,"Title 15, Section 3006(d) – presents a serious threat to facility security or the safety of incarcerated persons and staff"
"LIFE IN PRISON, EIGHT HOURS AT A TIME (2014)",Robert Reilly,,,"Title 15, Section 3006(c)(15)(C)(5) – conduct which is or appears to be forceful, threatening or violent"
LIGHT (2017),Michael Grant,,,"Title 15, Section 3006(c)(1) – violence or physical harm"
LIGHT FOR THE ARTIST,Ted Seth Jacobs,,,"Title 15, Section 3006(c)(17) – frontal nudity"
"LIGHTING THE NUDE, TOP PHOTOGRAPHY PROFESSIONALS SHARE THEIR SECRETS","Frances Schultz, Roger Hick, Steve Luck",,,"Title 15, Section 3006(c)(15)(A) – lacks serious literary, artistic, political or scientific value"
"LIGHTS OUT, AN INTO DARKNESS NOVEL (2024)",Navessa Allen,,,"Title 15, Section 3006(c)(15)(A) – lacks serious literary, artistic, political or scientific value"
"LIGHTS OUT, AN INTO DARKNESS NOVEL (2024)",Navessa Allen,,,"Title 15, Section 3006(c)(15)(A) – lacks serious literary, artistic, political or scientific value"
LIKE FATHER LIKE SON,Robert Scott,,,"Title 15, Section 3006(c)(15)(C)(3) – contains or concerns of nudity of a minor, or person who appears to be under 18 years old."
LINDY’S SPORTS FANTASY FOOTBALL 2025,,,,"Title 15, Section 3006 (c)(13) – contains or concerns gambling or a lottery"
LINDY’S SPORTS PRO FOOTBALL – 2025 PREVIEW,,,,"Title 15, Section 3006 (c)(13) – contains or concerns gambling or a lottery"
LINGERIE : A MODERN GUIDE,Leslie Scott,,,"Title 15, Section 3006(c)(17) – frontal nudity"
LINGERIE STOCKING HEELS MAGAZINE AND SPECIAL EDITION HUMP DAY VOL. 1,,,periodical,"Title 15, Section 3006(c)(17) – frontal nudity"
"LINGERIE, FEATURING NIKITA, ISSUE 2",,,periodical,"Title 15, Section 3006(c)(15)(A) – lacks serious literary, artistic, political or scientific value"
"LINGERIE, STOCKINGS AND HEELS MAGAZINE, APRIL 2016, ISSUE #6",,,periodical,"Title 15, Section 3006(c)(17) – frontal nudity"
"LINUX BASICS FOR HACKERS, GETTING STARTED WITH NETWORKING, SCRIPTING, AND SECURITY IN KALI (2025)",OccupyTheWeb,,,"Title 15, Section 3006(d) – presents a serious threat to facility security or the safety of incarcerated"
"LINUX FOR HACKERS, 3 BOOKS IN 1 (2024)",Mark Reed,,,"Title 15, Section 3006(c)(9) – control any illustrations, explanations, and/or descriptions of how to sabotage or disrupt computers, communications, or electronics"
"LINUX FORMAT MAGAZINE, HACKING ACADEMY, ISSUE #326, APRIL 2025",,,periodical,"Title 15, Section 3006(c)(9) – control any illustrations, explanations, and/or descriptions of how to sabotage or disrupt computers, communications, or electronics"
"LITTLE BLACK GIRLS LOST, BOOK 1, THE INNOCENT",Keith Lee Johnson,,,"Title 15, Section 3006(c)(15)(A) – lacks serious literary, artistic, political or scientific value"
LIVE YOUNG GIRLS MAGAZINE,,,periodical,"Title 15, Section 3006(c)(17) – frontal nudity"
"LIVING THE MARTIAL WAY, A MANUAL FOR THE WAY A MODERN WARRIOR SHOULD THINK",Forrest E. Morgan,,,"Title 15, Section 3006(d) – presents a serious threat to facility security or the safety of incarcerated persons and staff"
LOCKE & KEY WELCOME TO LOVECRAFT,Joe Hill,,,"Title 15, Section 3006(c)(15)(C)(5) – conduct which is or appears to be forceful, threatening or violent"
"LOCKE & KEY: KEYS TO THE KINGDOM, VOL. 1",Joe Hill & Gabriel Rodriguez,,,"Title 15, Section 3006(c)(15)(C)(5) – conduct which is or appears to be forceful, threatening or violent"
LOLLIPOPS MAGAZINE,,,periodical,"Title 15, Section 3006(c)(17) – frontal nudity"
"LONDON REVIEW OF BOOKS, VOLUME 41, NUMBER 10, MAY 23, 2019",,,,"Title 15, Section 3006(c)(17) – frontal nudity"
"LONE WOLF AND CUB, VOLUME 1",Kazuo Koike,,periodical,"Title 15, Section 3006(c)(17) – frontal nudity"
"LONE WOLF AND CUB, VOLUME 29",Kazuo Koike,,,"Title 15, Section 3006(c)(15)(C)(5) – conduct which is or appears to be forceful, threatening or violent"
"LONE WOLF AND CUB, VOLUME 7",Kazuo Koike,,periodical,"Title 15, Section 3006(c)(17) – frontal nudity"
LONG LIVE THE CARTEL,Ashley & JaQuavis,,,"Title 15, Section 3006(c)(15)(C)(5) – conduct which is or appears to be forceful, threatening or violent"
LOOKER MAGAZINE,,,periodical,"Title 15, Section 3006(c)(17) – frontal nudity"
"LOS ANGELES, JANUARY 2019",,,,"Title 15, Section 3006(c)(19) – STG members or associates"
LOS SENORES DEL NARCO,Anabel Hernandez,,,"Title 15, Section 3006(c)(15)(C)(5) – conduct which is or appears to be forceful, threatening or violent"
LOS TEXTOS PROHIBIDOS DEL KAMA SUTRA,Ediciones Viman,,,"Title 15, Section 3006(c)(17) – frontal nudity"
LOST FIGHTING ARTS OF VIETNAM (2006),Dr. Haha Lung,,,"Title 15, Section 3006(d) – presents a serious threat to facility security or the safety of incarcerated"
LOUDER THAN HELL,John Wiederhorn & Katherine Turman,,,"Title 15, Section 3006(c)(17) – frontal nudity"
"LOVE BEHIND BARS, MY FIRST LESBIAN EXPERIENCE",Jennifer Jagger,,,"Title 15, Section 3006(c)(15)(A) – lacks serious literary, artistic, political or scientific value"
"LOVE IN HELL, THE COMPLETE TRILOGY",Reiji Suzumaru,,,"Title 15, Section 3006(c)(15)(A) – lacks serious literary, artistic, political or scientific value"
LOVE ME LIKE YOU HATE ME; LESSONS IN PLEASURE AND PAIN,Venus O’Hara/Erika Lust,,,"Title 15, Section 3006(c)(17) – frontal nudity"
LOVING BLOSSOMS (2024),Fujimaru,,,"Title 15, Section 3006(c)(16) – sexually explicit images"
LOVING BOYS VOL 1,Dr. Edward Brongersma,,,"Title 15, Section 3006(c)(15)(C)(3) – contains or concerns of nudity of a minor, or person who appears to be under 18 years old."
LOVING BOYS VOL 1,Dr. Edward Brongersma,,,"Title 15, Section 3006(c)(15)(B)(3) – depicts nudity of a minor"
LOVING BOYS VOL 2,Dr. Edward Brongersma,,,"Title 15, Section 3006(c)(15)(C)(3) – contains or concerns of nudity of a minor, or person who appears to be under 18 years old."
LOVING THE G-SPOT,Marcia Durante,,,"Title 15, Section 3006(c)(17) – frontal nudity"
"LOW, THE DELIRIUM OF HOPE, VOLUME 1",Rick Remender,,periodical,"Title 15, Section 3006(c)(17) – frontal nudity"
"LOWRIDER MAGAZINE, SEPTEMBER 2017 ISSUE",,,periodical,"Title 15, Section 3006(c)(19) – STG members or associates"
"LOWRIDER MAGAZINE, SEPTEMBER 2017 ISSUE",,,periodical,"Title 15, Section 3006(d) – presents a serious threat to facility security or the safety of incarcerated persons and staff"
LOWRIDER TATTOO FLASH,Jose Lopez,,,"Title 15, Section 3006(c)(17) – frontal nudity"
LOYAL TO THE GAME,Khalilah Jordan,,,"Title 15, Section 3006(c)(15)(C)(5) – conduct which is or appears to be forceful, threatening or violent"
"LOYAL TO THE GAME 3, UNTIL MY LAST BREATH",TJ and Jelissa,,,"Title 15, Section 3006(c)(15)(C)(5) – conduct which is or appears to be forceful, threatening or violent"
"LOYALTY AND BETRAYAL, MY WAR WITH THE MEXICAN MAFIA",Mike Enemigo,,,"Title 15, Section 3006(c)(15)(A) – lacks serious literary, artistic, political or scientific value"
LUCIFERIAN WITCHCRAFT,Michael Ford,,,"Title 15, Section 3006(c)(15)(A) – lacks serious literary, artistic, political or scientific value"
LUIS ROYO I CONCEPTIONS,Luis Royo,,,"Title 15, Section 3006(c)(17) – frontal nudity"
LUIS ROYO III CONCEPTIONS,Luis Royo,,,"Title 15, Section 3006(c)(17) – frontal nudity"
LUNA CURSED (2022),Alessa Thorn,,,"Title 15, Section 3006(c)(15)(B)(3) – conduct which is or appears to be forceful, threatening or violent"
"LUPIN III, VOLUME NUMBER 1",Stewart Levy,,,"Title 15, Section 3006(c)(17) – frontal nudity"
LUST GEASS 1,Osamu Takahashi,,,"Title 15, Section 3006(c)(17) – frontal nudity"
"LUST GEASS, VOLUME 6",,,periodical,"Title 15, Section 3006(c)(17) – frontal nudity"
"LUST, PREMIERE ISSUE",,,periodical,"Title 15, Section 3006(c)(15)(A) – lacks serious literary, artistic, political or scientific value"
LYING AND LIE DETECTION,John C. Kiriakou,,,"Title 15, Section 3006(d) – presents a serious threat to facility security or the safety of incarcerated persons and staff"
LYNCHING PHOTOGRAPHS,Dora Apel and Shawn Michelle Smith,,,"Title 15, Section 3006(c)(15)(C)(5) – conduct which is or appears to be forceful, threatening or violent"
M16 SPY SKILLS FOR CIVILIANS,Ian Sharp,,,"Title 15, Section 3006(d) – presents a serious threat to facility security or the safety of incarcerated persons and staff"
"MACHI MAHO, I MESSED UP AND MADE THE WRONG PERSON INTO A MAGICAL GIRL, VOL. 9",Souryu,,,"Title 15, Section 3006(c)(15)(C)(5) – conduct which is or appears to be forceful, threatening or violent"
"MACHINIST’S WORKSHOP MAGAZINE, OCTOBER/NOVEMBER 2017, VOLUME 30, NUMBER 5",,,periodical,"Title 15, Section 3006(d) – presents a serious threat to facility security or the safety of incarcerated persons and staff"
"MAD MAGAZINE, JUNE 1995, ISSUE #336",,,periodical,"Title 15, Section 3006(c)(15)(A) – lacks serious literary, artistic, political or scientific value"
MADNESS (2024),Shantel Tessier,,,"Title 15, Section 3006(c)(15)(A) – lacks serious literary, artistic, political or scientific value"
"MAFIOSO, PART FOUR",Nisa Santiago,,,"Title 15, Section 3006(c)(15)(C)(5) – conduct which is or appears to be forceful, threatening or violent"
"MAFIOSO, PART ONE",Nisa Santiago,,,"Title 15, Section 3006(c)(15)(C)(5) – conduct which is or appears to be forceful, threatening or violent"
"MAGIC, THE GATHERING OFFICIAL ENCYCLOPEDIA & THE COMPLETE CARD GUIDE (1996)",Duelist,,,"Title 15, Section 3006(d) – presents a serious threat to facility security or the safety of incarcerated persons and staff"
"MAGICAL GIRL SITE, VOLUME 9",Kentaro Sato,,periodical,"Title 15, Section 3006(c)(15)(A) – lacks serious literary, artistic, political or scientific value"
MAGICAL GIRL SITE/ VOLUME 5,Kentaro Sato,,periodical,"Title 15, Section 3006(c)(15)(C)(5) – conduct which is or appears to be forceful, threatening or violent"
"MAGICAL GIRL, APOCALYPSE 4",Kentaro Sato,,,"Title 15, Section 3006(c)(1) – violence or physical harm"
"MAIDEN, BOOK ONE OF THE MAIDEN SERIES (2013)",Aishling Morgan,,,"Title 15, Section 3006(c)(15)(A) – lacks serious literary, artistic, political or scientific value"
MAJESTIKA,Larry Elmore,,,"Title 15, Section 3006(c)(17) – frontal nudity"
"MAKE MAGAZINE, APRIL-MAY 2018, VOLUME 62",,,periodical,"Title 15, Section 3006(d) – presents a serious threat to facility security or the safety of incarcerated persons and staff"
"MAKE MAGAZINE, AUGUST-SEPTEMBER 2018, VOLUME 64",,,periodical,"Title 15, Section 3006(d) – presents a serious threat to facility security or the safety of incarcerated persons and staff"
MAKE VOLUME 70 OCT/NOV 2019,,,,"Title 15, Section 3006(c)(15)(A) – lacks serious literary, artistic, political or scientific"
"MAKE, ELECTRONICS, LEARNING BY DISCOVERY, A HANDS- ON PRIMER FOR THE NEW ELECTRONICS ENTHUSIAST, THIRD EDITION (2021)",Charles Platt,,,"Title 15, Section 3006(d) – presents a serious threat to facility security or the safety of incarcerated"
"MAKE, OCTOBER 2011",,,,"Title 15, Section 3006(d) – presents a serious threat to facility security or the safety of incarcerated persons and staff"
"MALICE & DECEIT, THE BIOGRAPHY OF A MODERN DAY GLADIATOR",Juan Sutter,,,"Title 15, Section 3006(c)(19) – STG members or associates"
"MAN CHILD, A CELEBRATION OF TWENTY YEARS OF DOODLES",Brian Wals,,,"Title 15, Section 3006(c)(17) – frontal nudity"
MAN OF FEW WORDS (2024),Connie Easton,,,"Title 15, Section 3006(c)(15)(A) – lacks serious literary, artistic, political or scientific value"
"MAN UP, 367 CLASSICAL SKILLS FOR THE MODERN GUY",Paul O’Donnell,,,"Title 15, Section 3006(c)(15)(C)(5) – conduct which is or appears to be forceful, threatening or violent"
MANARA THE MODEL- EUROTICA,Nantier-Beall- Minoustchine,,,"Title 15, Section 3006(c)(17) – frontal nudity"
MANDATE MAGAZINE,,,periodical,"Title 15, Section 3006(c)(17) – frontal nudity"
"MANGA DIARY OF A MALE PORN STAR, VOLUME 11",Kaeruno Erefante,,,"Title 15, Section 3006(c)(15)(A) – lacks serious literary, artistic, political or scientific value"
"MARIJUANA DAILY GARDENING, HOW TO GROW INDOOR UNDER FLORESCENT LIGHTS",Henry Woodward,,,"Title 15, Section 3006(d) – presents a serious threat to facility security or the safety of incarcerated persons and staff"
"MARIJUANA HORTICULTURE FUNDAMENTALS, A COMPRENSIVE GUIDE TO CANNABIS CULTIVATIOIN AND HASHISH PRODUCTION","Kenneth Morrow, K of Trichome Technologies",,,"Title 15, Section 3006(d) – presents a serious threat to facility security or the safety of incarcerated persons and staff"
"MARIJUANA HORTICULTURE, THE INDOOR/OUTDOOR MEDICAL GROWER’S BIBLE",Jorge Cervantes,,,"Title 15, Section 3006(d) – presents a serious threat to facility security or the safety of incarcerated persons and staff"
"MARIJUANA, LET’S GROW A POUND",,,,"Title 15, Section 3006(d) – presents a serious threat to facility security or the safety of incarcerated persons and staff"
MARILYN MONROE METAMORPHOSIS,David Willis,,,"Title 15, Section 3006(c)(17) – frontal nudity"
MARKED FOR LIFE: A GALLERY OF TATTOO ART,Steve Bonge,,,"Title 15, Section 3006(c)(17) – frontal nudity"
"MARK’S WANDERING WIFE, VOL. 1, BY STANLEY REDMAN",Stanley Redman,,,"Title 15, Section 3006(c)(15)(B)(3) – conduct which is or appears to be forceful, threatening or violent"
"MARK’S WANDERING WIFE, VOL. 2 (1985)",Stanley Redman,,,"Title 15, Section 3006(c)(15)(A) – lacks serious literary, artistic, political or scientific value"
"MARQUIS, ISSUE 61",,,periodical,"Title 15, Section 3006(c)(17) – frontal nudity"
MARRIED TO DA STREETS,,,,"Title 15, Section 3006(c)(15)(C)(5) – conduct which is or appears to be forceful, threatening or violent"
MARTIAL ARTS AMERICA: A WESTERN APPROACH TO EASTERN ARTS,Bob Orlando,,,"Title 15, Section 3006(c)(17) – frontal nudity"
MARTIAL ARTS FOR DUMMIES,Jennifer Lawler,,,"Title 15, Section 3006(d) – presents a serious threat to facility security or the safety of incarcerated persons and staff"
"MARTIAL ARTS: TRADITIONS, HISTORY PEOPLE",John Corcoran Emil Farkas,,,"Title 15, Section 3006(d) – presents a serious threat to facility security or the safety of incarcerated persons and staff"
MARTIN LACASSE: TAKE WHAT YOU CAN AND GIVE NOTHING BACK,Martin Lacasse,,,"Title 15, Section 3006(c)(17) – frontal nudity"
MARY HAS A LITTLE PUSSY,Nina Mkhoiani,,,"Title 15, Section 3006(c)(15)(A) – lacks serious literary, artistic, political or scientific value"
MASSAGE FOR TOTAL STRESS RELIEF,Nitya Lacroix,,,"Title 15, Section 3006(c)(17) – frontal nudity"
"MASTERING METASPLOIT, FOURTH EDITION",,,,"Title 15, Section 3006(c)(9) – illustrations, explanations, and/or descriptions of how to sabotage or disrupt computers, communications, or electronics"
"MASTERING THE DARK WEB, A COMPREHENSIVE GUIDE TO LEARN EVERYTHING ABOUT THE DARK WEB (2023)",Cybellium Ltd.,,,"Title 15, Section 3006(d) – presents a serious threat to facility security or the safety of incarcerated"
MASTERS & LEGENDS OF FANTASY ART,,,,"Title 15, Section 3006(c)(17) – frontal nudity"
MASTERS AND LEGENDS OF FANTASY ART (2018),Editors of ImagineFX Magazine,,,"Title 15, Section 3006(c)(17) – frontal nudity"
MASTERS OF THE SUN,,,,"Title 15, Section 3006(c)(15)(A) – lacks serious literary, artistic, political or scientific value"
MATISSE,Jean Guichard-Meili,,,"Title 15, Section 3006(c)(17) – frontal nudity"
"MATISSE, PICASSO, AND MODERN ART IN PARIS",,,,"Title 15, Section 3006(c)(17) – frontal nudity"
MATURE NYMPHOS MAGAZINE,,,periodical,"Title 15, Section 3006(c)(17) – frontal nudity"
"MAXIM MAGAZINE, NOVEMBER 1999",,,periodical,"Title 15, Section 3006(c)(15)(A) – lacks serious literary, artistic, political or scientific value"
"MAXIM MAGAZINE, OCTOBER 1999",,,periodical,"Title 15, Section 3006(c)(15)(A) – lacks serious literary, artistic, political or scientific value"
"MAXIMUM PC, APRIL 2023",,,,"Title 15, Section 3006(c)(9) – illustrations, explanations, and/or descriptions of how to sabotage or disrupt computers, communications, or electronics"
"MAXIMUM PC, MARCH 2021",,,,"Title 15, Section 3006(c)(9) – illustrations, explanations, and/or descriptions of how to sabotage or disrupt computers, communications, or electronics"
MAXIMUM SEX,DDM Press,,,"Title 15, Section 3006(c)(17) – frontal nudity"
MAYFAIR MAGAZINE,,,periodical,"Title 15, Section 3006(c)(17) – frontal nudity"
"MAYHEM, MURDER & MAGNIFICENCE, MEMOIR (2020)",Ivan Kilgore,,,"Title 15, Section 3006(c)(1) – violence or physical harm"
"MAYO CHIKI, VOLUME 4-5",Hajime Asano,,periodical,"Title 15, Section 3006(c)(17) – frontal nudity"
"MEAN JUSTICE, A TOWN’S TERROR, A PROSECUTOR’S POWER, A BETRAYAL OF INNOCENCE (1999)",Edward Humes,,,"Title 15, Section 3006(c)(1) – violence or physical harm"
MEATUS VOLUME 2,Cowen Conaghan,,periodical,"Title 15, Section 3006(c)(15)(A) – lacks serious literary, artistic, political or scientific value"
MEATY MINXES (2016),BoBoBo,,,"Title 15, Section 3006(c)(16) – sexually explicit images"
"MEDICAL MERIJUANA HORTICULTURE, THE INDOOR/OUTDOOR MEDICAL GROWER’S BIBLE",Jorge Cervantes,,,"Title 15, Section 3006(d) – presents a serious threat to facility security or the safety of incarcerated persons and staff"
"MEDITATION, THE ANCIENT EGYPTIAN PATH TO ENLIGHTMENT",Dr. Muata Ashby,,,"Title 15, Section 3006(c)(15)(A) – lacks serious literary, artistic, political or scientific value"
MEIN KAMPF (1999),Adolf Hitler,,,"Title 15, Section 3006(c)(1) – violence or physical harm"
MELANGE,Dean Yeagle,,,"Title 15, Section 3006(c)(17) – frontal nudity"
MELODY: STORY OF A NUDE DANCER,Sylvia Ravencourt,,,"Title 15, Section 3006(c)(17) – frontal nudity"
MEMNOCH THE DEVIL (1996),Anne Rice,,,"Title 15, Section 3006(c)(15)(A) – lacks serious literary, artistic, political or scientific value"
MEN IN LOVE: MEN’S SEXUAL FANTASIES; THE TRIUMP OF LOVE OVER RAGE,Nancy Friday,,,"Title 15, Section 3006(c)(15)(A) – lacks serious literary, artistic, political or scientific value"
MEN LIE WOMEN LIE (2025),Chastae Collins,,,"Title 15, Section 3006(c)(15)(A) – lacks serious literary, artistic, political or scientific value"
MEN MAGAZINE,,,periodical,"Title 15, Section 3006(c)(17) – frontal nudity"
MEN ONLY MAGAZINE,,,periodical,"Title 15, Section 3006(c)(17) – frontal nudity"
"MEN WHO RAPE, THE PSYCHOLOGY OF THE OFFENDER",,,,"Title 15, Section 3006(c)(15)(C)(3) – contains or concerns of nudity of a minor, or person who appears to be under 18 years old."
MEN’S HEALTH- APRIL 2020,,,,"Title 15, Section 3006(c)(15)(A) – lacks serious literary, artistic, political or scientific value"
MEN’S HEALTH- MARCH 2020,,,,"Title 15, Section 3006(c)(15)(A) – lacks serious literary, artistic, political or scientific value"
"MEN’S HEALTH, APRIL 2020",,,,"Title 15, Section 3006(c)(15)(A) – lacks serious literary, artistic, political or scientific value"
"MEN’S HEALTH, BEST WEIGHT FREE WORKOUT",Men’s Health,,,"Title 15, Section 3006(d) – presents a serious threat to facility security or the safety of incarcerated persons and staff"
"MEN’S HEALTH, BIG BLACK BOOK OF SECRETS",,,,"Title 15, Section 3006(c)(17) – frontal nudity"
"MEN’S HEALTH, JULY / AUGUST",,,,"Title 15, Section 3006(c)(15)(A) – lacks serious literary, artistic, political or scientific value"
"MEN’S HEALTH, SEPTEMBER 2018",,,,"Title 15, Section 3006(d) – presents a serious threat to facility security or the safety of incarcerated persons and staff"
MEN’S HEALTH: THE BIG BOOK OF UNCOMMON KNOWLEDGE,,,,"Title 15, Section 3006(d) – presents a serious threat to facility security or the safety of incarcerated persons and staff"
MERCY SALACIOUS PLAYERS’ CLUB 4 (2023),Sara Cate,,,"Title 15, Section 3006(c)(15)(A) – lacks serious literary, artistic, political or scientific value"
"MERMAID SONG, DESIRES OF THE DEEP, VOLUME 1",Sal Quartuccio,,periodical,"Title 15, Section 3006(c)(17) – frontal nudity"
"MERMAID SONG, DESIRES OF THE DEEP, VOLUME 1",Sal Quartuccio,,periodical,"Title 15, Section 3006(c)(17) – frontal nudity"
MERMAIDS 2,SQP,,,"Title 15, Section 3006(c)(17) – frontal nudity"
MERRIAM-WEBSTER VISUAL DICTIONARY,,,,"Title 15, Section 3006(d) – presents a serious threat to facility security or the safety of incarcerated persons and staff"
MERRICK (2014),Anne Rice,,,"Title 15, Section 3006(c)(1) – violence or physical harm"
METAMORPHOSIS,,,,"Title 15, Section 3006(c)(17) – frontal nudity"
METAMORPHOSIS 2,Sergio Bleda,,,"Title 15, Section 3006(c)(17) – frontal nudity"
"METHAMPHETAMINE: CRYSTAL METH- ABUSE, ADDICTION AND TREATMENTS",Office of National Drug Control Policy/FBI,,,"Title 15, Section 3006(d) – presents a serious threat to facility security or the safety of incarcerated persons and staff"
"METHODS OF PERSUASION, HOW TO USE PSYCHOLOGY TO INFLUENCE HUMAN",Nick Kolenda,,,"Title 15, Section 3006(d) – presents a serious threat to facility security or the safety of"
MEXICAN CALENDAR GIRLS,Angela Villalba,,,"Title 15, Section 3006(c)(17) – frontal nudity"
"MEXICAN MAFIA, INSIDE LA EME, POWER, BLOOD, AND CONTROL BEHIND BARS (2025)",Austin K. Starr,,,"Title 15, Section 3006(c)(19) – STG members or associates"
"MHQ, VOL 12, #4, SUMMER 2020",David Steinhafel & Michael Reinstein,,,"Title 15, Section 3006(d) – presents a serious threat to facility security or the safety of incarcerated persons and staff"
MICHELIN ATLAS 2015 NORTH AMERICA,Michelin North America Inc.,,,"Title 15, Section 3006(c)(17) – frontal nudity"
"MIDLIFE MAGIC HUNTER, THE FORTY PROOF SERIES (2022)",Shannon Mayer,,,"Title 15, Section 3006(c)(15)(A) – lacks serious literary, artistic, political or scientific value"
"MIDNIGHT VOW, A PARANORMAL WOLF SHIFTER ROMANCE, WOLVES OF MIDNIGHT (2023)",Becky Moynihan,,,"Title 15, Section 3006(c)(15)(A) – lacks serious literary, artistic, political or scientific value"
"MIDNIGHT, A GANGSTER LOVE STORY (2009)",Sister Souljah,,,"Title 15, Section 3006(c)(15)(A) – lacks serious literary, artistic, political or scientific value"
"MIDWEST OUTDOORS, NOVEMBER 2020, VOLUME 53, NUMBER 9",,,,"Title 15, Section 3006(c)(5) – plans to disrupt the order, or breach the security, of any facility"
"MIGHT AS WELL CHEAT, I GOT TRANSPORTED TO ANOTHER WORLD WHERE I CAN LIVE MY WILDEST DREAMS",Munmun,,,"Title 15, Section 3006(c)(17) – frontal nudity"
"MIGHTY LOVE, A MAN, A WOMAN AND SOME SPANDEX",Howard Chaykin,,,"Title 15, Section 3006(c)(17) – frontal nudity"
MILES PRESENTS ASIAN BOOTY #21,,,,"Title 15, Section 3006(c)(17) – frontal nudity"
"MILITARY MENTAL TOUGHNESS, ELITE TRAINING FOR CRITICAL SITUATIONS",Chris McNab,,,"Title 15, Section 3006(d) – presents a serious threat to facility security or the safety of incarcerated persons and staff"
"MILITARY TRADER & VEHICLES, MARCH 2025, VOLUME 32, ISSUE 3",,,periodical,"Title 15, Section 3006(c)(15)(C)(4) – conduct which appears to be non-consensual behavior"
"MILITARY TRADER AND VEHICLES, AUGUST 2023, VOLUME 30, ISSUE 8",,,periodical,"Title 15, Section 3006(c)(19) – STG members or associates"
"MILITARY TRADER AND VEHICLES, DECEMBER 2023, VOLUME 30, ISSUE 12",,,periodical,"Title 15, Section 3006(c)(19) – STG members or associates"
"MILITARY TRADER AND VEHICLES, FEBRUARY 2024, VOLUME 31, ISSUE 2",,,periodical,"Title 15, Section 3006(c)(19) – STG members or associates"
"MILITARY TRADER AND VEHICLES, JANUARY 2024, VOLUME 31, ISSUE 1",,,periodical,"Title 15, Section 3006(c)(19) – STG members or associates"
"MILITARY TRADER AND VEHICLES, MARCH 2024, VOLUME 31, ISSUE 3",,,periodical,"Title 15, Section 3006(c)(19) – STG members or associates"
"MILITARY TRADER AND VEHICLES, NOVEMBER 2023, VOLUME 30, ISSUE 11",,,periodical,"Title 15, Section 3006(c)(19) – STG members or associates"
"MILITARY TRADER AND VEHICLES, OCTOBER 2023, VOLUME 30, ISSUE 10",,,periodical,"Title 15, Section 3006(c)(19) – STG members or associates"
"MILITARY TRADER AND VEHICLES, SEPTEMBER 2023, VOLUME 30, ISSUE 9",,,periodical,"Title 15, Section 3006(c)(19) – STG members or associates"
MIND CONTROL LANGUAGE PATTERNS (2008),Dantalion Jones,,,"Title 15, Section 3006(d) – presents a serious threat to facility security or the safety of incarcerated"
"MIND CONTROL, THE ANCIENT ART OF PSYCHOLOGICAL WARFARE (2020)",Dr. Haha Lung,,,"Title 15, Section 3006(d) – presents a serious threat to facility security or the safety of incarcerated"
MIND FIST: THE ASIAN ART OF THE NINJA MASTERS,Dr. Haha Lung,,,"Title 15, Section 3006(d) – presents a serious threat to facility security or the safety of incarcerated persons and staff"
MIND WARRIOR (2010),Dr. Haha Lung,,,"Title 15, Section 3006(d) – presents a serious threat to facility security or the safety of incarcerated"
MINDFULNESS,Christophe Andre,,,"Title 15, Section 3006(c)(17) – frontal nudity"
"MINDHUNTER, INSIDE THE FBI’S ELITE SERIAL CRIME UNIT(2017)",John E. Douglas & Mark Olshaker,,,"Title 15, Section 3006(c)(1) – violence or physical harm"
MIRROR OF MY SOUL,Joey W. Hill,,,"Title 15, Section 3006(c)(15)(A) – lacks serious literary, artistic, political or scientific value"
MISCONDUCT (2015),Penelope Douglas,,,"Title 15, Section 3006(c)(15)(A) – lacks serious literary, artistic, political or scientific value"
MISS AMERICA,Howard Stern,,,"Title 15, Section 3006(c)(17) – frontal nudity"
MOB CANDY,,,,"Title 15, Section 3006(c)(15)(A) – lacks serious literary, artistic, political or scientific value"
MOB SORCERY 4 (2025),K.D. Robertson,,,"Title 15, Section 3006(c)(15)(A) – lacks serious literary, artistic, political or scientific value"
MOBBED UP (2021),King Rio,,,"Title 15, Section 3006(c)(15)(A) – lacks serious literary, artistic, political or scientific value"
MOBBED UP 1 (2021),King Rio,,,"Title 15, Section 3006(c)(15)(A) – lacks serious literary, artistic, political or scientific value"
MOBBED UP 2 (2021),King Rio,,,"Title 15, Section 3006(c)(1) – violence or physical harm"
"MOBBED UP 3, DRILL OR BE DRILLED (2021)",King Rio,,,"Title 15, Section 3006(c)(1) – violence or physical harm"
MOBILE PHONES AND TABLET REPAIRS,Chukky Oparandu,,,"Title 15, Section 3006(c)(9) – illustrations, explanations, and/or descriptions of how to sabotage or disrupt computers, communications, or electronics"
"MODERN PAINTERS MAGAZINE, MARCH 2015",Daniel Kunitz,,periodical,"Title 15, Section 3006(c)(17) – frontal nudity"
MONEY DESIRE AND REGRETS,Jimmy Dasaint,,,"Title 15, Section 3006(c)(15)(C)(5) – conduct which is or appears to be forceful, threatening or violent"
MONEY DEVILS 1,Ashley & JaQuavis,,,"Title 15, Section 3006(c)(15)(C)(5) – conduct which is or appears to be forceful, threatening or violent"
"MONEY HUNGRY DEMONS 2, THE DEVILS YOU KNOW (2024)",Tranay Adams,,,"Title 15, Section 3006(c)(1) – violence or physical harm"
"MONEY HUNGRY DEMONS, IF YOU’RE NOT AT THE TABLE YOU’RE ON THE MENU (2024)",Tranay Adams,,,"Title 15, Section 3006(c)(1) – violence or physical harm"
MONEY MAKES ME CUM (2017),Ernest Morris,,,"Title 15, Section 3006(c)(15)(A) – lacks serious literary, artistic, political or scientific value"
MONSTER BOOK OF MANGA GIRLS,James Gurney,,,"Title 15, Section 3006(c)(17) – frontal nudity"
MONSTER GIRL ROMANTIC CIRCUS (2024),GEN,,,"Title 15, Section 3006(c)(16) – sexually explicit images"
"MONSTER MUSUME , VOLUME 10",,,,"Title 15, Section 3006(c)(17) – frontal nudity"
"MONSTER MUSUME , VOLUME 9",,,periodical,"Title 15, Section 3006(c)(17) – frontal nudity"
MONSTER MUSUME 5,,,,"Title 15, Section 3006(c)(17) – frontal nudity"
MONSTER MUSUME VOL. 11,Okayado,,,"Title 15, Section 3006(c)(17) – frontal nudity"
MONSTER MUSUME VOL. 14,Okayado,,,"Title 15, Section 3006(c)(17) – frontal nudity"
MONSTER MUSUME VOL.13,Okayodo,,periodical,"Title 15, Section 3006(c)(17) – frontal nudity"
"MONSTER MUSUME, EVERYDAY LIFE WITH MONSTER GIRLS, VOLUME 1 (2013)",,,periodical,"Title 15, Section 3006(c)(17) – frontal nudity"
"MONSTER MUSUME, EVERYDAY LIFE WITH MONSTER GIRLS, VOLUME 8",,,periodical,"Title 15, Section 3006(c)(17) – frontal nudity"
"MONSTER MUSUME, I LOVE MONSTER GIRLS, VOLUME 1",Okayado,,periodical,"Title 15, Section 3006(c)(17) – frontal nudity"
"MONSTER MUSUME, VOLUME 15",Okayado,,,"Title 15, Section 3006(c)(17) – frontal nudity"
"MONSTER MUSUME, VOLUME 3 (2014)",Okayado,,periodical,"Title 15, Section 3006(c)(16) – sexually explicit images"
"MONSTER MUSUME, VOLUME 4 (2014)",Okayado,,periodical,"Title 15, Section 3006(c)(16) – sexually explicit images"
MONSTER TITS MAGAZINE,,,periodical,"Title 15, Section 3006(c)(17) – frontal nudity"
MONSTER: THE AUTOBIOGRAPHY OF AN L.A. GANG MEMBER,Sanyika Shakur,,,"Title 15, Section 3006(d) – presents a serious threat to facility security or the safety of incarcerated persons and staff"
"MOON LAKE, MIDNIGHT MUNCHIES, PHASE 1",Dan Fogler,,,"Title 15, Section 3006(c)(17) – frontal nudity"
MOONLITE PRODUCTIONS ORDER FORM,,,,"Title 15, Section 3006(c)(15)(A) – lacks serious literary, artistic, political or scientific value"
MORE FORBIDDEN KNOWLEDGE: 101 NEW THINGS NOT EVERYONE SHOULD KNOW HOW TO DO,Matt Forbeck,,,"Title 15, Section 3006(d) – presents a serious threat to facility security or the safety of incarcerated persons and staff"
"MORNING GLORY MILKING FARM, A MONSTER BAIT ROMANCE (2021)",C.M. Nacosta,,,"Title 15, Section 3006(c)(15)(A) – lacks serious literary, artistic, political or scientific value"
MORNING STAR (2018),Pierce Brown,,,"Title 15, Section 3006(c)(1) – violence or physical harm"
MOTH TO A FLAME (2020),Ashley Antoinette,,,"Title 15, Section 3006(c)(1) – violence or physical harm"
"MOTHER EARTH NEWS, AUG-SEP 2020 ISSUE 301",,,periodical,"Title 15, Section 3006(d) – presents a serious threat to facility security or the safety of incarcerated persons and staff"
MOTORCYCLIST MARCH-APRIL 2019,,,,"Title 15, Section 3006(d) – presents a serious threat to facility security or the safety of incarcerated persons and staff"
"MOTORCYCLIST, MARCH-APRIL 2019",,,,"Title 15, Section 3006(c)(19) – STG members or associates"
MOUNTAIN MAN SKILLS,Stephen Brennan,,,"Title 15, Section 3006(d) – presents a serious threat to facility security or the safety of incarcerated persons and staff"
"MOZZY PRESENTS, IF YOU AIN’T GOT NOBODY, YOU AIN’T NOBODY, FIRST SERIES (2018)",Genaro Patterson,,,"Title 15, Section 3006(c)(1) – violence or physical harm"
MR. IRA KING’S 1ST ADDITION OF GIRLS ARE A MAN’S BEST FRIEND,,,,"Title 15, Section 3006(c)(16) – sexually explicit images"
MR. SKINS SKINC.YCLOPEDIA,Mr. Skin,,,"Title 15, Section 3006(c)(17) – frontal nudity"
"MUAY THAI TRAINING EXERCISES, THE ULTIMATE GUIDE TO FITNESS, STRENGTH, AND FIGHT PREPARATION",Christoph Delp,,,"Title 15, Section 3006(d) – presents a serious threat to facility security or the safety of incarcerated persons and staff"
MUAY THAI UNLEASHED,Glen Cordoza,,,"Title 15, Section 3006(d) – presents a serious threat to facility security or the safety of incarcerated persons and staff"
"MUAYTHAI BORAN, TIGER KING STYLE (2026)",Chinawut Sirisompan GM Woody,,,"Title 15, Section 3006(d) – presents a serious threat to facility security or the safety of incarcerated"
MUERTE,Mike Giant,,,"Title 15, Section 3006(c)(17) – frontal nudity"
MURCIELAGO VOL. 1,Yoshimurakana,,,"Title 15, Section 3006(c)(17) – frontal nudity"
"MURCIELAGO, VOLUME 21 (2023)",Yoshimurakana,,,"Title 15, Section 3006(c)(17) – frontal nudity"
"MURCIELAGO, VOLUME 22 (2023)",Yoshimurakana,,,"Title 15, Section 3006(c)(17) – frontal nudity"
"MURDER DOG: THE INTERVIEWS, VOLUME 1",Black Dog Bone an Paul Stewart,,periodical,"Title 15, Section 3006(d) – presents a serious threat to facility security or the safety of incarcerated persons and staff"
MURDER MACHINE (1993),Gene Mustain & Jerry Capeci,,,"Title 15, Section 3006(c)(1) – violence or physical harm"
MURDER MAMAS,Ashley & JaQuavis,,,"Title 15, Section 3006(c)(15)(C)(5) – conduct which is or appears to be forceful, threatening or violent"
MURDER MAMAS (2011),Ashley & Jaquavis,,,"Title 15, Section 3006(c)(15)(A) – lacks serious literary, artistic, political or scientific value"
MURDER RAP:THE UNTOLD STORY OF THE BIGGIE SMALLS AND TUPAC SHAKUR MURDER INVESTIGATIONS,Greg Kading,,,"Title 15, Section 3006(c)(19) – STG members or associates"
MURDERED INNOCENTS,Corey Mitchell,,,"Title 15, Section 3006(c)(15)(C)(5) – conduct which is or appears to be forceful, threatening or violent"
"MURDERVILLE 2, THE EPIDEMIC",Ashley and Jaquavis,,,"Title 15, Section 3006(c)(15)(C)(5) – conduct which is or appears to be forceful, threatening or violent"
"MURDERVILLE 3, THE BLACK DAHLIA",Ashley and Jaquavis,,,"Title 15, Section 3006(c)(15)(C)(5) – conduct which is or appears to be forceful, threatening or violent"
"MURDERVILLE, FIRST OF A TRILOGY",Ashley and Jaquavis,,,"Title 15, Section 3006(c)(15)(C)(5) – conduct which is or appears to be forceful, threatening or violent"
"MUSCLE ELEGANCE, ISSUE 27",,,periodical,"Title 15, Section 3006(c)(17) – frontal nudity"
MUSCLE MEN: ROCK HARD GAY EROTICA,Richard Labonte,,,"Title 15, Section 3006(c)(17) – frontal nudity"
"MUSHOKO TENESI, JOBLESS REINC.ARNATION, VOLUME 1",Jason DeAngelis,,periodical,"Title 15, Section 3006(c)(15)(C)(5) – conduct which is or appears to be forceful, threatening or violent"
"MY BLOODY LIFE, THE MAKING OF A LATIN KING (2000)",Reymundo Sanchez,,,"Title 15, Section 3006(c)(1) – violence or physical harm"
MY BLOODY LIFE: THE MAKING OF A LATIN KING,Reymundo Sanchez,,,"Title 15, Section 3006(c)(15)(C)(5) – conduct which is or appears to be forceful, threatening or violent"
"MY BLOODY VALENTINE, UNLOCKED DESIRE SERIES (2025)",Mila Crawford,,,"Title 15, Section 3006(c)(1) – violence or physical harm"
MY DEMON HUNTER (2025),Aurora Ascher,,,"Title 15, Section 3006(c)(15)(A) – lacks serious literary, artistic, political or scientific value"
MY FAVORITE THING IS MONSTERS,Emil Ferris,,,"Title 15, Section 3006(c)(17) – frontal nudity"
MY FAVORITE THING IS MONSTERS BOOK 2 (2024),Emil Ferris,,,"Title 15, Section 3006(c)(1) – violence or physical harm"
MY FUNNY DEMON VALENTINE (2025),Aurora Ascher,,,"Title 15, Section 3006(c)(15)(A) – lacks serious literary, artistic, political or scientific value"
"MY HOOD, YOUR BARRIO, HIS BEAT (2013)",Full Blooded Pit,,,"Title 15, Section 3006(c)(1) – violence or physical harm"
"MY MOST SECRET DESIRE, A COLLECTION OF DREAM STORIES",Julie Doucet,,,"Title 15, Section 3006(c)(17) – frontal nudity"
MY ROOMMATES SEXY DADDY (2022),Izzie Vee,,,"Title 15, Section 3006(c)(15)(A) – lacks serious literary, artistic, political or scientific value"
MY SECRET GARDEN (2008),Nancy Friday,,,"Title 15, Section 3006(c)(15)(B)(3) – conduct which is or appears to be forceful, threatening or violent"
MY SECRET LIFE: AN EROTIC DIARY OF VICTORIAN LONDON,Anonymous,,,"Title 15, Section 3006(c)(15)(C)(3) – contains or concerns of nudity of a minor, or person who appears to be under 18 years old."
MY WOMAN HIS WIFE,Anna J.,,,"Title 15, Section 3006(c)(15)(A) – lacks serious literary, artistic, political or scientific value"
MYSTERY DANCE,Lynn Margulis,,,"Title 15, Section 3006(c)(17) – frontal nudity"
MYSTICAL SIRENS MAGAZINE,,,periodical,"Title 15, Section 3006(c)(17) – frontal nudity"
MYSTIQUE MAGAZINE,,,periodical,"Title 15, Section 3006(c)(17) – frontal nudity"
MYTHS AND LEGENDS (1992,"David Bellingham, Clio Whittaker, and John Grant",,,"Title 15, Section 3006(c)(15)(C)(3) – contains or concerns of nudity of a minor, or person who appears to be under 18 years old."
NAIMAH,,,,"Title 15, Section 3006(c)(17) – frontal nudity"
"NAKED IN DEATH, 25TH ANNIVERSARY EDITION (2020)",J.D. Robb,,,"Title 15, Section 3006(c)(15)(A) – lacks serious literary, artistic, political or scientific value"
NARCONOMICS,Tom Wainwright,,,"Title 15, Section 3006(d) – presents a serious threat to facility security or the safety of incarcerated persons and staff"
NATIONAL GEOGRAPHIC GUIDE TO THE NATIONAL PARKS OF THE UNITED STATES,,,,"Title 15, Section 3006(c)(12) – maps depicting any area within a ten mile radius of a facility"
"NATIONAL GEOGRAPHIC HISTORY, NOVEMBER 2016 ISSUE",,,periodical,"Title 15, Section 3006(d) – presents a serious threat to facility security or the safety of incarcerated persons and staff"
"NATIONAL GEOGRAPHIC HISTORY, RUSSIA 1917, SEPTEMBER-OCTOBER 2017",,,,"Title 15, Section 3006(c)(15)(A) – lacks serious literary, artistic, political or scientific value"
"NATIONAL GEOGRAPHIC MAGAZINE LOOTING THE WORLD’S ANCIENT TREASURES, JUNE 2016 ISSUE",,,periodical,"Title 15, Section 3006(c)(17) – frontal nudity"
"NATIONAL GEOGRAPHIC MAGAZINE, 100 YEARS, SEPTEMBER 1988",,,periodical,"Title 15, Section 3006(c)(15)(A) – lacks serious literary, artistic, political or scientific value"
"NATIONAL GEOGRAPHIC MAGAZINE, 125 YEARS",,,periodical,"Title 15, Section 3006(c)(15)(A) – lacks serious literary, artistic, political or scientific value"
"NATIONAL GEOGRAPHIC MAGAZINE, DECEMBER 2015 ISSUE",,,periodical,"Title 15, Section 3006(c)(15)(A) – lacks serious literary, artistic, political or scientific value"
"NATIONAL GEOGRAPHIC MAGAZINE, EN ESPANOL, JANUARY 2017 ISSUE",,,periodical,"Title 15, Section 3006(c)(15)(A) – lacks serious literary, artistic, political or scientific value"
"NATIONAL GEOGRAPHIC MAGAZINE, GENDER EVOLUTION, JANUARY 2017 ISSUE",,,periodical,"Title 15, Section 3006(c)(15)(A) – lacks serious literary, artistic, political or scientific value"
"NATIONAL GEOGRAPHIC MAGAZINE, HISTORY MARCH-APRIL 2017 ISSUE",,,periodical,"Title 15, Section 3006(c)(15)(A) – lacks serious literary, artistic, political or scientific value"
"NATIONAL GEOGRAPHIC MAGAZINE, HISTORY, JANUARY-FEBRUARY 2017 ISSUE",,,periodical,"Title 15, Section 3006(c)(15)(A) – lacks serious literary, artistic, political or scientific value"
"NATIONAL GEOGRAPHIC MAGAZINE, HISTORY, JULY – AUGUST 2016 ISSUE",,,periodical,"Title 15, Section 3006(c)(15)(A) – lacks serious literary, artistic, political or scientific value"
"NATIONAL GEOGRAPHIC MAGAZINE, HISTORY, NOVEMBER- DECEMBER 2017",,,periodical,"Title 15, Section 3006(c)(15)(A) – lacks serious literary, artistic, political or scientific value"
"NATIONAL GEOGRAPHIC MAGAZINE, JANUARY 2016 ISSUE",,,periodical,"Title 15, Section 3006(c)(15)(A) – lacks serious literary, artistic, political or scientific value"
"NATIONAL GEOGRAPHIC MAGAZINE, JUNE 2013 ISSUE",,,periodical,"Title 15, Section 3006(c)(17) – frontal nudity"
"NATIONAL GEOGRAPHIC MAGAZINE, LIFE IN COLOR",Annie Griffiths,,periodical,"Title 15, Section 3006(c)(15)(A) – lacks serious literary, artistic, political or scientific value"
"NATIONAL GEOGRAPHIC MAGAZINE, MARCH 1997",,,periodical,"Title 15, Section 3006(c)(15)(A) – lacks serious literary, artistic, political or scientific value"
"NATIONAL GEOGRAPHIC MAGAZINE, MARCH 1997",,,periodical,"Title 15, Section 3006(c)(15)(A) – lacks serious literary, artistic, political or scientific value"
"NATIONAL GEOGRAPHIC MAGAZINE, MARCH 1998 ISSUE",,,periodical,"Title 15, Section 3006(c)(17) – frontal nudity"
"NATIONAL GEOGRAPHIC MAGAZINE, MARS, JANUARY 2004",,,periodical,"Title 15, Section 3006(c)(15)(A) – lacks serious literary, artistic, political or scientific value"
"NATIONAL GEOGRAPHIC MAGAZINE, MAY-JUNE 2017 ISSUE",,,periodical,"Title 15, Section 3006(c)(15)(A) – lacks serious literary, artistic, political or scientific value"
"NATIONAL GEOGRAPHIC MAGAZINE, SEPTEMBER 2017 ISSUE",,,periodical,"Title 15, Section 3006(c)(15)(A) – lacks serious literary, artistic, political or scientific value"
"NATIONAL GEOGRAPHIC MAGAZINE, TOMB RAIDERS, LOOTING THE WORLD’S ANCIENT TREASURES, JUNE 2016 ISSUE",,,periodical,"Title 15, Section 3006(c)(15)(A) – lacks serious literary, artistic, political or scientific value"
"NATIONAL GEOGRAPHIC MAGAZINE, TRAVELER, AUGUST – SEPTEMBER 2016 ISSUE",,,periodical,"Title 15, Section 3006(c)(15)(A) – lacks serious literary, artistic, political or scientific value"
"NATIONAL GEOGRAPHIC MAGAZINE, WOLF WARS ONCE PROTECTED, NOW HUNTED, MARCH 2010",,,periodical,"Title 15, Section 3006(c)(15)(A) – lacks serious literary, artistic, political or scientific value"
"NATIONAL GEOGRAPHIC ROAD ATLAS, ADVENTURE EDITION",National Geographic,,,"Title 15, Section 3006(d) – presents a serious threat to facility security or the safety of incarcerated persons and staff"
"NATIONAL GEOGRAPHIC, AMERICA THE BEAUTIFUL, SEPTEMBER 2022",,,,"Title 15, Section 3006(c)(17) – frontal nudity"
"NATIONAL GEOGRAPHIC, ATLAS OF THE NATIONAL PARKS (2021)",,,,"Title 15, Section 3006(c)(12) – maps depicting area within ten miles radius of facility"
"NATIONAL GEOGRAPHIC, AUGUST 2003",,,,"Title 15, Section 3006(c)(15)(C)(6) – conduct where one of the participants is a minor, or appears to be under 18 years old"
"NATIONAL GEOGRAPHIC, FEBRUARY 2026",,,,"Title 15, Section 3006(d) – presents a serious threat to facility security or the safety of incarcerated."
"NATIONAL GEOGRAPHIC, LOS ANGELES CITY DESTINATION, MAP & TRAVEL GUIDE",,,,"Title 15, Section 3006(c)(12) – maps depicting any area within a ten mile radius of a facility"
"NATIONAL GEOGRAPHIC, MARCH 2019",,,,"Title 15, Section 3006(c)(19) – STG members or associates"
"NATIONAL GEOGRAPHIC, NOVEMBER 2020",,,,"Title 15, Section 3006(c)(17) – frontal nudity"
"NATIONAL GEOGRAPHIC, ROAD ATLAS SCENIC DRIVES EDITION",,,,"Title 15, Section 3006(c)(12) – maps depicting any area within a ten mile radius of a facility"
"NATIONAL GEOGRAPHIC, SPECIAL ISSUE 01-2021",,,periodical,"Title 15, Section 3006(c)(17) – frontal nudity"
"NATIONAL GEOGRAPHIC, VOLUME 186, NO. 2, AUGUST 1994",,,,"Title 15, Section 3006(c)(17) – frontal nudity"
"NATIONAL GEOGRAPHIC, VOLUME 193, NO. 3, MARCH 1998",,,,"Title 15, Section 3006(c)(17) – frontal nudity"
"NATIONAL GEOGRASPHIC ROAD ATLAS 2025, SCENIC DRIVERS EDITION",,,,"Title 15, Section 3006(c)(12) – maps depicting any area within a ten mile radius of a facility"
"NATIONAL GEORGRAPHIC, A WORLD GONE VIRAL, NOVEMBER 2020",,,,"Title 15, Section 3006(c)(17) – frontal nudity"
"NATIVE AMERICAN SURVIVAL SKILLS, HOW TO MAKE CRAFT FROM NATURAL MATERIALS",W. Ben Hunt,,,"Title 15, Section 3006(d) – presents a serious threat to facility incarcerated persons and staff"
NAUGHTY DOTS,,,,"Title 15, Section 3006(c)(17) – frontal nudity"
NAUGHTY EROTIC DESIRES SHORT SEX STORIES (2022),Catherine Howell,,,"Title 15, Section 3006(c)(15)(A) – lacks serious literary, artistic, political or scientific value"
NAUGHTY NEIGHBORS MAGAZINE,,,periodical,"Title 15, Section 3006(c)(17) – frontal nudity"
NAUGHTY WORD SEARCH BOOK FOR ADULTS ONLY,Sinnamon Patterson,,,"Title 15, Section 3006(c)(15)(A) – lacks serious literary, artistic, political or scientific value"
NAVY SEAL SNIPER,Glen Doherty & Brandon Webb,,,"Title 15, Section 3006(d) – presents a serious threat to facility security or the safety of incarcerated persons and staff"
"NEON GENESIS EVANGELION, 3-IN-1 EDITION, VOLUME 1",,,periodical,"Title 15, Section 3006(c)(17) – frontal nudity"
"NEON GENESIS EVANGELION, VOLUME 4",Yoshiyuki Sadamoto,,periodical,"Title 15, Section 3006(c)(17) – frontal nudity"
"NEON GENESIS EVANGELION, VOLUME 5",Yoshiyuki Sadamoto,,periodical,"Title 15, Section 3006(c)(17) – frontal nudity"
"NEON GODS, A SCORCHINGLY HOT MODERN RETELLING OF HADES AND PERSEPHONE, DARK OLYMPUS, 1 (2021)",Katee Robert,,,"Title 15, Section 3006(c)(15)(A) – lacks serious literary, artistic, political or scientific value"
NESTLER GIRLS: VOLUME ONE,SQP,,,"Title 15, Section 3006(c)(17) – frontal nudity"
NEVER LOOK BACK (2025),A.L. Jackson,,,"Title 15, Section 3006(c)(15)(A) – lacks serious literary, artistic, political or scientific value"
NEVER MEANT TO HURT YOU (2022),Brianna Nicole Blackwell,,,"Title 15, Section 3006(c)(15)(A) – lacks serious literary, artistic, political or scientific value"
NEW CUMMERS MAGAZINE,,,periodical,"Title 15, Section 3006(c)(17) – frontal nudity"
"NEW YORK, THE YESTERYEAR ISSUE, APRIL 24-MAY 7, 2023",,,periodical,"Title 15, Section 3006(c)(17) – frontal nudity"
NEW YORK: INSIDE A GROWING TERRORIST MOVEMENT,,,,"Title 15, Section 3006(c)(5) – plans to disrupt the order, or breach the security, of any facility"
"NEWSWEEK- AUGUST 9, 2019",,,,"Title 15, Section 3006(c)(15)(C)(5) – conduct which is or appears to be forceful, threatening or violent"
NEXT DOOR NYMPHO 2,CJ Hudson,,,"Title 15, Section 3006(c)(15)(A) – lacks serious literary, artistic, political or scientific value"
NICKLES AND DIMES CATALOG 2016,,,,"Title 15, Section 3006(c)(15)(A) – lacks serious literary, artistic, political or scientific value"
NICKLES AND DIMES CATALOG 2017,,,,"Title 15, Section 3006(c)(15)(A) – lacks serious literary, artistic, political or scientific value"
NICKLES AND DIMES CATALOG 2018,,,,"Title 15, Section 3006(c)(15)(A) – lacks serious literary, artistic, political or scientific value"
NIGHT FIRE (2002),Catherine Coulter,,,"Title 15, Section 3006(c)(15)(A) – lacks serious literary, artistic, political or scientific value"
"NIKA AND HER FATHER, EROTIC STORIES, ISSUE 7, NOVEMBER 2025",,,periodical,"Title 15, Section 3006(c)(15)(A) – lacks serious literary, artistic, political or scientific value"
NINA HARTLEY’S GUIDE TO TOTAL SEX,Nina Hartley,,,"Title 15, Section 3006(c)(17) – frontal nudity"
NLP PROHIBITED PERSUASION TECHNIQUES,,,,"Title 15, Section 3006(d) – presents a serious threat to facility security or the safety of incarcerated persons and staff"
"NLP, NEURO LINGUISTIC PROGRAMMING THE NEW ART AND SCIENCE OF GETTING WHAT YOU WANT (1997)",Harry Adler,,,"Title 15, Section 3006(d) – presents a serious threat to facility security or the safety of incarcerated"
NO GAME NO LIFE VOLUME 2 (2015),Yuu Kamiya,,periodical,"Title 15, Section 3006(c)(16) – sexually explicit images"
NO GAME NO LIFE VOLUME 3 (2015),Yuu Kamiya,,periodical,"Title 15, Section 3006(c)(16) – sexually explicit images"
"NO GAME NO LIFE, PLEASE!",Yuu Kamiya,,,"Title 15, Section 3006(c)(17) – frontal nudity"
"NO GRID SURVIVAL PROJECTS, BY CLAUDE DAVIS, MICHAEL MAJOR, AMBER ROBINSON, AND JAMES WALTON (2021)","Claude Davis, Michael Major,Amber Robinson and James Walton",,,"Title 15, Section 3006(d) – presents a serious threat to facility security or the safety of incarcerated"
NO JOKE (2023),Ruben Becerrada,,,"Title 15, Section 3006(c)(19) – STG members or associates"
"NO REGRETS THE BEST, WORST, & MOST #%* RIDICULOUS TATTOOS EVER",Aviva Yael/P.M. Chen,,,"Title 15, Section 3006(c)(15)(A) – lacks serious literary, artistic, political or scientific value"
NO SAFEWORD,,,,"Title 15, Section 3006(c)(15)(A) – lacks serious literary, artistic, political or scientific value"
NO TURNING BACK (2025),Rasheen Childs RaRa,,,"Title 15, Section 3006(c)(1) – violence or physical harm"
"NOBODY’S GIRLS, ISSUE 1-2",,,periodical,"Title 15, Section 3006(c)(17) – frontal nudity"
NODA: POTRAITS OF PLEASURE,Fanfare,,,"Title 15, Section 3006(c)(17) – frontal nudity"
"NOMI & SCRITTE MAGAZINE, ISSUE NUMBER 8",Delia Vico,,periodical,"Title 15, Section 3006(c)(15)(A) – lacks serious literary, artistic, political or scientific value"
NORTH AMERICAN CAMPGROUND GUIDE (2022),,,,"Title 15, Section 3006(c)(12) – maps depicting any area within a ten mile radius of a facility"
"NORTHLANDERS, SVEN THE RETURN, VOLUME 1",Brian Wood and Davide Gianfelice,,periodical,"Title 15, Section 3006(c)(17) – frontal nudity"
NOTHING BUTT PICTURES CATALOG,,,,"Title 15, Section 3006(c)(15)(A) – lacks serious literary, artistic, political or scientific value"
NOTHING BUTT PICTURES CATALOG 24-138,,,,"Title 15, Section 3006(c)(15)(A) – lacks serious literary, artistic, political or scientific value"
NOTHING BUTT PICTURES CATALOG 466-562,,,,"Title 15, Section 3006(c)(17) – frontal nudity"
"NOTHING BUTT PICTURES CATALOG, 57-85",,,,"Title 15, Section 3006(c)(15)(A) – lacks serious literary, artistic, political or scientific value"
"NOTHING BUTT PICTURES CATALOG, 57-85",,,,"Title 15, Section 3006(c)(15)(A) – lacks serious literary, artistic, political or scientific value"
"NOTHING BUTT PICTURES, CATALOG 563-601",,,,"Title 15, Section 3006(c)(17) – frontal nudity"
NOW OPEN YOUR EYES (2020),Nicole Florina,,,"Title 15, Section 3006(c)(15)(A) – lacks serious literary, artistic, political or scientific value"
NSFW DIRTY JOKES FOR ADULTS (2020),Them Adults,,,"Title 15, Section 3006(c)(15)(A) – lacks serious literary, artistic, political or scientific value"
"NUDE 11, FOS",,,,"Title 15, Section 3006(c)(15)(A) – lacks serious literary, artistic, political or scientific value"
NUDE: THE JOB OF FIGURE DRAWING,Jim Silke,,,"Title 15, Section 3006(c)(17) – frontal nudity"
NUESTRA FAMILIA: BROKEN PARADIGM,John “Boxer” Mendoza,,,"Title 15, Section 3006(d) – presents a serious threat to facility security or the safety of incarcerated persons and staff"
NYMPH,Frank Thorne,,,"Title 15, Section 3006(c)(17) – frontal nudity"
"NYMPHETTES, THE EROTIC ELFIN ART OF BARRY BLAIR & COLIN WALBRIDGE, VOLUME 1",Barry Blair & Colin Walbridge,,periodical,"Title 15, Section 3006(c)(17) – frontal nudity"
OATHS AND OMISSIONS (2025),Sav R. Miller,,,"Title 15, Section 3006(c)(15)(A) – lacks serious literary, artistic, political or scientific value"
"OBSCENE, INDECENT, IMMORAL, AND OFFENSIVE",Stephen Tropiano,,,"Title 15, Section 3006(c)(15)(A) – lacks serious literary, artistic, political or scientific value"
"OBSCENE, INDECENT, IMMORAL, AND OFFENSIVE",Stephen Tropiano,,,"Title 15, Section 3006(c)(1) – violence or physical harm"
"ODIS MAGAZINE/CATALOG, BAD BROADS, VOLUME NUMBER 3, STICKY BOOTH BOUNCE, WINTER 2013 CATALOG",,,periodical,"Title 15, Section 3006(c)(15)(A) – lacks serious literary, artistic, political or scientific value"
ODYSSEY: THE ART AND WORKS OF MIKE HOFFMAN,Mike Hoffman,,,"Title 15, Section 3006(c)(17) – frontal nudity"
"OH, MY SWEET ALIEN, KOUJI MIYATA",Kouji Miyata,,,"Title 15, Section 3006(c)(17) – frontal nudity"
OLD SCHOOL BOXING FITNESS: HOW TO TRAIN LIKE A CHAMP,Andy and Jamie Dumas,,,"Title 15, Section 3006(d) – presents a serious threat to facility security or the safety of incarcerated persons and staff"
"OLIVIA’S CHEESECAKE CHORONICLES, NUMBER 1",Olivia De Berardinis,,,"Title 15, Section 3006(c)(15)(A) – lacks serious literary, artistic, political or scientific value"
"OLIVIA’S CHEESECAKE CHRONICLES, #1",,,,"Title 15, Section 3006(c)(17) – frontal nudity"
"ON BLOODY SUNDAY, A NEW HISTORY OF THE DAY AND ITS AFTERMATH BY THOSE WHO WERE THERE (2023)",Julieann Campbell,,,"Title 15, Section 3006(c)(1) – violence or physical harm"
"ONCE A KING, ALWAYS A KING, THE UNMAKING OF A LATIN KING (2004)",Reymundo Sanchez,,,"Title 15, Section 3006(c)(19) – STG members or associates"
ONCE UPON A TIME IN COMPTON (2017),Timothy M. Brennan and Robert Ladd,,,"Title 15, Section 3006(c)(19) – STG members or associates"
ONE MANDY MORNING,Dean Yeagle,,,"Title 15, Section 3006(c)(17) – frontal nudity"
ONE MILLION TATTOOS; DESIGNS TO CREATE AND COLOR,Jian Li,,,"Title 15, Section 3006(c)(17) – frontal nudity"
ONE TIME PUBLISHING LLC,Greg Kading,,,"Title 15, Section 3006(c)(19) – STG members or associates"
ONLY PLEASURE,Lora Leigh,,,"Title 15, Section 3006(c)(15)(A) – lacks serious literary, artistic, political or scientific value"
ONYX STORM (2025),Rebecca Yarros,,,"Title 15, Section 3006(c)(15)(A) – lacks serious literary, artistic, political or scientific value"
OPEN LEG AND LACE MAGAZINE,,,periodical,"Title 15, Section 3006(c)(17) – frontal nudity"
OPERATION YARD RECALL (2022),Hector Bravo,,,"Title 15, Section 3006(d) – presents a serious threat to facility security or the safety of incarcerated persons and staff"
ORAL SEX FOR EVERY BODY,Tina Robbins,,,"Title 15, Section 3006(c)(17) – frontal nudity"
ORIENTAL TATTOO ART: CONTEMPORARY CHINESE AND JAPANESE TATTOO MASTERS,Du Ying,,,"Title 15, Section 3006(c)(17) – frontal nudity"
"ORIGINAL GANGSTER, THE REAL LIFE STORY OF ONE OF AMERICA’S MOST NOTORIOUS DRUG LORDS",Frank Lucas,,,"Title 15, Section 3006(c)(1) – violence or physical harm"
"ORIGINS, THE ART OF JOHN JUDE PALENCAR",Arnie Fenner & Cathy Fenner,,,"Title 15, Section 3006(c)(15)(A) – lacks serious literary, artistic, political or scientific value"
"OUR BODIES, OURSELVES",Simon and Schuster,,,"Title 15, Section 3006(c)(17) – frontal nudity"
OUR MAN FRIDAY,Claire Thompson,,,"Title 15, Section 3006(c)(15)(A) – lacks serious literary, artistic, political or scientific value"
"OUR SEXUALITY, 14TH EDITION",Robert Crooks,,,"Title 15, Section 3006(c)(17) – frontal nudity"
"OUR SHARE OF THE NIGHT, A NOVEL (2023)",Mariana Enriquez,,,"Title 15, Section 3006(c)(1) – violence or physical harm"
OUR TATTOO: THE BEST TATTOOS FROM THE WORLD’S BEST ARTISTS. VOL 4,Bugsy and Adam Lockman,,,"Title 15, Section 3006(c)(17) – frontal nudity"
OUT BAD: A TRUE STORY OF MOTORCYCLE OUTLAWS,Donald Charles Davis,,,"Title 15, Section 3006(d) – presents a serious threat to facility security or the safety of incarcerated persons and staff"
"OUT MAGAZINE, AUGUST 2019",,,periodical,"Title 15, Section 3006(c)(17) – frontal nudity"
"OUT OF THE INNER CIRCLE, A HACKER’S GUIDE TO COMPUTER SECURITY",Bill Landreth,,,"Title 15, Section 3006(d) – presents a serious threat to facility security or the safety of incarcerated persons and staff"
OUT OF THE RED,Christian L. Bolden,,,"Title 15, Section 3006(c)(19) – STG members or associates"
"OUT, MAY 2019",,,,"Title 15, Section 3006(c)(17) – frontal nudity"
"OUT, THE FASHION ISSUE SEPT-OCT 2019",,,periodical,"Title 15, Section 3006(c)(15)(A) – lacks serious literary, artistic, political or scientific value"
OUTLAW BIKER ISSUE 214,,,periodical,"Title 15, Section 3006(c)(17) – frontal nudity"
OUTLAW BIKER 2020 CALENDAR,,,,"Title 15, Section 3006(c)(17) – frontal nudity"
"OUTLAW BIKER MAGAZINE, APRIL, MAY 2023",,,periodical,"Title 15, Section 3006(c)(17) – frontal nudity"
"OUTLAW BIKER, 212",,,,"Title 15, Section 3006(c)(17) – frontal nudity"
"OUTLAW BIKER, FEB- MAR 2023, ISSUE 236",,,periodical,"Title 15, Section 3006(c)(17) – frontal nudity"
"OUTLAW BIKER, ISSUE 2016",,,periodical,"Title 15, Section 3006(c)(17) – frontal nudity"
"OUTLAW BIKER, ISSUE 207",,,periodical,"Title 15, Section 3006(c)(17) – frontal nudity"
"OUTLAW BIKER, ISSUE 211",,,periodical,"Title 15, Section 3006(c)(17) – frontal nudity"
"OUTLAW BIKER, ISSUE 213",,,periodical,"Title 15, Section 3006(c)(17) – frontal nudity"
"OUTLAW BIKER, ISSUE 215",,,periodical,"Title 15, Section 3006(c)(17) – frontal nudity"
"OUTLAW BIKER, ISSUE 217",,,periodical,"Title 15, Section 3006(c)(17) – frontal nudity"
"OUTLAW BIKER, ISSUE 218",,,periodical,"Title 15, Section 3006(c)(17) – frontal nudity"
"OUTLAW BIKER, ISSUE 219",,,periodical,"Title 15, Section 3006(c)(17) – frontal nudity"
"OUTLAW BIKER, ISSUE 220",,,periodical,"Title 15, Section 3006(c)(17) – frontal nudity"
"OUTLAW BIKER, ISSUE 221",,,periodical,"Title 15, Section 3006(c)(17) – frontal nudity"
"OUTLAW BIKER, ISSUE 222",,,periodical,"Title 15, Section 3006(c)(17) – frontal nudity"
"OUTLAW BIKER, ISSUE 223",,,periodical,"Title 15, Section 3006(c)(17) – frontal nudity"
"OUTLAW BIKER, ISSUE 224",,,periodical,"Title 15, Section 3006(c)(15)(A) – lacks serious literary, artistic, political or scientific value"
"OUTLAW BIKER, ISSUE 225",,,periodical,"Title 15, Section 3006(c)(17) – frontal nudity"
"OUTLAW BIKER, ISSUE 229",,,periodical,"Title 15, Section 3006(c)(17) – frontal nudity"
"OUTLAW BIKER, ISSUE 230",,,periodical,"Title 15, Section 3006(c)(17) – frontal nudity"
OVER 40 MAGAZINE,,,periodical,"Title 15, Section 3006(c)(17) – frontal nudity"
OVER 50 MAGAZINE,,,periodical,"Title 15, Section 3006(c)(17) – frontal nudity"
PACTS WITH THE DEVIL (1993),"S. Jason Black and Christopher S. Hyatt, Ph.D.",,,"Title 15, Section 3006(c)(17) – frontal nudity"
PANDERING,Heidi Fleiss,,,"Title 15, Section 3006(c)(17) – frontal nudity"
PANDORA’S BOOK OF SEXUAL FANTASIES,Suzie Hayman,,,"Title 15, Section 3006(c)(17) – frontal nudity"
PANDRA II (2021),Erect Sawaru,,,"Title 15, Section 3006(c)(16) – sexually explicit images"
PANTY PLAY MAGAZINE,,,periodical,"Title 15, Section 3006(c)(17) – frontal nudity"
"PANZRAM, A JOURNAL OF MURDER (2002)",Thomas E. Gaddis,,periodical,"Title 15, Section 3006(c)(1) – violence or physical harm"
PAPER STABLE,,,,"Title 15, Section 3006(c)(17) – frontal nudity"
PARACHUTE CORD CRAFT,Pepperell Company and Samantha Grenier,,,"Title 15, Section 3006(d) – presents a serious threat to facility security or the safety of incarcerated persons and staff"
"PARACORD FUSION TIES, VOLUME 2",J.D. Lenzen,,periodical,"Title 15, Section 3006(d) – presents a serious threat to facility security or the safety of incarcerated persons and staff"
"PARADISE FOUND, AN EROTIC TREASURY FOR SYBARITES (2024)",Betony Vernon,,,"Title 15, Section 3006(c)(17) – frontal nudity"
PARADISE IN BRAZIL,Joaquim Nabuco,,,"Title 15, Section 3006(c)(17) – frontal nudity"
PARALLEL PARADISE 1,Lynn Okamoto,,,"Title 15, Section 3006(c)(17) – frontal nudity"
PARALLEL PARADISE 2 (2020),Lynn Okamoto,,,"Title 15, Section 3006(c)(16) – sexually explicit images"
PARALLEL PARADISE 3,Lynn Okamoto,,,"Title 15, Section 3006(c)(17) – frontal nudity"
PARALLEL PARADISE 4,Lynn Okamoto,,,"Title 15, Section 3006(c)(17) – frontal nudity"
PARALLEL PARADISE 5,Lynn Okamoto,,,"Title 15, Section 3006(c)(17) – frontal nudity"
"PARALLEL PARADISE, VOLUME 11",Jason DeAngelis,,,"Title 15, Section 3006(c)(17) – frontal nudity"
"PARALLEL PARADISE, VOLUME 12",Jason DeAngelis,,,"Title 15, Section 3006(c)(17) – frontal nudity"
"PARALLEL PARADISE, VOLUME 13",Jason DeAngelis,,,"Title 15, Section 3006(c)(17) – frontal nudity"
"PARALLEL PARADISE, VOLUME 14",Jason DeAngelis,,,"Title 15, Section 3006(c)(17) – frontal nudity"
"PARALLEL PARADISE, VOLUME 16 (2024)",Lynn Okamoto,,,"Title 15, Section 3006(c)(15)(A) – lacks serious literary, artistic, political or scientific value"
"PARALLEL PARADISE, VOLUME 8",Jason DeAngelis,,periodical,"Title 15, Section 3006(c)(17) – frontal nudity"
PARTY GIRL (2023),Ebony Q.,,,"Title 15, Section 3006(c)(15)(A) – lacks serious literary, artistic, political or scientific value"
"PATHFINDER ADVENTURE PATH #87, THE CHOKING TOWER (2019)",Paizo Staff,,,"Title 15, Section 3006(d) – presents a serious threat to facility security or the safety of incarcerated"
"PATHFINDER ADVENTURE PATH, CRYPT OF RUNES (2025)",Paizo Staff,,,"Title 15, Section 3006(d) – presents a serious threat to facility security or the safety of incarcerated"
"PATHFINDER ADVENTURE PATH, CULT OF CINDERS, AGE OF ASHES (2019)",Eleanor Ferron,,,"Title 15, Section 3006(d) – presents a serious threat to facility security or the safety of incarcerated"
"PATHFINDER ADVENTURE PATH, INTO THE APOCALYPSE ARCHIVE, REVENGE OF THE RUNELORDS (2025)",Jessica Redekop,,,"Title 15, Section 3006(d) – presents a serious threat to facility security or the safety of incarcerated"
"PATHFINDER ADVENTURE PATH, SHATTERED STAR, PART 3, THE ASYLUM STONE (2012)",Paizo Staff,,,"Title 15, Section 3006(d) – presents a serious threat to facility security or the safety of incarcerated"
"PATHFINDER ADVENTURE PATH, SHATTERED STAR, SHARDS OF SIN (2012)",Paizo Staff,,,"Title 15, Section 3006(d) – presents a serious threat to facility security or the safety of incarcerated"
PATHFINDER CAMPAIGN SETTING MYTHIC REALMS (2013),Paizo Staff,,,"Title 15, Section 3006(d) – presents a serious threat to facility security or the safety of incarcerated"
"PATHFINDER CAMPAIGN SETTING, FEY REVISITED (2013)",Savannah Broadway,,,"Title 15, Section 3006(d) – presents a serious threat to facility security or the safety of incarcerated"
"PATHFINDER CAMPAIGN SETTING, INNER SEA BESTIARY (2012)",Paizo Staff,,,"Title 15, Section 3006(d) – presents a serious threat to facility security or the safety of incarcerated"
PATHFINDER DARK ARCHIVE (2022),"James Case, Mikhail Rekun & Mark Seifter",,,"Title 15, Section 3006(d) – presents a serious threat to facility security or the safety of incarcerated"
PATHFINDER KINGMAKER ADVENTURE PATH (2022),Paizo Staff,,,"Title 15, Section 3006(d) – presents a serious threat to facility security or the safety of incarcerated"
PATHFINDER MONSTER CORE (2024),Logan Bonner,,,"Title 15, Section 3006(d) – presents a serious threat to facility incarcerated"
"PATHFINDER PLAYER COMPANION, DRAGON EMPIRES PRIMER (2011)",Paizo Staff,,,"Title 15, Section 3006(d) – presents a serious threat to facility security or the safety of incarcerated"
"PATHFINDER PLAYER COMPANION, FAITHS & PHILOSOPHIES (2013)",Paizo Staff,,,"Title 15, Section 3006(d) – presents a serious threat to facility security or the safety of incarcerated"
"PATHFINDER PLAYER COMPANION, LEGACY OF THE FIRST WORLD (2017)",Judy Bauer,,,"Title 15, Section 3006(d) – presents a serious threat to facility security or the safety of incarcerated"
PATHFINDER PLAYER CORE (2024),Paizo Staff,,,"Title 15, Section 3006(d) – presents a serious threat to facility security or the safety of incarcerated"
"PATHFINDER PLAYER CORE 2, SECOND EDITION (2024)",Paizo Staff,,,"Title 15, Section 3006(d) – presents a serious threat to facility security or the safety of incarcerated"
"PATHFINDER ROLEPLAYING GAME, ADVANCED CLASS GUIDE POCKET EDITION (2018)",Paizo Staff,,,"Title 15, Section 3006(d) – presents a serious threat to facility security or the safety of incarcerated"
"PATHFINDER ROLEPLAYING GAME, ADVANCED PLAYER’S GUIDE (2016)",,,,"Title 15, Section 3006(d) – presents a serious threat to facility security or the safety of incarcerated"
"PATHFINDER ROLEPLAYING GAME, ADVENTURE’S GUIDE (2017)",Paizo Staff,,,"Title 15, Section 3006(d) – presents a serious threat to facility security or the safety of incarcerated"
"PATHFINDER ROLEPLAYING GAME, BESTIARY (2009)",JAson Bulhmahn,,,"Title 15, Section 3006(d) – presents a serious threat to facility security or the safety of incarcerated"
"PATHFINDER ROLEPLAYING GAME, BESTIARY 5 (2018)",Jason Bulmahn,,,"Title 15, Section 3006(d) – presents a serious threat to facility security or the safety of incarcerated"
"PATHFINDER ROLEPLAYING GAME, CORE RULEBOOK (2016)",Jason Bulmahn,,,"Title 15, Section 3006(d) – presents a serious threat to facility security or the safety of incarcerated persons and staff"
"PATHFINDER ROLEPLAYING GAME, GM CORE (2024)",Logan Banner and Mark Seifter,,,"Title 15, Section 3006(d) – presents a serious threat to facility security or the safety of incarcerated"
"PATHFINDER ROLEPLAYING GAME, HORROR ADVENTURES (2016)",Jason Bulmahn,,,"Title 15, Section 3006(d) – presents a serious threat to facility security or the safety of incarcerated"
"PATHFINDER ROLEPLAYING GAME, OCCULT ADVENTURES (2015)",Jason Bulmahn,,,"Title 15, Section 3006(d) – presents a serious threat to facility security or the safety of incarcerated"
"PATHFINDER ROLEPLAYING GAME, PLANAR ADVENTURES (2018)",James Jacobs,,,"Title 15, Section 3006(d) – presents a serious threat to facility security or the safety of incarcerated"
"PATHFINDER ROLEPLAYING GAME, ULTIMATE COMBAT (2011)",Paizo Staff,,,"Title 15, Section 3006(d) – presents a serious threat to facility security or the safety of incarcerated"
"PATHFINDER ROLEPLAYING GAME, ULTIMATE EQUIPMENT (2016)",Jason Bulmahn,,,"Title 15, Section 3006(d) – presents a serious threat to facility security or the safety of incarcerated"
"PATHFINDER ROLEPLAYING GAMES, ADVANCED RACE GUIDE (2016)",Jason Bulmahn,,,"Title 15, Section 3006(d) – presents a serious threat to facility security or the safety of incarcerated"
PATHFINDER RPG RAGE OF ELEMENTS POCKET EDITION (2023),Paizo Staff,,,"Title 15, Section 3006(d) – presents a serious threat to facility security or the safety of incarcerated"
"PATHFINDER RPG, HOWL OF THE WIND (2024)",Paizo Staff,,,"Title 15, Section 3006(d) – presents a serious threat to facility security or the safety of incarcerated"
"PATHFINDER RPG, TREASURE VAULT (2025)",Paizo Staff,,,"Title 15, Section 3006(d) – presents a serious threat to facility security or the safety of incarcerated"
"PATHFINDER, LOST OMENS WORLD GUIDE (2019)",Paizo Staff,,,"Title 15, Section 3006(d) – presents a serious threat to facility security or the safety of incarcerated"
"PATHFINDER, ROLEPLAYING GAME, NPC CODEX, BY JASON BULMAHN (2012)",Jason Bulmahn,,,"Title 15, Section 3006(d) – presents a serious threat to facility security or the safety of incarcerated"
PATPONG SISTERS,Skyhorse Publishing,,,"Title 15, Section 3006(c)(17) – frontal nudity"
PAYBACK AIN’T ENOUGH,Wahida Clark,,,"Title 15, Section 3006(c)(15)(C)(5) – conduct which is or appears to be forceful, threatening or violent"
"PEACE, LOVE & PETROL BOMBS, BY D.D. JOHNSTON (2011)",D.D. Johnston,,,"Title 15, Section 3006(c)(15)(A) – lacks serious literary, artistic, political or scientific value"
"PEEK A BOO, FIYAH PICTURES",,,,"Title 15, Section 3006(c)(17) – frontal nudity"
PENCIL AND INK,,,,"Title 15, Section 3006(c)(17) – frontal nudity"
PENCIL DRAWING,Michael Woods,,,"Title 15, Section 3006(c)(17) – frontal nudity"
PENIS GENIUS,Jordan LaRousse,,,"Title 15, Section 3006(c)(15)(A) – lacks serious literary, artistic, political or scientific value"
PENTHOUSE FORUM MAGAZINE,,,periodical,"Title 15, Section 3006(c)(15)(A) – lacks serious literary, artistic, political or scientific value"
"PENTHOUSE LETTERS + VARIATIONS, DECEMBER 2019/JANUARY 2020",,,,"Title 15, Section 3006(c)(15)(A) – lacks serious literary, artistic, political or scientific value"
PENTHOUSE LETTERS MAGAZINE,,,periodical,"Title 15, Section 3006(c)(15)(A) – lacks serious literary, artistic, political or scientific value"
"PENTHOUSE LETTERS, APRIL -MAY 2023",,,,"Title 15, Section 3006(c)(17) – frontal nudity"
"PENTHOUSE LETTERS, APRIL-MAY 2022 ISSUE",Penthouse Magazine,,periodical,"Title 15, Section 3006(c)(17) – frontal nudity"
"PENTHOUSE LETTERS, FEBRUARY 2023 & MARCH 2023 MAGAZINE",,,periodical,"Title 15, Section 3006(c)(17) – frontal nudity consecutive issues – Permanently Disapproved"
PENTHOUSE VARIATIONS MAGAZINE,,,periodical,"Title 15, Section 3006(c)(15)(A) – lacks serious literary, artistic, political or scientific value"
PENTHOUSE VARIATIONS ON SUBMISSION (2015),Penthouse Variations,,,"Title 15, Section 3006(c)(15)(A) – lacks serious literary, artistic, political or scientific value"
"PENTHOUSE, BETWEEN THE SHEETS",Penthouse Magazine,,,"Title 15, Section 3006(c)(15)(A) – lacks serious literary, artistic, political or scientific value"
"PENTHOUSE, NAUGHTY BY NATURE",Penthouse Magazine,,,"Title 15, Section 3006(c)(15)(A) – lacks serious literary, artistic, political or scientific value"
"PENTHOUSE, THE TRAILBLAZERS ISSUE, MAY-JUNE 2023",,,periodical,"Title 15, Section 3006(c)(17) – frontal nudity"
PERFECT 10 MAGAZINE,,,periodical,"Title 15, Section 3006(c)(17) – frontal nudity"
PETERSEN’S HUNTING APRIL-MAY 2024,,,,"Title 15, Section 3006(c)(8) – a description of the making of any weapon, explosive, poison or destructive device"
"PETERSEN’S HUNTING MAGAZINE, APRIL, MAY 2023",,,periodical,"Title 15, Section 3006(c)(8) – a description of the making of any weapon, explosive, poison or destructive device"
"PETERSEN’S HUNTING, AUGUST 2023",,,,"Title 15, Section 3006(c)(8) – a description of the making of any weapon, explosive, poison or destructive device"
PETITE MAGAZINE,,,periodical,"Title 15, Section 3006(c)(17) – frontal nudity"
"PHANTASMA, WICKED GAMES, 1 (2024)",Kaylie Smith,,,"Title 15, Section 3006(c)(15)(A) – lacks serious literary, artistic, political or scientific value"
PHOTO TRYST CATALOG P091-P450,,,,"Title 15, Section 3006(c)(15)(A) – lacks serious literary, artistic, political or scientific value"
PHOTO TRYST-F001- F450,,,,"Title 15, Section 3006(c)(15)(A) – lacks serious literary, artistic, political or scientific value"
PICS OR IT DIDN’T HAPPEN,Arvida strom,,,"Title 15, Section 3006(c)(17) – frontal nudity"
PIMP,Iceberg Slim,,,"Title 15, Section 3006(c)(15)(A) – lacks serious literary, artistic, political or scientific value"
"PIMP, THE STORY OF MY LIFE (2011)",Iceberg Slim,,,"Title 15, Section 3006(c)(15)(A) – lacks serious literary, artistic, political or scientific value"
PIN UP GIRLS,Isabella Alston,,,"Title 15, Section 3006(c)(17) – frontal nudity"
"PINEAPPLE PICTURES JOCK STRAP VOL 1,2, BUMS VOL 5, TWINK VOL 7",,,,"Title 15, Section 3006(c)(15)(A) – lacks serious literary, artistic, political or scientific value"
PINEAPPLE PICTURES MULTIPLE VOLUME 1 & TWINK VOL. 3,,,periodical,"Title 15, Section 3006(c)(15)(A) – lacks serious literary, artistic, political or scientific value"
PINEAPPLE PICTURES TWINK VOL 8,,,,"Title 15, Section 3006(c)(15)(A) – lacks serious literary, artistic, political or scientific value"
PINEAPPLE PICTURES TWINK VOL 9,,,,"Title 15, Section 3006(c)(15)(A) – lacks serious literary, artistic, political or scientific value"
"PINEAPPLE PICTURES TWINK, VOL 11, MEN OF HELIX STUDIOS",,,,"Title 15, Section 3006(c)(15)(A) – lacks serious literary, artistic, political or scientific value"
"PINEAPPLE PICTURES, BUMS VOL 6",,,,"Title 15, Section 3006(c)(15)(A) – lacks serious literary, artistic, political or scientific value"
"PINEAPPLE PICTURES, CELEBRITY",,,,"Title 15, Section 3006(c)(17) – frontal nudity"
"PINEAPPLE PICTURES, CELEBRITY 2",,,,"Title 15, Section 3006(c)(17) – frontal nudity"
"PINEAPPLE PICTURES, CELEBRITY COREY KING, CODY LOCKHEART, JESSE STAR, JOEY MILLS AND ANDY TAYLOR",,,,"Title 15, Section 3006(c)(17) – frontal nudity"
"PINEAPPLE PICTURES, CELEBRITY OSCAR DEL LA HOYA",,,,"Title 15, Section 3006(c)(17) – frontal nudity"
"PINEAPPLE PICTURES, EROTIC, VOLUME 1",,,periodical,"Title 15, Section 3006(c)(15)(A) – lacks serious literary, artistic, political or scientific value"
"PINK KINKY, JAPAN’S SEX UNDERGROUND",Su Zume,,,"Title 15, Section 3006(c)(17) – frontal nudity"
"PINKY’S PLAYHOUSE, SOFTCORE ISSUE 001",,,periodical,"Title 15, Section 3006(c)(17) – frontal nudity"
PIN-UP COLLECTION VOL. 1: THE ART OF MIKE “FEATHERTOUCH” SYKOWSKI,Mike Sykowski,,,"Title 15, Section 3006(c)(17) – frontal nudity"
PIRATE MAGAZINE,,,periodical,"Title 15, Section 3006(c)(17) – frontal nudity"
"PLAY WITH ME!, THE ART OF DIRK RICHTER PLAYBOY MAGAZINE",Dirk Richter,,periodical,"Title 15, Section 3006(c)(17) – frontal nudity Nudity – 12 consecutive issues – Permanently Disapproved"
"PLAYBOY’S 100 HOT NUDES, 2005",,,,"Title 15, Section 3006(c)(16) – sexually explicit images"
"PLAYBOY’S HUGH HEFNER, EMPIRE OF SKIN",Darwin Porter and Danforth PrInc.e,,,"Title 15, Section 3006(c)(17) – frontal nudity"
PLEASURE (2008),Eric Jerome Dickey,,,"Title 15, Section 3006(c)(15)(A) – lacks serious literary, artistic, political or scientific value"
PLEASURE ZONE,Cairo,,,"Title 15, Section 3006(c)(15)(A) – lacks serious literary, artistic, political or scientific value"
"PLUSH XL, ISSUE 7",,,periodical,"Title 15, Section 3006(c)(15)(A) – lacks serious literary, artistic, political or scientific value"
PLUS-SIZED ELF 1,Seven Seas Entertainment,,,"Title 15, Section 3006(c)(17) – frontal nudity"
PLUS-SIZED ELF 2,Seven Seas Entertainment,,,"Title 15, Section 3006(c)(17) – frontal nudity"
POISON APPLES,Lorenzo Sperlonga,,,"Title 15, Section 3006(c)(17) – frontal nudity"
POPSCARS #2,,,,"Title 15, Section 3006(c)(16) – sexually explicit images"
"POPULAR MECHANICS MAGAZINE, OCTOBER 2019",,,periodical,"Title 15, Section 3006(c)(15)(A) – lacks serious literary, artistic, political or scientific value"
"POPULAR MECHANICS, JULY-AUGUST 2019",,,,"Title 15, Section 3006(d) – presents a serious threat to facility security or the safety of incarcerated persons and staff"
"POPULAR MECHANICS, MARCH-APRIL 2020",,,,"Title 15, Section 3006(c)(15)(A) – lacks serious literary, artistic, political or scientific value"
"POPULAR MECHANICS, MAY 2019",,,,"Title 15, Section 3006(d) – presents a serious threat to facility security or the safety of incarcerated persons and staff"
"POPULAR MECHANICS, MAY-JUNE 2021",,,,"Title 15, Section 3006(c)(15)(A) – lacks serious literary, artistic, political or scientific value"
"PORNSTAR CUM-UP, CATALOG 3, WINTER 2010",,,,"Title 15, Section 3006(c)(15)(A) – lacks serious literary, artistic, political or scientific value"
"PORNSTAR CUM-UP, CATALOG 7, ALL STAR EDITION",,,,"Title 15, Section 3006(c)(15)(A) – lacks serious literary, artistic, political or scientific value"
"POSITION OF THE DAY, SEX EVERY DAY IN EVERY WAY",Nerve.com,,,"Title 15, Section 3006(c)(15)(A) – lacks serious literary, artistic, political or scientific value"
"POSITIVELY AWARE, SEPTEMBER/OCTOBER 2024",,,,"Title 15, Section 3006(c)(16) – sexually explicit images"
POSTER GIRLS,Jose A. Cano,,,"Title 15, Section 3006(c)(17) – frontal nudity"
POWER HOLD’EM STRATEGY (2008),Daniel Negreanu,,,"Title 15, Section 3006 (c)(13) – contains or concerns gambling or a lottery"
POWERS BUREAU,,,,"Title 15, Section 3006(c)(17) – frontal nudity"
PRACTICAL KUNG FU,Waysun “Johnny” Tsai,,,"Title 15, Section 3006(d) – presents a serious threat to facility security or the safety of incarcerated persons and staff"
PREACHER BOOK ONE,Garth Ennis & Steve Dillon,,,"Title 15, Section 3006(c)(1) – violence or physical harm"
PREACHER BOOK THREE,Garth Ennis and Steve Dillon,,,"Title 15, Section 3006(c)(15)(A) – lacks serious literary, artistic, political or scientific value"
"PREACHER, WAR IN THE SUN, VOLUME 6 (2005)","Garth Ennis, Steve Dillon & Peter Snejbjerg",,periodical,"Title 15, Section 3006(c)(16) – sexually explicit images"
PREACHER: BOOK TWO,Garth Ennis and Steve Dillon,,,"Title 15, Section 3006(c)(17) – frontal nudity"
PREDATOR XTREME FALL 2024,,,,"Title 15, Section 3006(c)(8) – making of any weapon, explosive, poison or destructive device"
"PREDATOR XTREME, SEPTEMBER-OCTOBER 2019",,,,"Title 15, Section 3006(d) – presents a serious threat to facility security or the safety of incarcerated persons and staff"
PREPARE FOR WAR (1992),Rebecca Brown,,,"Title 15, Section 3006(c)(15)(B) – nature of dissemination, distribution or exhibition appeals to sexual groups"
PREPPER SURVIVAL GUIDE,,,,"Title 15, Section 3006(d) – presents a serious threat to facility security or the safety of incarcerated persons and staff"
"PREPPER, EMERGENCY SURVIVAL MANUAL, FALL-WINTER 2020",,,,"Title 15, Section 3006(d) – presents a serious threat to facility security or the safety of incarcerated persons and staff"
"PREPPER, SURVIVAL GUIDE, CENTENNIAL OUTDOORS 2021",,,,"Title 15, Section 3006(d) – presents a serious threat to facility security or the safety of incarcerated persons and staff"
PREPPER’S HOME DEFENSE,Jim Cobb,,,"Title 15, Section 3006(d) – presents a serious threat to facility security or the safety of incarcerated persons and staff"
PRESSURE POINT ATLAS,Michael Patrick,,,"Title 15, Section 3006(c)(15)(C)(5) – conduct which is or appears to be forceful, threatening or violent"
PRESSURE POINT FIGHTING (2022),Rick Clark,,,"Title 15, Section 3006(d) – presents a serious threat to facility security or the safety of incarcerated persons and staff"
PRETTY GIRLS (2016),Karin Slaughter,,,"Title 15, Section 3006(c)(1) – violence or physical harm"
"PRETTY GIRLS LOVE BAD BOYS, THE PRISON GUIDE TO GETTING GIRLS",Mike Enemigo and King Guru,,,"Title 15, Section 3006(d) – presents a serious threat to facility security or the safety of incarcerated persons and staff"
PRETTY LITTLE SAVAGE (2020),Lucy Smoke,,,"Title 15, Section 3006(c)(15)(C)(5) – conduct which is or appears to be forceful, threatening or violent"
"PRETTY THIRD PARTY SURPISE, A COMPILATION (2024)","Mia, Eva Shelton, and Brian J. Marsh",,,"Title 15, Section 3006(c)(15)(A) – lacks serious literary, artistic, political or scientific value"
"PRETTY, SEXY, CUTE, HOW TO DRAW GORGEOUS WOMEN, CUTE KIDS AND ADORABLE ANIMALS",Tiffanny Tan,,,"Title 15, Section 3006(c)(17) – frontal nudity"
PRIMITIVES (2002),Charles Gatewood,,,"Title 15, Section 3006(c)(16) – sexually explicit images"
PRINC.IPLES OF FIGURE DRAWING,Alexander Dobkin,,,"Title 15, Section 3006(c)(17) – frontal nudity"
PRISON ART ENVELOPES (2025),Eric Srugess,,,"Title 15, Section 3006(c)(19) – STG members or associates"
PRISON ART HATS (2025),Eric Strugess,,,"Title 15, Section 3006(c)(19) – STG members or associates"
"PRISON ART, PANOS (2025)",Eric Strugess,,,"Title 15, Section 3006(c)(19) – STG members or associates"
PRISON L S JANUARY 2020 CATALOG,,,,"Title 15, Section 3006(c)(17) – frontal nudity"
PRISON LEGENDARY SERVICES CATALOG,,,,"Title 15, Section 3006(c)(17) – frontal nudity"
"PRISON LEGENDARY SERVICES, BROCHURE S1-S3",,,,"Title 15, Section 3006(c)(17) – frontal nudity"
PRISON LS ASIAN PART 1 & DAISY CATALOG,,,,"Title 15, Section 3006(c)(15)(A) – lacks serious literary, artistic, political or scientific value"
"PRISON LS CATALOG, AUGUST 2018",,,,"Title 15, Section 3006(c)(15)(A) – lacks serious literary, artistic, political or scientific value"
PRISON LS LIL LORIE,,,,"Title 15, Section 3006(c)(15)(A) – lacks serious literary, artistic, political or scientific value"
PRISON LS LITTLE LUPE,,,,"Title 15, Section 3006(c)(15)(A) – lacks serious literary, artistic, political or scientific value"
PRISON LS LITTLE SUMMER,,,,"Title 15, Section 3006(c)(15)(A) – lacks serious literary, artistic, political or scientific value"
"PRISON LS, ALL THAT ASS P1 CATALOG",,,,"Title 15, Section 3006(c)(15)(A) – lacks serious literary, artistic, political or scientific value"
"PRISON LS, KATES PLAYGROUND",,,,"Title 15, Section 3006(c)(15)(A) – lacks serious literary, artistic, political or scientific value"
"PRISON LS, SUMMER 18 CATALOG",,,,"Title 15, Section 3006(c)(15)(A) – lacks serious literary, artistic, political or scientific value"
"PRISON PANOS, INK ON CLOTH (2024)",Eric Sturgess,,,"Title 15, Section 3006(c)(19) – STG members or associates"
PRISON RAMEN,"Clifton Collins, Jr. and Gustavo Alvarez",,,"Title 15, Section 3006(d) – presents a serious threat to facility security or the safety of incarcerated persons and staff"
PRISON SCHOOL 001,Akira Hiramoto,,,"Title 15, Section 3006(c)(17) – frontal nudity"
PRISON SCHOOL 002,Akira Hiramoto,,,"Title 15, Section 3006(c)(17) – frontal nudity"
PRISON SCHOOL 004,Akira Hiramoto,,,"Title 15, Section 3006(c)(17) – frontal nudity"
PRISON SCHOOL 005,Akira Hiramoto,,,"Title 15, Section 3006(c)(17) – frontal nudity"
PRISON SCHOOL 006,Akira Hiramoto,,,"Title 15, Section 3006(c)(17) – frontal nudity"
PRISON SCHOOL 007,Akira Hiramoto,,,"Title 15, Section 3006(c)(17) – frontal nudity"
PRISON SCHOOL 009,Akira Hiramoto,,,"Title 15, Section 3006(c)(17) – frontal nudity"
PRISON SCHOOL 010,Akira Hiramoto,,,"Title 15, Section 3006(c)(17) – frontal nudity"
PRISON SCHOOL 012,Akira Hiramoto,,,"Title 15, Section 3006(c)(17) – frontal nudity"
PRISON SCHOOL 013,Akira Hiramoto,,,"Title 15, Section 3006(c)(17) – frontal nudity"
PRISON SCHOOL 014,Akira Hiramoto,,,"Title 15, Section 3006(c)(17) – frontal nudity"
PRISON SCHOOL 1,Akira Hiramoto,,,"Title 15, Section 3006(c)(17) – frontal nudity"
PRISON SCHOOL 2,Akira Hiramoto,,,"Title 15, Section 3006(c)(17) – frontal nudity"
PRISON SCHOOL 2,Akira Hiramoto,,,"Title 15, Section 3006(c)(17) – frontal nudity"
PRISON SCHOOL 3,,,,"Title 15, Section 3006(c)(17) – frontal nudity"
PRISON SCHOOL 8,Akira Hiramoto,,,"Title 15, Section 3006(c)(15)(A) – lacks serious literary, artistic, political or scientific value"
"PRO FORECAST FANTASY FOOTBALL 2025, ISSUE 55",,,periodical,"Title 15, Section 3006 (c)(13) – contains or concerns gambling or a lottery"
PROFILE OF A CRIMINAL MIND (2003),Brian Innes,,,"Title 15, Section 3006(c)(15)(C)(5) – conduct which is or appears to be forceful, threatening or violent"
PROMETHEUS RISING,Robert Anton Wilson,,,"Title 15, Section 3006(c)(17) – frontal nudity"
PROMISE ME ALWAYS (2025),A.L. Jackson,,,"Title 15, Section 3006(c)(15)(A) – lacks serious literary, artistic, political or scientific value"
PROPERTY OF THE FOLSOM WOLF,Don Lasseter,,,"Title 15, Section 3006(c)(15)(C)(5) – conduct which is or appears to be forceful, threatening or violent"
PSICOLOGIA OSCURA (2022),Fabian Goleman,,,"Title 15, Section 3006(d) – presents a serious threat to facility security or the safety of incarcerated"
PSYCHO SHIFTERS (2025),Jasmine Mas,,,"Title 15, Section 3006(c)(15)(A) – lacks serious literary, artistic, political or scientific value"
PSYCHO USA: FAMOUS AMERICAN KILLERS YOU NEVER HEARD OF,Harold Schechter,,,"Title 15, Section 3006(c)(15)(C)(3) – contains or concerns of nudity of a minor, or person who appears to be under 18 years old."
PUNISHED (2024),Nix Murguia,,,"Title 15, Section 3006(c)(15)(A) – lacks serious literary, artistic, political or scientific value"
PUNK,Stephen Colegrave/Chris Sullivan,,,"Title 15, Section 3006(c)(17) – frontal nudity"
PURE EROTIC MASSAGE,Nicole Bailey,,,"Title 15, Section 3006(c)(17) – frontal nudity"
"PURELY LEGAL, ANNIVERSARY ISSUE 2019, #22",,,periodical,"Title 15, Section 3006(c)(16) – sexually explicit images"
PURPLE ORCHIDS (2015),Samantha Christy,,,"Title 15, Section 3006(c)(15)(A) – lacks serious literary, artistic, political or scientific value"
"PURPLE PANTIES 1, AN EROTICANOIR.COM ANTHOLOGY",Zane,,,"Title 15, Section 3006(c)(15)(A) – lacks serious literary, artistic, political or scientific value"
"PURPLE PANTIES II, MISSIONARY NO MORE, AN EROTICANOIR.COM ANTHOLOGY",Zane,,,"Title 15, Section 3006(c)(15)(A) – lacks serious literary, artistic, political or scientific value"
"QUICKSILVER, FAE & ALCHEMY, 1 (2024)",Callie Hart,,,"Title 15, Section 3006(c)(15)(A) – lacks serious literary, artistic, political or scientific value"
"RADIANT SIN, DARK OLYMPUS, 4 (2023)",Katee Robert,,,"Title 15, Section 3006(c)(15)(A) – lacks serious literary, artistic, political or scientific value"
RADICAL GO-GO BABY!,,,,"Title 15, Section 3006(c)(17) – frontal nudity"
RAGE (2018),Wilbur Smith,,,"Title 15, Section 3006(c)(1) – violence or physical harm"
RAISED AS A GOON,Ghost,,,"Title 15, Section 3006(c)(15)(C)(5) – conduct which is or appears to be forceful, threatening or violent"
RAISED AS A GOON II,Ghost,,,"Title 15, Section 3006(c)(15)(C)(5) – conduct which is or appears to be forceful, threatening or violent"
RAISED AS A GOON III,Ghost,,,"Title 15, Section 3006(c)(15)(C)(5) – conduct which is or appears to be forceful, threatening or violent"
RAISED AS A GOON IV,Ghost,,,"Title 15, Section 3006(c)(15)(C)(5) – conduct which is or appears to be forceful, threatening or violent"
RAISED AS A GOON V,Ghost,,,"Title 15, Section 3006(c)(15)(C)(5) – conduct which is or appears to be forceful, threatening or violent"
RANGER HANDBOOK,,,,"Title 15, Section 3006(d) – presents a serious threat to facility security or the safety of incarcerated persons and staff"
"RAPE, SEX, VIOLENCE, HISTORY (2007)",Joanna Bourke,,,"Title 15, Section 3006(c)(15)(B)(2) – non-consensual behavior is not allowed"
RARRI,Asani Bandz,,,"Title 15, Section 3006(c)(15)(A) – lacks serious literary, artistic, political or scientific value"
"RARRI 2, DOWN FOR THE CROWN",Asani Bandz,,,"Title 15, Section 3006(c)(15)(A) – lacks serious literary, artistic, political or scientific value"
"RATED X, HOW PORN LIBERATED ME FROM HOLLYWOOD (2022)",Maitland Ward,,,"Title 15, Section 3006(c)(15)(A) – lacks serious literary, artistic, political or scientific value"
"RAVAGER, A DARK VIKING ROMANCE NOVELLA (2025)",Karina Halle,,,"Title 15, Section 3006(c)(15)(A) – lacks serious literary, artistic, political or scientific value"
RAW LAW,Muhammad Ibn Bashir,,,"Title 15, Section 3006(c)(15)(C)(5) – conduct which is or appears to be forceful, threatening or violent"
RAY’S DAYS,,,,"Title 15, Section 3006(c)(17) – frontal nudity"
REACTIONS (2017),Theodore Gray,,,"Title 15, Section 3006(c)(8) – making of any weapon, explosive, poison or destructive device"
REAL CRIMES BY REAL KILLERS VOL 1,Ryan Becker,,,"Title 15, Section 3006(c)(15)(C)(5) – conduct which is or appears to be forceful, threatening or violent"
REAL FIGHTING: ADRENALINE STRESS CONDITIONING THROUGH SCENARIO- BASED TRAINING,Peyton Quinn,,,"Title 15, Section 3006(d) – presents a serious threat to facility security or the safety of incarcerated persons and staff"
REAPER’S GALE (2009),Steven Erickson,,,"Title 15, Section 3006(c)(1) – violence or physical harm"
"RECOIL OFF GRID ISSUE 37, JUNE/JULY 2020",,,periodical,"Title 15, Section 3006(c)(8) – a description of the making of any weapon, explosive, poison or destructive device"
"RECOIL OFFGRID, ISSUE 28",,,periodical,"Title 15, Section 3006(d) – presents a serious threat to facility security or the safety of incarcerated persons and staff"
"RECOIL OFFGRID, ISSUE 29",,,periodical,"Title 15, Section 3006(d) – presents a serious threat to facility security or the safety of incarcerated persons and staff"
"RECOIL OFFGRID, ISSUE 31",,,periodical,"Title 15, Section 3006(d) – presents a serious threat to facility security or the safety of incarcerated persons and staff"
"RECOIL OFFGRID, ISSUE 36",,,periodical,"Title 15, Section 3006(d) – presents a serious threat to facility security or the safety of incarcerated persons and staff"
RED DRAGON (1981),Thomas Harris,,,"Title 15, Section 3006(c)(1) – violence or physical harm"
"RED HEADS, VOLUME 1",Raffaele Marinetti,,periodical,"Title 15, Section 3006(c)(17) – frontal nudity"
"RED ROOM, CRYPTO KILLAZ! (2024)",Ed Piskor,,,"Title 15, Section 3006(c)(1) – violence or physical harm"
"RED ROOM, THE ANTISOCIAL NETWORK (2021)",Ed Piskor,,,"Title 15, Section 3006(c)(1) – violence or physical harm"
"RED ROOM, TRIGGER WARNINGS (2022)",Ed Piskor,,,"Title 15, Section 3006(c)(1) – violence or physical harm"
"RED ROSA, A GRAPHIC BIOGRAPHY OF ROSA LUXEMBURG",Kate Evans,,,"Title 15, Section 3006(c)(17) – frontal nudity"
"REDBONE 3, THE RISE OF THE FOLD (2016)",T. Styles,,,"Title 15, Section 3006(c)(1) – violence or physical harm"
REEFER MADNESS (2004),Eric Schlosser,,,"Title 15, Section 3006(d) – presents a serious threat to facility security or the safety of incarcerated"
REFUSE TO LET YOU GO (2024),Brianna Nicole Blackwell,,,"Title 15, Section 3006(c)(15)(A) – lacks serious literary, artistic, political or scientific value"
"REINHARD HEYDRICH, THE IDEAL NATIONAL SOCIALIST",,,,"Title 15, Section 3006(c)(19) – STG members or associates"
"REMEMBER WHO YOU ARE, REMEMBER WHERE YOU ARE, WHERE YOU COME FROM",David Icke,,,"Title 15, Section 3006(c)(17) – frontal nudity"
"REMEMBER, NOW BE HERE",Ram Dass,,,"Title 15, Section 3006(c)(17) – frontal nudity"
RENAI SAMPLE,Homunculus,,,"Title 15, Section 3006(c)(15)(A) – lacks serious literary, artistic, political or scientific value"
RENAI SAMPLE,Homunculus,,,"Title 15, Section 3006(c)(17) – frontal nudity"
RESPECT THE JUX,Frank C. Matthews,,,"Title 15, Section 3006(c)(15)(C)(5) – conduct which is or appears to be forceful, threatening or violent"
"RESTRAINING ORDER 2, A TRAGIC LOVE (2016)",Ca$h and Coffee,,,"Title 15, Section 3006(c)(1) – violence or physical harm"
RETURN TO FLINT,Treasure Hernandez,,,"Title 15, Section 3006(c)(1) – violence or physical harm"
"REVELATIONS, THE PHOTOGRAPHY OF JUSTICE HOWARD",Justice Howard,,,"Title 15, Section 3006(c)(17) – frontal nudity"
REVERSED SEDUCTION SHA’URI,Countess Sha’uri,,,"Title 15, Section 3006(c)(17) – frontal nudity"
REVOLVER ISSUE 150,,,periodical,"Title 15, Section 3006(c)(17) – frontal nudity"
"REVOLVER, JUNE-JULY 2019",,,,"Title 15, Section 3006(c)(15)(C)(5) – conduct which is or appears to be forceful, threatening or violent"
"REVOLVER, SPRING 2021, ISSUE 155",,,periodical,"Title 15, Section 3006(c)(15)(A) – lacks serious literary, artistic, political or scientific value"
"RHODIE’S GUIDE TO RESCUE KNOTS, 3RD EDITION OF KNOTS FOR THE RESCUE SERVICE (2014)",Pat Rhodes,,,"Title 15, Section 3006(d) – presents a serious threat to facility security or the safety of incarcerated"
"RIDING WITH EVIL, TAKING DOWN THE NOTORIOUS PAGAN MOTORCYCLE GANG (2022)",Ken Croke,,,"Title 15, Section 3006(c)(1) – violence or physical harm"
"RIFLE SHOOTER, JANUARY, FEBRUARY 2023",,,,"Title 15, Section 3006(c)(8) – a description of the making of any weapon, explosive, poison or destructive device"
"RIFTS DIMENSION BOOK 2, PHASE WORLD (1994)",C.J. Carella,,,"Title 15, Section 3006(d) – presents a serious threat to facility security or the safety of incarcerated"
RISE OF THE OUTLAW TAMER AND HIS CAT GIRL,,,,"Title 15, Section 3006(c)(17) – frontal nudity"
RIVERS OF LONDON,,,,"Title 15, Section 3006(c)(17) – frontal nudity"
"ROBB REPORT MAGAZINE, JUNE 2018 ISSUE",,,periodical,"Title 15, Section 3006(c)(15)(A) – lacks serious literary, artistic, political or scientific value"
"ROBERT KIRKMAN’S THE WALKING DEAD, TYPHOON (2020)",Wesley Chu,,,"Title 15, Section 3006(c)(1) – violence or physical harm"
RODIN KOREAN EDITION,Helene Pinet,,,"Title 15, Section 3006(c)(17) – frontal nudity"
ROLLING STONE FEBRUARY 2019,,,,"Title 15, Section 3006(c)(19) – STG members or associates"
"ROLLING STONE MAGAZINE, APRIL 6, 2017",,,periodical,"Title 15, Section 3006(c)(15)(A) – lacks serious literary, artistic, political or scientific value"
"ROLLING STONE, JANUARY 2021",,,,"Title 15, Section 3006(c)(17) – frontal nudity"
"ROLLING STONE, JUNE 2022",,,,"Title 15, Section 3006(c)(19) – STG members or associates"
"ROLLING STONE, MAY 2019",,,,"Title 15, Section 3006(d) – presents a serious threat to facility security or the safety of incarcerated persons and staff"
"ROMANTIC INTERLUDES 2, SECRETS (2009)",Stacia Seaman,,,"Title 15, Section 3006(c)(15)(A) – lacks serious literary, artistic, political or scientific value"
"RON JEREMY, THE HARDEST WORKING MAN IN SHOWBIZ",Ron Jeremy,,,"Title 15, Section 3006(c)(17) – frontal nudity"
ROSEBUDD: THE AMERICAN PIMP,John Dickson,,,"Title 15, Section 3006(c)(15)(A) – lacks serious literary, artistic, political or scientific value"
ROTTEN (2023),Tonja Ayers,,,"Title 15, Section 3006(c)(15)(A) – lacks serious literary, artistic, political or scientific value"
ROTTEN TO THE CORE,Ghost,,,"Title 15, Section 3006(c)(15)(A) – lacks serious literary, artistic, political or scientific value"
ROTTEN TO THE CORE 2,Ghost,,,"Title 15, Section 3006(c)(15)(A) – lacks serious literary, artistic, political or scientific value"
ROTTEN TO THE CORE 3,Ghost,,,"Title 15, Section 3006(c)(15)(A) – lacks serious literary, artistic, political or scientific value"
"ROUGH & DIRTY, ROUGH EROTICA SHORT STORIES, VIVIENNE DUPONT (2022)",Vivienne Dupont,,,"Title 15, Section 3006(c)(15)(A) – lacks serious literary, artistic, political or scientific value"
RULED BY MAGIC (2021),Zara J. Black,,,"Title 15, Section 3006(c)(15)(A) – lacks serious literary, artistic, political or scientific value"
"RUN AWAY WITH ME, GIRL, 3 (2023)",Battan,,,"Title 15, Section 3006(c)(16) – sexually explicit images"
RUN THE GAME (2012),Jason Myers,,,"Title 15, Section 3006(c)(15)(A) – lacks serious literary, artistic, political or scientific value"
RUSSIAN PRISON TATTOOS,Alix Lambert,,,"Title 15, Section 3006(c)(17) – frontal nudity"
S.T.H; STRAIGHT TO HELL 66,Billy Miller,,,"Title 15, Section 3006(c)(17) – frontal nudity"
S.T.H; STRAIGHT TO HELL 67,,,,"Title 15, Section 3006(c)(15)(A) – lacks serious literary, artistic, political or scientific value"
"SABOTAGE, HE RUINS EVERYTHING (2022)",Shantel Tessier,,,"Title 15, Section 3006(c)(15)(A) – lacks serious literary, artistic, political or scientific value"
SACRED CIRCLE (2005),Claire Thompson,,,"Title 15, Section 3006(c)(15)(A) – lacks serious literary, artistic, political or scientific value"
SACRED MIRRORS,"Ken Wilber, Carlo McCormick, and Alex Grey",,,"Title 15, Section 3006(c)(17) – frontal nudity"
"SADE SPECIAL, NUMBER 1",Bishop Press,,,"Title 15, Section 3006(c)(17) – frontal nudity"
SADHUS: HOLY MEN OF INDIA,Dolf Hartsuiker,,,"Title 15, Section 3006(c)(17) – frontal nudity"
SAGA VOLUME 11 (2023),Brian K. Vaughan,,,"Title 15, Section 3006(c)(16) – sexually explicit images"
SAGA VOLUME 5 (2015),Brian K. Vaughan,,periodical,"Title 15, Section 3006(c)(16) – sexually explicit images"
"SAGA, VOL. 2 (2013)",Brian K. Vaughan,,,"Title 15, Section 3006(c)(16) – sexually explicit images"
"SAGA, VOLUME 1",Brian K. Vaughan and Fiona Staples,,periodical,"Title 15, Section 3006(c)(17) – frontal nudity"
"SAGA, VOLUME 1 (2012)",Brian K. Vaughan,,periodical,"Title 15, Section 3006(c)(16) – sexually explicit images"
"SAGA, VOLUME 7",Fiona Staples,,periodical,"Title 15, Section 3006(c)(17) – frontal nudity"
"SAGA, VOLUME 8",Fiona Staples,,periodical,"Title 15, Section 3006(c)(17) – frontal nudity"
"SAGA, VOLUME 9",Fiona Staples,,periodical,"Title 15, Section 3006(c)(17) – frontal nudity"
SAILING THE WINE- DARK SEA,Thomas Cahill,,,"Title 15, Section 3006(c)(17) – frontal nudity"
SAILOR JERRY COLLINS: AMERICAN TATTOO MASTER,N/A,,,"Title 15, Section 3006(c)(17) – frontal nudity"
SAKI THE SUCCBUS HUNGERS TONIGHT,,,,"Title 15, Section 3006(c)(17) – frontal nudity"
"SAKI THE SUCCUBUS HUNGERS TONIGHT, VOLUME 4 (2020)",Mikokuno Homare,,periodical,"Title 15, Section 3006(c)(16) – sexually explicit images"
"SAKI THE SUCCUBUS HUNGERS TONIGHT, VOLUME 5 (2021)",Mikokuno Homare,,periodical,"Title 15, Section 3006(c)(16) – sexually explicit images"
"SAKI THE SUCCUBUS, HUNGERS TONIGHT, VOLUME 1",Mikokuno Homare,,periodical,"Title 15, Section 3006(c)(17) – frontal nudity"
"SAKI THE SUCCUBUS, HUNGERS TONIGHT, VOLUME 2",Mikokuno Homare,,periodical,"Title 15, Section 3006(c)(17) – frontal nudity"
"SAMURAI EXECTIONER, OMNIBUS 4",Kazuo Koike and Goseki Kojima,,,"Title 15, Section 3006(c)(17) – frontal nudity"
"SAMURAI EXECUTIONER, OMNIBUS 1",Kazuo Koike and Goseki Kojima,,,"Title 15, Section 3006(c)(17) – frontal nudity"
"SAMURAI EXECUTIONER, OMNIBUS 2",Kazuo Koike and Goseki Kojima,,,"Title 15, Section 3006(c)(15)(A) – lacks serious literary, artistic, political or scientific value"
"SAMURAI EXECUTIONER, OMNIBUS 3",Kazuo Koike and Goseki Kojima,,,"Title 15, Section 3006(c)(15)(A) – lacks serious literary, artistic, political or scientific value"
"SAMURAI, THE ISLE WITH NO NAME",Di Giorgio Genet,,,"Title 15, Section 3006(c)(15)(A) – lacks serious literary, artistic, political or scientific value"
"SAMURAI, THE ISLE WITH NO NAME",Di Giorgio Genet,,,"Title 15, Section 3006(c)(17) – frontal nudity"
"SAN DIEGO MAGAZINE, JANUARY 2024",,,periodical,"Title 15, Section 3006(c)(15)(B) – nature of dissemination, distribution or exhibition appeals to sexual groups"
"SAN FRANCISCO BAY VIEW- MARCH 2020 VOL 45, NO 3",,,,"Title 15, Section 3006(c)(1) – violence or physical harm"
"SAN FRANCISCO BAY VIEW, NATIONAL BLACK NEWSPAPER, JANUARY 2023",,,,"Title 15, Section 3006(c)(19) – STG members or associates"
"SAN FRANCISCO BAY VIEW, VOL. 45, NO. 4/ APRIL 2020",,,,"Title 15, Section 3006(c)(19) – STG members or associates"
"SAN FRANCISCO BAYVIEW NEWSPAPER, JULY-AUGUST 2018, VOLUME 43",,,,"Title 15, Section 3006(d) – presents a serious threat to facility security or the safety of incarcerated persons and staff"
"SAN FRANCISCO BAYVIEW, APRIL 2022, VOL.47",,,periodical,"Title 15, Section 3006(c)(19) – STG members or associates"
"SAN FRANCISCO BAYVIEW, DECEMBER 2018",,,,"Title 15, Section 3006(c)(19) – STG members or associates"
SANTA’S HELPERS,SQP,,,"Title 15, Section 3006(c)(17) – frontal nudity"
SAS AND ELITE FORCES GUIDE ARMED COMBAT,Martin J Dougherty,,,"Title 15, Section 3006(c)(15)(A) – lacks serious literary, artistic, political or scientific value"
SAS AND ELITE FORCES GUIDE ARMED COMBAT,Martin J Dougherty,,,"Title 15, Section 3006(d) – presents a serious threat to facility security or the safety of incarcerated persons and staff"
"SAS AND ELITE FORCES GUIDE MENTAL ENDURANCE, HOW TO DEVELOP MENTAL TOUGHNESS FROM THE WORLD’S ELITE FORCES (2013)",Christopher McNab,,,"Title 15, Section 3006(d) – presents a serious threat to facility security or the safety of incarcerated persons and staff"
SAS AND ELITE FORCES GUIDE: EXTREME UNARMED COMBAT,Martin J Dougherty,,,"Title 15, Section 3006(d) – presents a serious threat to facility security or the safety of incarcerated persons and staff"
SAS AND ELITE FORCES GUIDE: MANHUNT,Alexander Stilwell,,,"Title 15, Section 3006(d) – presents a serious threat to facility security or the safety of incarcerated persons and staff"
SAS AND ELITE FORCES GUIDE: ROPES AND KNOTS,Charles Stronge,,,"Title 15, Section 3006(d) – presents a serious threat to facility security or the safety of incarcerated persons and staff"
"SAS SURVIVAL HANDBOOK, THE ULTIMATE GUIDE TO SURVIVING ANYWHERE",John “Lofty” Wiseman,,,"Title 15, Section 3006(d) – presents a serious threat to facility security or the safety of incarcerated persons and staff"
SATIS FACTION,Karrine Steffans,,,"Title 15, Section 3006(c)(17) – frontal nudity"
SAVAGE HEARTS 2,Clyde Caldwell,,,"Title 15, Section 3006(c)(17) – frontal nudity"
SAVAGE STORMS,Meesha,,,"Title 15, Section 3006(c)(15)(A) – lacks serious literary, artistic, political or scientific value"
SAVAGES,Joe Kane,,,"Title 15, Section 3006(c)(15)(A) – lacks serious literary, artistic, political or scientific value"
SAY IT’S FOREVER (2025),A.L. Jackson,,,"Title 15, Section 3006(c)(15)(A) – lacks serious literary, artistic, political or scientific value"
SB GIRLS B,,,,"Title 15, Section 3006(c)(17) – frontal nudity"
SCAR TISSUE,Anthony Kiedis,,,"Title 15, Section 3006(c)(17) – frontal nudity"
SCAR TISSUE (2004),Anthony Kiedis & Larry Sloman,,,"Title 15, Section 3006(c)(16) – sexually explicit images"
SCHOOLGIRL MANIA,Fujika Tsupiko,,,"Title 15, Section 3006(c)(17) – frontal nudity"
"SCREAM QUEENS ILLUSTRATED, SQI, #25",,,,"Title 15, Section 3006(c)(17) – frontal nudity"
SCREAMS & NIGHTMARES: THE FILMS OF WES CRAVEN,Brian J. Robb,,,"Title 15, Section 3006(c)(17) – frontal nudity"
SCRIBBLINGS,Dean Yeagle,,,"Title 15, Section 3006(c)(17) – frontal nudity"
SCRIBBLINGS 2,Dean Yeagle,,,"Title 15, Section 3006(c)(17) – frontal nudity"
SCRIBBLINGS 3,Dean Yeagle,,,"Title 15, Section 3006(c)(17) – frontal nudity"
SDEE1-SOPHIE DEE 1,,,,"Title 15, Section 3006(c)(15)(A) – lacks serious literary, artistic, political or scientific value"
SECOND SKINS,Jay Prosser,,,"Title 15, Section 3006(c)(17) – frontal nudity"
SECRET ENEMY (2019),MS L.B,,,"Title 15, Section 3006(c)(15)(A) – lacks serious literary, artistic, political or scientific value"
SECRET PLEASURE,Lora Leigh,,,"Title 15, Section 3006(c)(15)(A) – lacks serious literary, artistic, political or scientific value"
SECRET SEX LIVES,Suzy Spencer,,,"Title 15, Section 3006(c)(15)(C)(3) – contains or concerns of nudity of a minor, or person who appears to be under 18 years old."
SECRETS OF A PORN STAR,G Street Chronicles,,,"Title 15, Section 3006(c)(17) – frontal nudity"
SECRETS OF STREET SMART JUJITSU: THE STUDENT MANUAL OF THE MIYAMA RYU,D’Arcy Rahming,,,"Title 15, Section 3006(d) – presents a serious threat to facility security or the safety of incarcerated persons and staff"
SECRETS OF TANTRIC SEX,Claudia Blake,,,"Title 15, Section 3006(c)(15)(A) – lacks serious literary, artistic, political or scientific value"
SECRETS OF THE NINJA,Ashida Kim,,,"Title 15, Section 3006(d) – presents a serious threat to facility security or the safety of incarcerated persons and staff"
"SECTION 8, A HOOD RAT NOVEL",K’Wan,,,"Title 15, Section 3006(c)(15)(C)(5) – conduct which is or appears to be forceful, threatening or violent"
"SEKIREI, VOL. 1",Sakurako Gokurakuin,,,"Title 15, Section 3006(c)(17) – frontal nudity"
"SEKIREI, VOL. 1",Sakurako Gokurakuin,,,"Title 15, Section 3006(c)(17) – frontal nudity"
SELF DEFENSE MADE SIMPLE,Phil Pierce,,,"Title 15, Section 3006(d) – presents a serious threat to facility security or the safety of incarcerated persons and staff"
SELF DEFENSE: HOW TO DEFEND YOURSELF,Martin J. Dougherty,,,"Title 15, Section 3006(d) – presents a serious threat to facility security or the safety of incarcerated persons and staff"
SELFISH,Kim Kardashian West,,,"Title 15, Section 3006(c)(17) – frontal nudity"
"SEMELPAROUS, VOLUME 2 (2022)",Jun Ogino,,periodical,"Title 15, Section 3006(c)(16) – sexually explicit images"
"SEMELPAROUS, VOLUME 3 (2022)",Jun Ogino,,periodical,"Title 15, Section 3006(c)(16) – sexually explicit images"
SEMIOTEXT(E) CANADAS,Jordan Zinovich,,,"Title 15, Section 3006(c)(17) – frontal nudity"
"SENIOR MOMENTS, UNCENSORED",Tim Wyatt,,,"Title 15, Section 3006(c)(17) – frontal nudity"
"SENZA CATALOG, NUDE MIXED HOTTIES, FN1-FN99",,,,"Title 15, Section 3006(c)(17) – frontal nudity"
SERI@L NO MILK (2016),Mr. H. Eugene,,,"Title 15, Section 3006(c)(1) – violence or physical harm"
"SERIAL KILLER AUTOPSY, DONALD HENRY ‘PEE WEE’ GASKINS (2025)",J.F. Nealon,,,"Title 15, Section 3006(c)(1) – violence or physical harm"
"SERIAL KILLERS AND PSYCHOPATHS, TRUE LIFE CLASSES THAT SHOCKED THE WORLD",Charlotte Greig and John Marlowe,,,"Title 15, Section 3006(c)(15)(C)(5) – conduct which is or appears to be forceful, threatening or violent"
"SERIAL KILLERS AND PSYCHOPATHS, TRUE LIFE CLASSES THAT SHOCKED THE WORLD",Charlotte Greig and John Marlowe,,,"Title 15, Section 3006(c)(15)(C)(5) – conduct which is or appears to be forceful, threatening or violent"
"SERIAL KILLERS, THE MINDS, METHODS, AND MAYHEM OF HISTORY’S MOST NOTORIOUS MURDERERS",Richard Estep,,,"Title 15, Section 3006(c)(15)(C)(5) – conduct which is or appears to be forceful, threatening or violent"
"SEX AND HORRER, THE ART OF FERNANDO CARCUPINO",Fernando Carcupino,,,"Title 15, Section 3006(c)(17) – frontal nudity"
SEX AND THE PERFECT LOVER,Mabel Iam,,,"Title 15, Section 3006(c)(15)(A) – lacks serious literary, artistic, political or scientific value"
"SEX CHRONICLES II, GETTING’ BUCK WILD",Zane,,,"Title 15, Section 3006(c)(15)(A) – lacks serious literary, artistic, political or scientific value"
SEX FOR ONE: THE JOY OF SELF LOVING,Betty Dodson,,,"Title 15, Section 3006(c)(17) – frontal nudity"
SEX IN HISTORY (1980),Reay Tannahill,,,"Title 15, Section 3006(c)(15)(A) – lacks serious literary, artistic, political or scientific value"
SEX POSITIONS,Lucy Amanda,,,"Title 15, Section 3006(c)(15)(A) – lacks serious literary, artistic, political or scientific value"
"SEX, THE ULTIMATE LOVER’S GUIDE",Judy Bastyra,,,"Title 15, Section 3006(c)(17) – frontal nudity"
SEXO MARAVILLOSO,Sari Locker,,,"Title 15, Section 3006(c)(17) – frontal nudity"
SEXUAL EXPLOITS OF A NYMPHO,Richard Jeanty,,,"Title 15, Section 3006(c)(15)(C)(3) – contains or concerns of nudity of a minor, or person who appears to be under 18 years old."
SEXUAL EXPLOITS OF A NYMPHO: PART 3,Richard Jeanty,,,"Title 15, Section 3006(c)(15)(C)(3) – contains or concerns of nudity of a minor, or person who appears to be under 18 years old."
SEXUAL PRACTICES OF THE DRUIDS,Jon Hughes,,,"Title 15, Section 3006(c)(17) – frontal nudity"
"SEXUAL SECRETS, THE ALCHEMY OF ECSTASY",Nik Douglas,,,"Title 15, Section 3006(c)(17) – frontal nudity"
SEXY DREAMS,Faster and Larson,,,"Title 15, Section 3006(c)(17) – frontal nudity"
SEXY STRANGERS (2023),Rachel Kramer Bussel,,,"Title 15, Section 3006(c)(15)(A) – lacks serious literary, artistic, political or scientific value"
SHADOW STUDENT COUNCIL VICE PRESIDENT GIVES HER ALL,Akira Hiramoto,,,"Title 15, Section 3006(c)(17) – frontal nudity"
SHADOWLANDS,Kim Deitch,,,"Title 15, Section 3006(c)(15)(A) – lacks serious literary, artistic, political or scientific value"
SHADOWLINE: THE ART OF LAIN MCCAIG,Lain McCaig,,,"Title 15, Section 3006(c)(17) – frontal nudity"
SHADOWRUN (1998),Jordan Weisman,,,"Title 15, Section 3006(d) – presents a serious threat to facility security or the safety of and staff"
SHAME,Lovern Kindzierski and John Bolton,,,"Title 15, Section 3006(c)(17) – frontal nudity"
SHAMELESS ART,Underwood Books,,,"Title 15, Section 3006(c)(17) – frontal nudity"
SHAOLIN TEN-ANIMAL FORM,,,,"Title 15, Section 3006(d) – presents a serious threat to facility security or the safety of incarcerated persons and staff"
SHARING THE WIVES,Ronald Easton,,,"Title 15, Section 3006(c)(15)(A) – lacks serious literary, artistic, political or scientific value"
"SHE BELONGS TO THE GAME, PART 1, A PIMP’S SISTER (2021)",Tamba Smith,,,"Title 15, Section 3006(c)(15)(A) – lacks serious literary, artistic, political or scientific value"
SHE COMES FIRST,Ian Kerner,,,"Title 15, Section 3006(c)(17) – frontal nudity"
SHE COMES FIRST (2004),"Ian Kerner, Ph.D.",,,"Title 15, Section 3006(c)(15)(A) – lacks serious literary, artistic, political or scientific value"
"SHE COMES FIRST, THE THINKING MAN’S GUIDE TO PLEASURING A WOMAN",an Kerner,,,"Title 15, Section 3006(c)(17) – frontal nudity"
"SHE WANTED THE HOOD LOVE, DOWN FOR A BOSS",S. Yvonne,,,"Title 15, Section 3006(c)(15)(C)(5) – conduct which is or appears to be forceful, threatening or violent"
SHE’S DICKMATIZED,Tania Marie,,,"Title 15, Section 3006(c)(15)(A) – lacks serious literary, artistic, political or scientific value"
"SHE’S THE STRONGEST BRIDE, BUT I’M STRONGER IN NIGHT BATTLES, VOL. 1 (2024)",Singyougaku,,,"Title 15, Section 3006(c)(16) – sexually explicit images"
"SHE’S THE STRONGEST BRIDE, BUT I’M STRONGER IN NIGHT BATTLES, VOL. 2 (2024)",Singyougaku,,,"Title 15, Section 3006(c)(16) – sexually explicit images"
SHIORI’S DIARY,Tsuya Tsuya,,,"Title 15, Section 3006(c)(17) – frontal nudity"
SHIORI’S DIARY VOLUME 1 (2021),Tsuya Tsuya,,periodical,"Title 15, Section 3006(c)(17) – frontal nudity"
SHIRTS & SKIN,Tim Miller,,,"Title 15, Section 3006(c)(17) – frontal nudity"
"SHOMIN SAMPLE, I WAS ABDUCTED BY AN ELITE ALL-GIRLS SCHOOL AS A SAMPLE COMMONER, VOLUME 1",Nanatsuki Takafumi,,periodical,"Title 15, Section 3006(c)(17) – frontal nudity"
"SHOMIN SAMPLE, I WAS ABDUCTED BY AN ELITE ALL-GIRLS SCHOOL AS A SAMPLER COMMONER, VOLUME 5",Takafumi Nanatsuki,,periodical,"Title 15, Section 3006(c)(17) – frontal nudity"
"SHOOTING TIMES, APRIL 2022",,,,"Title 15, Section 3006(c)(8) – a description of the making of any weapon, explosive, poison or destructive device"
"SHOOTING TIMES, AUGUST 2022",,,,"Title 15, Section 3006(d) – presents a serious threat to facility security or the safety of incarcerated persons and staff"
"SHOOTING TIMES, FEBRUARY 2022",,,,"Title 15, Section 3006(c)(8) – a description of the making of any weapon, explosive, poison or destructive device"
"SHOOTING TIMES, JULY 2022",,,,"Title 15, Section 3006(c)(8) – a description of the making of any weapon, explosive, poison or destructive device"
"SHOOTING TIMES, JUNE 2022",,,,"Title 15, Section 3006(c)(8) – a description of the making of any weapon, explosive, poison or destructive device"
"SHOOTING TIMES, JUNE 2022, VOLUME 63, ISSUE 5",,,periodical,"Title 15, Section 3006(d) – presents a serious threat to facility security or the safety of incarcerated persons and staff"
"SHOOTING TIMES, MARCH 2022",,,,"Title 15, Section 3006(c)(8) – a description of the making of any weapon, explosive, poison or destructive device"
"SHOOTING TIMES, MAY 2022",,,,"Title 15, Section 3006(d) – presents a serious threat to facility security or the safety of incarcerated persons and staff"
SHORTY GOT A THUG,Cash,,,"Title 15, Section 3006(c)(15)(C)(5) – conduct which is or appears to be forceful, threatening or violent"
SHYT LIST: BE CAREFUL WHO YOU CROSS,Reign,,,"Title 15, Section 3006(c)(17) – frontal nudity"
"SIERRA SOUTH, BACKCOUNTRY TRIPS IN CALIFORNIA’S SIERRA NEVADA (2006)",Kathy Morey and Mike White,,,"Title 15, Section 3006(c)(12) – maps depicting any area within a ten mile radius of a facility"
SIGNS AND SYMBOLS,Mark O’Connell,,,"Title 15, Section 3006(c)(17) – frontal nudity"
"SIMON BISLEY’S ILLUSTRATION FROM THE BIBLE, A WORK IN PROGRESS",Simon Bisley,,,"Title 15, Section 3006(c)(15)(A) – lacks serious literary, artistic, political or scientific value"
SIMPLIFIED TAI CHI CHAN,Shou-Yu Liang and Wu Wen-Ching,,,"Title 15, Section 3006(d) – presents a serious threat to facility security or the safety of incarcerated persons and staff"
SIN CITY,Frank Miller,,,"Title 15, Section 3006(c)(17) – frontal nudity"
SIN CITY,Frank Miller,,,"Title 15, Section 3006(c)(17) – frontal nudity"
SIN CITY 2: A DAME TO KILL FOR,Frank Miller,,,"Title 15, Section 3006(c)(17) – frontal nudity"
SIN CITY 4: THAT YELLOW BASTARD,Frank Miller,,,"Title 15, Section 3006(c)(17) – frontal nudity"
SIN-A-RAMA,B. Astrid Daley,,,"Title 15, Section 3006(c)(17) – frontal nudity"
SINNER TAKES ALL,Tera Patrick,,,"Title 15, Section 3006(c)(17) – frontal nudity"
SINS OF THE FLESH,Bruce Colero,,,"Title 15, Section 3006(c)(17) – frontal nudity"
"SIX SCORCHED ROSES, CROWNS OF NYAXIA (2023)",Carissa Broadbent,,,"Title 15, Section 3006(c)(15)(A) – lacks serious literary, artistic, political or scientific value"
SKETCHBOOK,,,,"Title 15, Section 3006(c)(17) – frontal nudity"
"SKETCHBOOK, VOL. 2",,,,"Title 15, Section 3006(c)(17) – frontal nudity"
SKETCHING FROM THE IMAGINATION,,,,"Title 15, Section 3006(c)(17) – frontal nudity"
SKI MASK CARTEL,T.J. Edwards,,,"Title 15, Section 3006(c)(15)(C)(5) – conduct which is or appears to be forceful, threatening or violent"
"SKILLSET, ISSUE 17, SPRING 2021",,,periodical,"Title 15, Section 3006(d) – presents a serious threat to facility security or the safety of incarcerated persons and staff"
"SKILLSET, ISSUE 19, FALL 2021",,,periodical,"Title 15, Section 3006(c)(15)(C)(5) – conduct which is or appears to be forceful, threatening or violent"
"SKILLSET, ISSUE 20, WINTER 2022",,,periodical,"Title 15, Section 3006(d) – presents a serious threat to facility security or the safety of incarcerated persons and staff"
"SKIN DEEP, ISSUE 281",,,periodical,"Title 15, Section 3006(c)(17) – frontal nudity"
SKIN TIGHT,SQP,,,"Title 15, Section 3006(c)(17) – frontal nudity"
SKINS (2024),Audrey Rush,,,"Title 15, Section 3006(c)(15)(B)(3) – conduct which is or appears to be forceful, threatening or violent"
"SKUNK MAGAZINE, FALL, WINTER 2022",,,periodical,"Title 15, Section 3006(d) – presents a serious threat to facility security or the safety of incarcerated persons and staff"
"SKYSHADE, VOLUME 3, BY ALEX ASTER (2025)",Alex Aster,,periodical,"Title 15, Section 3006(c)(15)(A) – lacks serious literary, artistic, political or scientific value"
"SLASHER MAIDENS, VOL. 2 (2021)",Tetsuya Tashiro,,,"Title 15, Section 3006(c)(16) – sexually explicit images"
"SLASHER MAIDENS, VOLUME 3 (2021)",Tetsuya Tashiro,,periodical,"Title 15, Section 3006(c)(16) – sexually explicit images"
"SLASHER MAIDENS, VOLUME 4 (2022)",Tetsuya Tashiro,,periodical,"Title 15, Section 3006(c)(16) – sexually explicit images"
"SLASHER MAIDENS, VOLUME 5 (2022)",Tetsuya Tashiro,,periodical,"Title 15, Section 3006(c)(16) – sexually explicit images"
SLAVE GIRLS OF ROME,Don Winslow,,,"Title 15, Section 3006(c)(15)(A) – lacks serious literary, artistic, political or scientific value"
"SLAYER, WOMEN OF WAR",Jose Del Nido,,,"Title 15, Section 3006(c)(17) – frontal nudity"
SLEEPING WITH STRANGERS,Eric Jerome Dickey,,,"Title 15, Section 3006(c)(15)(C)(5) – conduct which is or appears to be forceful, threatening or violent"
SLEEPING WITH THE ENEMY (2008),Wahida Clark and Kiki Swanson,,,"Title 15, Section 3006(c)(15)(A) – lacks serious literary, artistic, political or scientific value"
SLIM THICK SPECIAL EDITION VOLUME 1,,,periodical,"Title 15, Section 3006(c)(15)(A) – lacks serious literary, artistic, political or scientific value"
SLING SHOT WINTER 2023,,,,"Title 15, Section 3006(c)(15)(A) – lacks serious literary, artistic, political or scientific value"
SLOPPY SECONDS (2012),Tucker Max,,,"Title 15, Section 3006(c)(15)(A) – lacks serious literary, artistic, political or scientific value"
SLOW SEX,Grand Central,,,"Title 15, Section 3006(c)(17) – frontal nudity"
"SLOW SEX SECRETS, LESSONS FOMR THE MASTER MASSEUR (2023)",Adam Tokunaga,,,"Title 15, Section 3006(c)(15)(A) – lacks serious literary, artistic, political or scientific value"
SLUMPED,Jason Brent,,,"Title 15, Section 3006(c)(15)(C)(5) – conduct which is or appears to be forceful, threatening or violent"
"SMAI-TAWI, THE PORCREATIVE DUALITY OF ETERNAL ONENESS VERSUS THE POLITICS OF WESTERN HYPNOSIS",Hru Ankh Ra Semahj,,,"Title 15, Section 3006(c)(17) – frontal nudity"
SMUT VOLUME 2,The Editors of Nerve.com,,periodical,"Title 15, Section 3006(c)(17) – frontal nudity"
SNEAKY USES FOR EVERDAY THINGS,Cy Tymony,,,"Title 15, Section 3006(d) – presents a serious threat to facility security or the safety of incarcerated persons and staff"
"SNOWFLAKES, PREMIERE ISSUE",,,periodical,"Title 15, Section 3006(c)(15)(A) – lacks serious literary, artistic, political or scientific value"
"SNOWFLAKES, SPECIAL EDITION #2",,,,"Title 15, Section 3006(c)(17) – frontal nudity"
"SNOWFLAKES, VOLUME 3",,,periodical,"Title 15, Section 3006(c)(15)(A) – lacks serious literary, artistic, political or scientific value"
"SNUFF, BY CHUCK PALAHNIUK (2009)",Chuck Palahniuk,,,"Title 15, Section 3006(c)(15)(A) – lacks serious literary, artistic, political or scientific value"
"SO SEXY!, VOLUME 1",Michael Enoches,,periodical,"Title 15, Section 3006(c)(17) – frontal nudity"
"SO SEXY, VOL. 1",Michael Enoches,,,"Title 15, Section 3006(c)(15)(A) – lacks serious literary, artistic, political or scientific value"
"SOCIAL GARBAGE, THROW – AWAY PEOPLE",Percy Foundation,,,"Title 15, Section 3006(c)(15)(A) – lacks serious literary, artistic, political or scientific value"
SOLDIER OF FORTUNE: GUIDE TO HOW TO BECOME A MERCENARY,Barry Davies,,,"Title 15, Section 3006(d) – presents a serious threat to facility security or the safety of incarcerated persons and staff"
SOLDIER OF FORTUNE: GUIDE TO HOW TO DISAPPEAR AND NEVER BE FOUND AGAIN,Barry Davies,,,"Title 15, Section 3006(d) – presents a serious threat to facility security or the safety of incarcerated persons and staff"
"SOLEDAD BROTHER, THE PRISON LETTERS OF GEORGE JACKSON","Jonathan Jackson, Jr.",,,"Title 15, Section 3006(c)(19) – STG members or associates"
SOLITARY FITNESS,Stephen Richards,,,"Title 15, Section 3006(c)(17) – frontal nudity"
SOLO TRAINING,Loren W. Christensen,,,"Title 15, Section 3006(d) – presents a serious threat to facility security or the safety of incarcerated persons and staff"
SOLO TRAINING 2,Loren W. Christensen,,,"Title 15, Section 3006(d) – presents a serious threat to facility security or the safety of incarcerated persons and staff"
"SOMETHING IS KILLING THE CHILDREN, VOL. 1 (2020)",James Tynion IV,,,"Title 15, Section 3006(c)(1) – violence or physical harm"
"SONS OF ANARCHY, LEGACY EDITION, BOOK ONE",Kurt Sutter,,,"Title 15, Section 3006(c)(15)(C)(5) – conduct which is or appears to be forceful, threatening or violent"
SOPHY PUTTS,,,,"Title 15, Section 3006(c)(17) – frontal nudity"
SORAYAMA MASTERWORKS,Edition Skylight,,,"Title 15, Section 3006(c)(17) – frontal nudity"
"SOSAFROMSCARFACE, THE SAGA BEGINS (2016)",Lou Garden Price Sr.,,,"Title 15, Section 3006(c)(1) – violence or physical harm"
SOUL OF A GANGSTA (2022),J. Diggs,,,"Title 15, Section 3006(c)(1) – violence or physical harm"
SOUL ON BIKES (2013),Table Levingston,,,"Title 15, Section 3006(c)(19) – STG members or associates"
SOULLESS (2015),T.M. Frazier,,,"Title 15, Section 3006(c)(1) – violence or physical harm"
SOULS AND SORROWS (2025),Sav R. Miller,,,"Title 15, Section 3006(c)(15)(A) – lacks serious literary, artistic, political or scientific value"
SOUTH BEACH SINGLES BLACK CUTIES VOL. 1,,,,"Title 15, Section 3006(c)(15)(A) – lacks serious literary, artistic, political or scientific value"
SOUTH BEACH SINGLES BLACK CUTIES VOL. 1,,,,"Title 15, Section 3006(c)(15)(A) – lacks serious literary, artistic, political or scientific value"
"SOUTH BEACH SINGLES CATALOG, ASIAN PERSUASION, VOLUME NUMBER 1",,,,"Title 15, Section 3006(c)(15)(A) – lacks serious literary, artistic, political or scientific value"
"SOUTH BEACH SINGLES CATALOG, FEET FETISH, VOLUME NUMBER 1",,,,"Title 15, Section 3006(c)(15)(A) – lacks serious literary, artistic, political or scientific value"
"SOUTH BEACH SINGLES CATALOG, NUTTIN BUTT AZZ, VOLUME NUMBER 10",,,,"Title 15, Section 3006(c)(15)(A) – lacks serious literary, artistic, political or scientific"
"SOUTH BEACH SINGLES CATALOG, NUTTIN BUTT AZZ, VOLUME NUMBER 13",,,,"Title 15, Section 3006(c)(15)(A) – lacks serious literary, artistic, political or scientific value"
"SOUTH BEACH SINGLES CATALOG, NUTTIN BUTT AZZ, VOLUME NUMBER 15",,,,"Title 15, Section 3006(c)(15)(A) – lacks serious literary, artistic, political or scientific value"
"SOUTH BEACH SINGLES CATALOG, NUTTIN BUTT AZZ, VOLUME NUMBER 18",,,,"Title 15, Section 3006(c)(15)(A) – lacks serious literary, artistic, political or scientific value"
"SOUTH BEACH SINGLES CATALOG, VOLUME 17",,,,"Title 15, Section 3006(c)(15)(A) – lacks serious literary, artistic, political or scientific value"
"SOUTH BEACH SINGLES CATALOG, VOLUME NUMBER 10",,,,"Title 15, Section 3006(c)(15)(A) – lacks serious literary, artistic, political or scientific value"
"SOUTH BEACH SINGLES CATALOG, VOLUME NUMBER 15",,,,"Title 15, Section 3006(c)(15)(A) – lacks serious literary, artistic, political or scientific value"
"SOUTH BEACH SINGLES CATALOG, VOLUME NUMBER 6",,,,"Title 15, Section 3006(c)(15)(A) – lacks serious literary, artistic, political or scientific value"
"SOUTH BEACH SINGLES CATALOG, VOLUME NUMBER 9",,,,"Title 15, Section 3006(c)(15)(A) – lacks serious literary, artistic, political or scientific value"
"SOUTH BEACH SINGLES XXX CATALOG, VOLUME 8",,,periodical,"Title 15, Section 3006(c)(17) – frontal nudity"
"SOUTH BEACH SINGLES XXX CATALOG, VOLUME 9",,,periodical,"Title 15, Section 3006(c)(15)(A) – lacks serious literary, artistic, political or scientific value"
"SOUTH BEACH SINGLES XXX, VOLUME 7",,,periodical,"Title 15, Section 3006(c)(15)(A) – lacks serious literary, artistic, political or scientific value"
"SOUTH BEACH SINGLES XXX, VOLUME NUMBER 1",,,,"Title 15, Section 3006(c)(15)(A) – lacks serious literary, artistic, political or scientific value"
"SOUTH BEACH SINGLES XXX, VOLUME NUMBER 2",,,,"Title 15, Section 3006(c)(17) – frontal nudity"
"SOUTH BEACH SINGLES XXX, VOLUME NUMBER 3",,,,"Title 15, Section 3006(c)(15)(A) – lacks serious literary, artistic, political or scientific value"
"SOUTH BEACH SINGLES XXX, VOLUME NUMBER 5",,,,"Title 15, Section 3006(c)(15)(A) – lacks serious literary, artistic, political or scientific value"
"SOUTH BEACH SINGLES, BBW VOL. 1/ COUGAR MATURE, VOL 1",,,,"Title 15, Section 3006(c)(17) – frontal nudity"
"SOUTH BEACH SINGLES, FRESHFACES, VOL 1",,,,"Title 15, Section 3006(c)(15)(A) – lacks serious literary, artistic, political or scientific value"
"SOUTH BEACH SINGLES, LATINA VOLUME 2",,,periodical,"Title 15, Section 3006(c)(15)(A) – lacks serious literary, artistic, political or scientific"
"SOUTH BEACH SINGLES, LATINA, VOLUME NUMBER 1",,,,"Title 15, Section 3006(c)(15)(A) – lacks serious literary, artistic, political or scientific value"
"SOUTH BEACH SINGLES, NUTTIN BUTT AZZ, VOLUME 12",,,,"Title 15, Section 3006(c)(15)(A) – lacks serious literary, artistic, political or scientific value"
"SOUTH BEACH SINGLES, NUTTIN BUTT AZZ, VOLUME 19 CATALOG",,,,"Title 15, Section 3006(c)(15)(A) – lacks serious literary, artistic, political or scientific value"
"SOUTH BEACH SINGLES, P.A.W.G. VOL 2",,,,"Title 15, Section 3006(c)(15)(A) – lacks serious literary, artistic, political or scientific value"
"SOUTH BEACH SINGLES, PAWG, VOLUME 5",,,periodical,"Title 15, Section 3006(c)(15)(A) – lacks serious literary, artistic, political or scientific value"
"SOUTH BEACH SINGLES, PHAT AZZ WHITE GIRLS, VOLUME 1",,,periodical,"Title 15, Section 3006(c)(15)(A) – lacks serious literary, artistic, political or scientific value"
"SOUTH BEACH SINGLES, SNOWBUNNIES VOL.11",,,periodical,"Title 15, Section 3006(c)(15)(A) – lacks serious literary, artistic, political or scientific value"
"SOUTH BEACH SINGLES, SNOWBUNNIES VOL.11",,,periodical,"Title 15, Section 3006(c)(15)(A) – lacks serious literary, artistic, political or scientific value"
"SOUTH BEACH SINGLES, TRANNY, VOL. 1",,,,"Title 15, Section 3006(c)(15)(A) – lacks serious literary, artistic, political or scientific value"
"SOUTH BEACH SINGLES, TRANNY, VOLUME 2",,,periodical,"Title 15, Section 3006(c)(15)(A) – lacks serious literary, artistic, political or scientific value"
"SOUTH BEACH SINGLES, VOLUME 16",,,,"Title 15, Section 3006(c)(15)(A) – lacks serious literary, artistic, political or scientific value"
"SOUTH BEACH SINGLES, XXX VOLUME IV",,,,"Title 15, Section 3006(c)(15)(A) – lacks serious literary, artistic, political or scientific value"
"SOUTH BEACH UNA CATALOG, ISSUE",,,periodical,"Title 15, Section 3006(c)(15)(A) – lacks serious literary, artistic, political or scientific value"
"SOUTHERN BASTARDS, VOLUME 3",Jason Aaron & Jason Latour,,periodical,"Title 15, Section 3006(c)(17) – frontal nudity"
SOVEREIGN (2024),Raya Morris Edwards,,,"Title 15, Section 3006(c)(15)(A) – lacks serious literary, artistic, political or scientific value"
"SPANL!, THE ART OF FERNANDO CARETTA",Fernando Caretta,,,"Title 15, Section 3006(c)(17) – frontal nudity"
"SPAWN, VENGEANCE",Todd McFarlane,,,"Title 15, Section 3006(c)(15)(C)(5) – conduct which is or appears to be forceful, threatening or violent"
SPECIAL FORCES FITNESS TRAINING,Augusta Dejuan Hathaway,,,"Title 15, Section 3006(d) – presents a serious threat to facility incarcerated persons and staff"
SPECTACULAR SEX MOVES SHE’LL NEVER FORGET,Sonia Borg,,,"Title 15, Section 3006(c)(17) – frontal nudity"
"SPECTRUM 10, THE BEST IN CONTEMPORARY FANTASTIC ART",Cathy Fenner and Arnie Fenner,,,"Title 15, Section 3006(c)(15)(A) – lacks serious literary, artistic, political or scientific value"
SPECTRUM 14,Better World Book,,,"Title 15, Section 3006(c)(17) – frontal nudity"
"SPECTRUM 14, THE BEST IN CONTEMPORARY FANTASTIC ART",Cathy Fenner,,,"Title 15, Section 3006(c)(17) – frontal nudity"
SPECTRUM 16: THE BEST IN CONTEMPORARY FANTASTIC ART,Cathy Fenner and Arnie Fenner,,,"Title 15, Section 3006(c)(15)(A) – lacks serious literary, artistic, political or scientific value"
SPECTRUM 17,Cathy and Arnie Fenner,,,"Title 15, Section 3006(c)(17) – frontal nudity"
SPECTRUM 18,Cathy Fenner,,,"Title 15, Section 3006(c)(17) – frontal nudity"
SPECTRUM 19: THE BEST IN CONTEMPORARY FANTASTIC ART,Cathy Fenner,,,"Title 15, Section 3006(c)(17) – frontal nudity"
"SPECTRUM 2, THE BEST IN CONTEMPORARY FANTASTIC ART",Cathy Fenner and Arnie Fenner,,,"Title 15, Section 3006(c)(17) – frontal nudity"
SPECTRUM 20: THE BEST IN CONTEMPORARY FANTASTIC ART 20TH ANNIVERSARY VOLUME,Cathy and Arnie Fenner,,,"Title 15, Section 3006(c)(17) – frontal nudity"
SPECTRUM 21,John Fleskes,,,"Title 15, Section 3006(c)(17) – frontal nudity"
SPECTRUM 22,John Fleskes,,,"Title 15, Section 3006(c)(17) – frontal nudity"
"SPECTRUM 24, THE BEST IN CONTEMPORARY FANTASTIC ART",John Fleskes,,,"Title 15, Section 3006(c)(17) – frontal nudity"
SPECTRUM 3,Cathy Fenner,,,"Title 15, Section 3006(c)(17) – frontal nudity"
SPECTRUM 4,Cathy Fenner,,,"Title 15, Section 3006(c)(17) – frontal nudity"
SPECTRUM 8,Cathy and Arnie Fenner,,,"Title 15, Section 3006(c)(17) – frontal nudity"
"SPECTRUM 9, THE BEST IN CONTEMPORARY FANTASTIC ART (2002)",,,,"Title 15, Section 3006(c)(16) – sexually explicit images"
SPELLBOUND; BLACK MAGIC WOMEN,Sal Quartuccio & Bob Keenan,,,"Title 15, Section 3006(c)(17) – frontal nudity"
"SPETSNAZ, MANUAL OF THE MILITARY SCOUT",Threat Analysis Group,,,"Title 15, Section 3006(d) – presents a serious threat to facility security or the safety of incarcerated persons and staff"
"SPETSNAZ, SCOUT PHYSICAL TRAINING MANUAL",Threat Analysis Group,,,"Title 15, Section 3006(d) – presents a serious threat to facility security or the safety of incarcerated persons and staff"
"SPICE & WOLF, VOLUME 1",Isuna Hasikura,,periodical,"Title 15, Section 3006(c)(15)(A) – lacks serious literary, artistic, political or scientific value"
SPIRITUAL SEX,Michelle Pauli,,,"Title 15, Section 3006(c)(15)(A) – lacks serious literary, artistic, political or scientific value"
"SPLICERS, ROLE- PLAYING GAME (2006)",Carmen Bellaire,,,"Title 15, Section 3006(d) – presents a serious threat to facility security or the safety of incarcerated"
SPORTS BETTING FOR DUMMIES (2020),Swain Scheps,,,"Title 15, Section 3006(c)(13) – contains or concerns any gambling or a lottery"
SPORTS ILLUSTRATED SWIMSUIT HEAVEN,Walter Iooss/Sports Illustrated Books,,,"Title 15, Section 3006(c)(17) – frontal nudity"
"SPORTS ILLUSTRATED, IN THE PAINT, NOVEMBER 2007",,,,"Title 15, Section 3006(c)(17) – frontal nudity"
"SPORTS ILLUSTRATED, SWIMSUIT 50 YEARS OF BEAUTIFUL ISSUE",,,periodical,"Title 15, Section 3006(c)(17) – frontal nudity"
SPREAD 30 (2024),Nick Jacobson,,,"Title 15, Section 3006(d) – presents a serious threat to facility security or the safety of incarcerated"
SPY SECRETS THAT CAN SAVE YOUR LIFE,Jason Hanson,,,"Title 15, Section 3006(d) – presents a serious threat to facility security or the safety of incarcerated persons and staff"
"SQUEEZE, ISSUE 1",,,periodical,"Title 15, Section 3006(c)(15)(A) – lacks serious literary, artistic, political or scientific value"
"SS CREED VOLUME FOUR, JEWS",,,,"Title 15, Section 3006(c)(19) – STG members or associates"
"STABLE GIRLS, CATALOG G",,,,"Title 15, Section 3006(c)(15)(A) – lacks serious literary, artistic, political or scientific value"
"STABLE GIRLS, CATALOG J",,,,"Title 15, Section 3006(c)(15)(A) – lacks serious literary, artistic, political or scientific value"
STACK BEFORE YOU SPLURGE,A Roy Milligan,,,"Title 15, Section 3006(c)(15)(A) – lacks serious literary, artistic, political or scientific value"
"STARFINDER, ALIEN ARCHIVE 3 (2019)",Paizo Staff,,,"Title 15, Section 3006(d) – presents a serious threat to facility security or the safety of incarcerated"
"STARFINDER, ALIEN ARCHIVE 4 (2021)",Paizo Staff,,,"Title 15, Section 3006(d) – presents a serious threat to facility security or the safety of incarcerated"
"STARFINDER, MECHAGEDDON! ADVENTURE PATH (2024)",Paizo Staff,,,"Title 15, Section 3006(d) – presents a serious threat to facility security or the safety of incarcerated"
"STARFINDER, STARFINDER ENHANCED (2023)",Paizo Staff,,,"Title 15, Section 3006(d) – presents a serious threat to facility security or the safety of incarcerated"
STAY WITH ME (2021),Nicole Florina,,,"Title 15, Section 3006(c)(15)(A) – lacks serious literary, artistic, political or scientific value"
STEALING CANDY,Allison Hobbs,,,"Title 15, Section 3006(c)(15)(A) – lacks serious literary, artistic, political or scientific value"
STEAMPUNK RISING,Sandra Chang-Adair,,,"Title 15, Section 3006(c)(17) – frontal nudity"
STEAMPUNK RISING (2015),Sandra Chang-Adair,,,"Title 15, Section 3006(c)(16) – sexually explicit images"
"STEAMPUNK RISING, THE ART OF SANDRA CHANG-ADAIR",Sandra Chang-Adair,,,"Title 15, Section 3006(c)(17) – frontal nudity"
"STICKY BUNS, VOLUME 4, ISSUE 3",,,periodical,"Title 15, Section 3006(c)(17) – frontal nudity"
STILL BEATING (2023),Jennifer Hartmann,,,"Title 15, Section 3006(c)(15)(A) – lacks serious literary, artistic, political or scientific value"
STILL HOOD,K’Wan,,,"Title 15, Section 3006(c)(15)(C)(5) – conduct which is or appears to be forceful, threatening or violent"
"STIM PACK MAGAZINE, MINI MAG ISSUE",,,periodical,"Title 15, Section 3006(c)(17) – frontal nudity"
"STIMULATE BOOK, VOLUME 27",,,,"Title 15, Section 3006(c)(15)(A) – lacks serious literary, artistic, political or scientific value"
"STORE EROTICA MAGAZINE, JUNE 2014",,,periodical,"Title 15, Section 3006(c)(15)(A) – lacks serious literary, artistic, political or scientific value"
"STOREROTICA MAGAZINE, APRIL 2011",,,periodical,"Title 15, Section 3006(c)(17) – frontal nudity"
"STOREROTICA MAGAZINE, DECEMBER 2011",,,periodical,"Title 15, Section 3006(c)(17) – frontal nudity"
STORM BOOK 1,Nina Levine,,,"Title 15, Section 3006(c)(15)(A) – lacks serious literary, artistic, political or scientific value"
STORY OF O (2013),Pauline Reage,,,"Title 15, Section 3006(c)(15)(A) – lacks serious literary, artistic, political or scientific value"
STRAIGHT BEAST MODE (2022),De’Kari,,,"Title 15, Section 3006(c)(1) – violence or physical harm"
"STRAIGHT BEAST MODE 2, 4EVERGREEZY (2022)",De’Kari,,,"Title 15, Section 3006(c)(15)(A) – lacks serious literary, artistic, political or scientific value"
"STRAIGHT STUNTIN MAGAZINE, ISSUE 61",,,periodical,"Title 15, Section 3006(c)(15)(A) – lacks serious literary, artistic, political or scientific value"
"STRAIGHT STUNTIN MAGAZINE, ISSUE 74",,,periodical,"Title 15, Section 3006(c)(19) – STG members or associates"
STRAIGHT TO HELL #68,,,,"Title 15, Section 3006(c)(16) – sexually explicit images"
STRAIGHT TO HELL 66,,,,"Title 15, Section 3006(c)(15)(A) – lacks serious literary, artistic, political or scientific value"
STRAIGHT TO HELL 67,,,,"Title 15, Section 3006(c)(15)(A) – lacks serious literary, artistic, political or scientific value"
STRATEGIES OF AMERICA’S ELITE WARRIORS,Skyhorse Publishing,,,"Title 15, Section 3006(d) – presents a serious threat to facility security or the safety of incarcerated persons and staff"
"STRAVAGANZA, THE QUEEN IN THE IRON MASK, VOLUME 2",Akihito Tomi,,periodical,"Title 15, Section 3006(c)(17) – frontal nudity"
"STRAVAGANZA, THE QUEEN IN THE IRON MASK, VOLUME 3",Akihito Tomi,,periodical,"Title 15, Section 3006(c)(17) – frontal nudity"
STREET DREAMS,K’Wan,,,"Title 15, Section 3006(c)(15)(C)(5) – conduct which is or appears to be forceful, threatening or violent"
STREET LEGENDS VOL 1.,Seth Herranti,,,"Title 15, Section 3006(d) – presents a serious threat to facility security or the safety of incarcerated persons and staff"
STREET LEGENDS VOL 1.,Seth Herranti,,,"Title 15, Section 3006(d) – presents a serious threat to facility security or the safety of incarcerated persons and staff"
STREET LEGENDS VOL. 2 OG’S,Seth Herranti,,,"Title 15, Section 3006(d) – presents a serious threat to facility security or the safety of incarcerated persons and staff"
"STREET LOW ARTE BOOK, 1ST EDITION",,,,"Title 15, Section 3006(c)(17) – frontal nudity"
"STREET LOW, ISSUE 12",,,periodical,"Title 15, Section 3006(c)(17) – frontal nudity"
"STREET NINJA, ANCIENT SECRETS FOR TODAY’S MEAN STREETS (1995)",Dirk Skinner,,,"Title 15, Section 3006(d) – presents a serious threat to facility security or the safety of incarcerated"
STREET PIX CATALOG E,,,,"Title 15, Section 3006(c)(17) – frontal nudity"
"STREET PIX, CATALOG 4, D1-D200",,,,"Title 15, Section 3006(c)(15)(A) – lacks serious literary, artistic, political or scientific value"
"STREET PIX, CATALOG C",,,,"Title 15, Section 3006(c)(15)(A) – lacks serious literary, artistic, political or scientific value"
"STREET PIX, CATALOG C",,,,"Title 15, Section 3006(c)(15)(A) – lacks serious literary, artistic, political or scientific value"
"STREET PIX, CATALOG H, BLACK BEAUTIES",,,,"Title 15, Section 3006(c)(15)(A) – lacks serious literary, artistic, political or scientific value"
"STREET PIX, CATALOG I",,,,"Title 15, Section 3006(c)(15)(A) – lacks serious literary, artistic, political or scientific value"
"STREET PIX, SNOWBUNNIES",,,,"Title 15, Section 3006(c)(15)(A) – lacks serious literary, artistic, political or scientific value"
STREET PIXS,,,,"Title 15, Section 3006(c)(15)(A) – lacks serious literary, artistic, political or scientific value"
"STREET PIXS CATALOG J, ASIAN ASSUALT",,,,"Title 15, Section 3006(c)(15)(A) – lacks serious literary, artistic, political or scientific value"
"STREET PIXS, BEACH",,,,"Title 15, Section 3006(c)(15)(A) – lacks serious literary, artistic, political or scientific value"
"STREET PIXS, CATALOG 1, A1-A100",,,,"Title 15, Section 3006(c)(15)(A) – lacks serious literary, artistic, political or scientific value"
"STREET PIXS, CATALOG 2, B101-B200",,,,"Title 15, Section 3006(c)(15)(A) – lacks serious literary, artistic, political or scientific value"
"STREET PIXS, CATALOG 3",,,,"Title 15, Section 3006(c)(17) – frontal nudity"
"STREET PIXS, CATALOG 3, C1-C100",,,,"Title 15, Section 3006(c)(17) – frontal nudity"
"STREET PIXS, CATALOG K, LATINO LOVES",,,,"Title 15, Section 3006(c)(17) – frontal nudity"
"STREET PIXS, CATALOG NA",,,,"Title 15, Section 3006(c)(15)(A) – lacks serious literary, artistic, political or scientific value"
"STREET SHOP TATOO STENCILS, CREATING NEW DESIGNS FOR SKIN ART",Brian Johnson,,,"Title 15, Section 3006(c)(17) – frontal nudity"
"STREET SKETCH BOOK, JOURNEYS",Tristan Manco,,,"Title 15, Section 3006(c)(17) – frontal nudity"
STREET SOLDIERS DIE LEGENDARY (2025),Yola Money,,,"Title 15, Section 3006(c)(15)(A) – lacks serious literary, artistic, political or scientific value"
STREETWISE SPYCRAFT,Barry Davies,,,"Title 15, Section 3006(d) – presents a serious threat to facility security or the safety of incarcerated persons and staff"
STRIPLV 1218 ISSUE,,,periodical,"Title 15, Section 3006(c)(17) – frontal nudity"
"STRIPLV, ART AND EROTICISM, ISSUE 0121",,,periodical,"Title 15, Section 3006(c)(17) – frontal nudity"
"STRIPLV, ART AND EROTICISM, ISSUE 0221",,,periodical,"Title 15, Section 3006(c)(17) – frontal nudity"
"STRIPLV, ART AND EROTICISM, ISSUE 0321",,,periodical,"Title 15, Section 3006(c)(17) – frontal nudity"
"STRIPLV, ISSAUE 0822- 0922",,,,"Title 15, Section 3006(c)(17) – frontal nudity"
"STRIPLV, ISSUE #208",,,periodical,"Title 15, Section 3006(c)(16) – sexually explicit images"
"STRIPLV, ISSUE #210",,,periodical,"Title 15, Section 3006(c)(16) – sexually explicit images"
"STRIPLV, ISSUE 0122",,,periodical,"Title 15, Section 3006(c)(17) – frontal nudity"
"STRIPLV, ISSUE 0322",,,periodical,"Title 15, Section 3006(c)(17) – frontal nudity"
"STRIPLV, ISSUE 0421- 0521",,,periodical,"Title 15, Section 3006(c)(17) – frontal nudity"
"STRIPLV, ISSUE 0422",,,periodical,"Title 15, Section 3006(c)(17) – frontal nudity"
"STRIPLV, ISSUE 0522",,,periodical,"Title 15, Section 3006(c)(17) – frontal nudity"
"STRIPLV, ISSUE 0621",,,periodical,"Title 15, Section 3006(c)(17) – frontal nudity"
"STRIPLV, ISSUE 0622",,,periodical,"Title 15, Section 3006(c)(17) – frontal nudity"
"STRIPLV, ISSUE 0721",,,periodical,"Title 15, Section 3006(c)(17) – frontal nudity"
"STRIPLV, ISSUE 0722",,,periodical,"Title 15, Section 3006(c)(17) – frontal nudity"
"STRIPLV, ISSUE 0821",,,periodical,"Title 15, Section 3006(c)(17) – frontal nudity"
"STRIPLV, ISSUE 0921",,,periodical,"Title 15, Section 3006(c)(17) – frontal nudity"
"STRIPLV, ISSUE 1022- 1122",,,periodical,"Title 15, Section 3006(c)(17) – frontal nudity"
"STRIPLV, ISSUE 1121",,,periodical,"Title 15, Section 3006(c)(17) – frontal nudity"
"STRIPLV, ISSUE 1221",,,periodical,"Title 15, Section 3006(c)(17) – frontal nudity"
"STRIPPER LOVE MAGAZINE, ISSUE 3",,,periodical,"Title 15, Section 3006(c)(17) – frontal nudity"
"STRIPPERS & PORN CHICKS, ISSUE 2",,,periodical,"Title 15, Section 3006(c)(17) – frontal nudity"
"STRIPPERS, ISSUE 1",,,periodical,"Title 15, Section 3006(c)(15)(A) – lacks serious literary, artistic, political or scientific value"
"STROKERS, THE EROTIC NOTEBOOK, 2023 CALENDAR",,,,"Title 15, Section 3006(c)(17) – frontal nudity"
"STROKES OF GENIUS 4, THE BEST OF DRAWING, EXPLORING LINE",Rachel Rubin Wolf,,,"Title 15, Section 3006(c)(17) – frontal nudity"
"STROKES OF GENIUS 5, THE BEST OF DRAWING",Rachel Rubin Wolf,,,"Title 15, Section 3006(c)(17) – frontal nudity"
"STROKES OF GENIUS 6, THE BEST OF DRAWING",Rachel Rubin Wolf,,,"Title 15, Section 3006(c)(17) – frontal nudity"
STUDIO COLLECTIVE XX (2024),,,,"Title 15, Section 3006(c)(4) – plans to assist to escape"
"SUB 0 PHAT PUFFS MAGAZINE WINTER 2020, ISSUE #17",,,periodical,"Title 15, Section 3006(c)(17) – frontal nudity"
"SUB O PHAT MAGAZINE, PHAT PUFFS, ISSUE #19",,,periodical,"Title 15, Section 3006(c)(15)(A) – lacks serious literary, artistic, political or scientific value"
"SUB O PHAT PUFF MAGAZINE, FALL 2016 ISSUE NUMBER 9",,,periodical,"Title 15, Section 3006(c)(15)(A) – lacks serious literary, artistic, political or scientific value"
"SUB O’ PHAT PUFFS MAGAZINE, ISSUE 12",,,periodical,"Title 15, Section 3006(c)(15)(A) – lacks serious literary, artistic, political or scientific"
"SUB O’ PHAT PUFFS MAGAZINE, ISSUE 18",,,periodical,"Title 15, Section 3006(c)(15)(A) – lacks serious literary, artistic, political or scientific value"
"SUB O PHAT PUFFS MAGAZINE, WINTER 2021, ISSUE 19",,,periodical,"Title 15, Section 3006(c)(15)(A) – lacks serious literary, artistic, political or scientific value"
SUB O PHAT PUFFS WINTER 2019,,,,"Title 15, Section 3006(c)(15)(A) – lacks serious literary, artistic, political or scientific value"
SUB O PHAT PUFFS WINTER 2019,,,,"Title 15, Section 3006(c)(15)(A) – lacks serious literary, artistic, political or scientific value"
"SUB O PHAT PUFFS, #21",,,,"Title 15, Section 3006(c)(15)(A) – lacks serious literary, artistic, political or scientific value"
"SUB O PHAT PUFFS, ISSUE #10",,,periodical,"Title 15, Section 3006(c)(15)(A) – lacks serious literary, artistic, political or scientific value"
"SUB O’ PHAT PUFFS, SPRING 2016, ISSUE 8",,,periodical,"Title 15, Section 3006(c)(15)(A) – lacks serious literary, artistic, political or scientific value"
"SUB O PHAT PUFFS, SUMMER 2020, ISSUE 18",,,periodical,"Title 15, Section 3006(c)(15)(A) – lacks serious literary, artistic, political or scientific value"
"SUB O’ PHAT PUFFS, VOLUME 20",,,,"Title 15, Section 3006(c)(15)(A) – lacks serious literary, artistic, political or scientific value"
"SUB O’ PHAT, ISSUE 14",,,periodical,"Title 15, Section 3006(c)(15)(A) – lacks serious literary, artistic, political or scientific value"
"SUB O PHAT, SUMMER 2019, 16",,,,"Title 15, Section 3006(c)(15)(A) – lacks serious literary, artistic, political or scientific value"
SUBVERSIVE BEAUTY,Luis Royo,,,"Title 15, Section 3006(c)(17) – frontal nudity"
SUCCESSFUL GLAMOUR PHOTOGRAPHY,Duncan Evans & John Kelly,,,"Title 15, Section 3006(c)(17) – frontal nudity"
"SUCCESSFUL GLAMOUR PHOTOGRAPHY, REVISED",Duncan Evans & John Kelly,,,"Title 15, Section 3006(c)(17) – frontal nudity"
"SUCCUBUS AND HITMAN, VOLUME 4 (2023)",Makoto Fukami,,periodical,"Title 15, Section 3006(c)(15)(A) – lacks serious literary, artistic, political or scientific value"
"SUCCUBUS AND HITMAN, VOLUME 5 (2023)",Makoto Fukami,,periodical,"Title 15, Section 3006(c)(17) – frontal nudity"
"SUCCUBUS HITMAN, VOL. 9 (2025)",Makoto Fukami & Seigo Takiya,,,"Title 15, Section 3006(c)(16) – sexually explicit images"
"SUCCULENT, CHOCOLATE FLAVA II",Zane,,,"Title 15, Section 3006(c)(15)(A) – lacks serious literary, artistic, political or scientific value"
"SUCCULENT, CHOCOLATE FLAVA II (2008)",Zone,,,"Title 15, Section 3006(c)(15)(A) – lacks serious literary, artistic, political or scientific value"
"SUGAR FOOT, CIVILIZED WARRING",,,,"Title 15, Section 3006(d) – presents a serious threat to facility security or the safety of incarcerated persons and staff"
SUGAR IN MY BOWL,Erica Jong,,,"Title 15, Section 3006(c)(17) – frontal nudity"
"SUGARBABE, THE CONTROVERSIAL REAL STORY OF A WOMAN IN SEARCH OF A SUGAR DADDY (2010)",Holly Hill,,,"Title 15, Section 3006(c)(15)(A) – lacks serious literary, artistic, political or scientific value"
"SUICIDE SQUAD, BEHIND THE SCENES WITH THE WORST HEROES",Signe Bergstrom,,,"Title 15, Section 3006(d) – presents a serious threat to facility security or the safety of incarcerated persons and staff"
"SUICIDEGIRLS, NO. 3 ISSUE",,,periodical,"Title 15, Section 3006(c)(15)(A) – lacks serious literary, artistic, political or scientific value"
SUMMARY-THE ART OF SEDUCTION,Robert Green,,,"Title 15, Section 3006(d) – presents a serious threat to facility security or the safety of incarcerated persons and staff"
"SUMMER OF 1945, GERMANY, JAPAN AND THE HARVEST OF HATE (2018)",Thomas Goodrich,,,"Title 15, Section 3006(c)(15)(C)(5) – conduct which is or appears to be forceful, threatening or violent"
SUMMER SOUVENIRS,,,,"Title 15, Section 3006(c)(17) – frontal nudity"
SUNDOME!! MILKY WAY VOLUME 1 (2021),,,periodical,"Title 15, Section 3006(c)(17) – frontal nudity"
"SUNDOME!! MILKY WAY, VOLUME 2 (2021)",Kazuki Funatsu,,periodical,"Title 15, Section 3006(c)(16) – sexually explicit images"
"SUNDOME!! MILKY WAY, VOLUME 3 (2022)",Kazuki Funatsu,,periodical,"Title 15, Section 3006(c)(16) – sexually explicit images"
"SUNDOME!! MILKY WAY, VOLUME 6",,,periodical,"Title 15, Section 3006(c)(17) – frontal nudity"
"SUNSTONE, VOLUME 1",Stjepan Sejic,,periodical,"Title 15, Section 3006(c)(17) – frontal nudity"
SUPER GREMLIN 2 (2023),King Rio,,,"Title 15, Section 3006(c)(1) – violence or physical harm"
SUPER GREMLIN 3 (2023),King Rio,,,"Title 15, Section 3006(c)(1) – violence or physical harm"
SUPER HXEROS,,,,"Title 15, Section 3006(c)(17) – frontal nudity"
SUPERIOR TATTOO BIBLE: BOOK ONE,Artkulture Publications,,,"Title 15, Section 3006(c)(17) – frontal nudity"
SUPERIOR TATTOO BIBLE: BOOK THREE,Artkulture,,,"Title 15, Section 3006(c)(17) – frontal nudity"
SUPERIOR TATTOO BIBLE: BOOK TWO,ArtKulturef,,,"Title 15, Section 3006(c)(17) – frontal nudity"
SUPERMARKET (2019),Bobby Hall,,,"Title 15, Section 3006(c)(1) – violence or physical harm"
"SURROGATE SISTERS, XXX & VIP",,,,"Title 15, Section 3006(c)(17) – frontal nudity"
SURVIVAL GUIDE MARCH 2019,,,,"Title 15, Section 3006(d) – presents a serious threat to facility security or the safety of incarcerated persons and staff"
"SURVIVAL HACKS, OVER 200 WAYS TO USE EVERYDAY ITEMS FOR WILDERNESS SURVIVAL",Creek Stewart,,,"Title 15, Section 3006(d) – presents a serious threat to facility security or the safety of incarcerated persons and staff"
SURVIVAL SKILLS OF THE NORTH AMERICAN INDIANS,Peter Goodchild,,,"Title 15, Section 3006(d) – presents a serious threat to facility security or the safety of incarcerated persons and staff"
SURVIVAL WISDOM & KNOW-HOW,Stackpole Books,,,"Title 15, Section 3006(c)(8) – a description of the making of any weapon, explosive, poison or destructive device"
"SUTHERN COMFORTS CATALOG, BOOSTA’Z, VOLUME 27",,,,"Title 15, Section 3006(c)(15)(A) – lacks serious literary, artistic, political or scientific value"
"SUTHERN COMFORTS CATALOG, HUSTLA’Z, VOLUME 27",,,,"Title 15, Section 3006(c)(15)(A) – lacks serious literary, artistic, political or scientific value"
"SUTHERN COMFORTS CATALOG, TROOPA’Z, VOLUME 27",,,,"Title 15, Section 3006(c)(15)(A) – lacks serious literary, artistic, political or scientific value"
"SUTHERN COMFORTS CATALOG, VOLUME 31, CATALOG 36",,,,"Title 15, Section 3006(c)(15)(A) – lacks serious literary, artistic, political or scientific value"
"SUTHERN CUMFORT, NICKLES VOL. 35",,,,"Title 15, Section 3006(c)(15)(A) – lacks serious literary, artistic, political or scientific value"
SUTHERN CUMFORTS,,,,"Title 15, Section 3006(c)(15)(A) – lacks serious literary, artistic, political or scientific value"
SUTHERN CUMFORTS 1000 VOL 31,,,,"Title 15, Section 3006(c)(17) – frontal nudity"
SUTHERN CUMFORTS 36 VOL 31,,,,"Title 15, Section 3006(c)(17) – frontal nudity"
"SUTHERN CUMFORTS CATALOG 380, VOLUME 32",,,,"Title 15, Section 3006(c)(15)(A) – lacks serious literary, artistic, political or scientific value"
"SUTHERN CUMFORTS CATALOG 45, VOLUME 32",,,,"Title 15, Section 3006(c)(17) – frontal nudity"
"SUTHERN CUMFORTS CATALOG 9, VOLUME 32",,,,"Title 15, Section 3006(c)(17) – frontal nudity"
"SUTHERN CUMFORTS CATALOG, ANTICIPATION, VOLUME 26",,,,"Title 15, Section 3006(c)(15)(A) – lacks serious literary, artistic, political or scientific value"
"SUTHERN CUMFORTS CATALOG, BILLIONS, VOLUME 33",,,,"Title 15, Section 3006(c)(15)(A) – lacks serious literary, artistic, political or scientific value"
"SUTHERN CUMFORTS CATALOG, DEATH, VOLUME 30",,,,"Title 15, Section 3006(c)(15)(A) – lacks serious literary, artistic, political or scientific value"
"SUTHERN CUMFORTS CATALOG, DEATH, VOLUME 30",,,,"Title 15, Section 3006(c)(15)(A) – lacks serious literary, artistic, political or scientific value"
"SUTHERN CUMFORTS CATALOG, ETERNITY, VOLUME 30",,,,"Title 15, Section 3006(c)(15)(A) – lacks serious literary, artistic, political or scientific value"
"SUTHERN CUMFORTS CATALOG, GRATIFICATION, VOLUME 26",,,,"Title 15, Section 3006(c)(15)(A) – lacks serious literary, artistic, political or scientific value"
"SUTHERN CUMFORTS CATALOG, LIFE, VOLUME 30",,,,"Title 15, Section 3006(c)(15)(A) – lacks serious literary, artistic, political or scientific value"
"SUTHERN CUMFORTS CATALOG, MANAGE THE PRESENT, VOLUME 29",,,,"Title 15, Section 3006(c)(15)(A) – lacks serious literary, artistic, political or scientific value"
"SUTHERN CUMFORTS CATALOG, MANAGE THE PRESENT, VOLUME 29",,,,"Title 15, Section 3006(c)(15)(A) – lacks serious literary, artistic, political or scientific value"
"SUTHERN CUMFORTS CATALOG, STIMULATION, VOLUME 26",,,,"Title 15, Section 3006(c)(15)(A) – lacks serious literary, artistic, political or scientific value"
"SUTHERN CUMFORTS CATALOG, STIMULATION, VOLUME 26",,,,"Title 15, Section 3006(c)(15)(A) – lacks serious literary, artistic, political or scientific value"
"SUTHERN CUMFORTS CATALOG, VOLUME 31, BROCHURE 1000",,,,"Title 15, Section 3006(c)(15)(A) – lacks serious literary, artistic, political or scientific value"
"SUTHERN CUMFORTS CATALOG, VOLUME 31, CATALOG 28",,,,"Title 15, Section 3006(c)(15)(A) – lacks serious literary, artistic, political or scientific value"
"SUTHERN CUMFORTS GRAMS, VOL 34",,,,"Title 15, Section 3006(c)(15)(A) – lacks serious literary, artistic, political or scientific value"
"SUTHERN CUMFORTS OUNCES, VOL 34",,,,"Title 15, Section 3006(c)(15)(A) – lacks serious literary, artistic, political or scientific value"
"SUTHERN CUMFORTS POUNDS, VOL 34",,,,"Title 15, Section 3006(c)(15)(A) – lacks serious literary, artistic, political or scientific value"
"SUTHERN CUMFORTS, MILLIONS, VOLUME 33",,,,"Title 15, Section 3006(c)(15)(A) – lacks serious literary, artistic, political or scientific value"
"SUTHERN CUMFORTS, TRILLIONS, VOLUME 33",,,,"Title 15, Section 3006(c)(15)(A) – lacks serious literary, artistic, political or scientific value"
"SUTHERN CUMFORTS, VOL 36, BODY, SOUL, MIND",,,,"Title 15, Section 3006(c)(15)(A) – lacks serious literary, artistic, political or scientific value"
SWAN SONG (2023),Robert McCammon,,,"Title 15, Section 3006(c)(1) – violence or physical harm"
SWANK XXXTREME MAGAZINE,,,periodical,"Title 15, Section 3006(c)(17) – frontal nudity"
"SWEDISH SENSATIONS FILMS; A CLANDESTINE HISTORY OF SEX, THRILLERS, AND KICKER CINEMA",Daniel Ekeroth,,,"Title 15, Section 3006(c)(17) – frontal nudity"
SWEET 18 MAGAZINE,,,periodical,"Title 15, Section 3006(c)(17) – frontal nudity"
"SWEET LIFE, EROTIC FANTASIES FOR COUPLES (2001)",Violet Blue,,,"Title 15, Section 3006(c)(15)(A) – lacks serious literary, artistic, political or scientific value"
SWEET THINGS,Keith Garvey,,,"Title 15, Section 3006(c)(17) – frontal nudity"
SWEETER THAN HONEY,Mary B. Morrison,,,"Title 15, Section 3006(c)(15)(A) – lacks serious literary, artistic, political or scientific value"
SWING,Opal Carew,,,"Title 15, Section 3006(c)(15)(A) – lacks serious literary, artistic, political or scientific value"
SWING MAGAZINE,,,periodical,"Title 15, Section 3006(c)(17) – frontal nudity"
"SWORD SONG: SISTERHOOD OF STEEL, VOLUME 1",Sal Quartuccio/Bob Keenan,,periodical,"Title 15, Section 3006(c)(17) – frontal nudity"
SWORD’S EDGE,Arnie Fenner,,,"Title 15, Section 3006(c)(17) – frontal nudity"
SYMBOLISM,Michael Gibson,,,"Title 15, Section 3006(c)(17) – frontal nudity"
TABU TATTO,,,,"Title 15, Section 3006(c)(17) – frontal nudity"
"TABU TATTOO, APRIL 2022, ISSUE 71",,,periodical,"Title 15, Section 3006(c)(17) – frontal nudity"
"TABU TATTOO, FEBRUARY 2021, ISSUE 68",,,periodical,"Title 15, Section 3006(c)(17) – frontal nudity"
"TABU TATTOO, ISSUE 61",,,periodical,"Title 15, Section 3006(c)(17) – frontal nudity"
"TABU TATTOO, ISSUE 62",,,periodical,"Title 15, Section 3006(c)(17) – frontal nudity"
"TABU TATTOO, ISSUE 63",,,periodical,"Title 15, Section 3006(c)(17) – frontal nudity"
"TABU TATTOO, ISSUE 64",,,periodical,"Title 15, Section 3006(c)(17) – frontal nudity"
"TABU TATTOO, ISSUE 65",,,periodical,"Title 15, Section 3006(c)(17) – frontal nudity"
"TABU TATTOO, ISSUE 66",,,periodical,"Title 15, Section 3006(c)(17) – frontal nudity"
"TABU TATTOO, ISSUE 67",,,periodical,"Title 15, Section 3006(c)(17) – frontal nudity"
"TABU TATTOO, ISSUE 69",,,periodical,"Title 15, Section 3006(c)(17) – frontal nudity"
"TABU TATTOO, ISSUE 70",,,periodical,"Title 15, Section 3006(c)(17) – frontal nudity"
"TABU TATTOO, ISSUE 72, JULY 2022",,,periodical,"Title 15, Section 3006(c)(17) – frontal nudity"
"TABU TATTOO, ISSUE 73",,,periodical,"Title 15, Section 3006(c)(17) – frontal nudity"
"TABU TATTOO, MAY 2023, ISSUE 74",,,periodical,"Title 15, Section 3006(c)(17) – frontal nudity"
"TAI CHI CHUAN MARTIAL POWER, ADVANCED YANG STYLE",Dr.Yang Jwing-Ming,,,"Title 15, Section 3006(d) – presents a serious threat to facility security or the safety of incarcerated persons and staff"
TAI CHI CHUAN: CLASSICAL YANG STYLE: THE COMPLETE LONG FORM AND QIGONG,"Dr. Yang, Jwing-Ming",,,"Title 15, Section 3006(d) – presents a serious threat to facility security or the safety of incarcerated persons and staff"
TAI CHI CLASSICS,Waysun Liao,,,"Title 15, Section 3006(d) – presents a serious threat to facility security or the safety of incarcerated persons and staff"
TAI CHI FA JIN: ADVANCED TECHNIQUES FOR DISCHARGING CHI ENERGY,Mantak Chia and Andrew Jan,,,"Title 15, Section 3006(d) – presents a serious threat to facility security or the safety of incarcerated persons and staff"
"TAI CHI QIGONG, THE INTERNAL FOUNDATION OF TAI CHI CHUAN",Dr. Yang Jwing,,,"Title 15, Section 3006(d) – presents a serious threat to facility security or the safety of incarcerated persons and staff"
"TAI-PAN, THE ASIAN SAGA, 2 (2019)",James Clavell,,,"Title 15, Section 3006(c)(1) – violence or physical harm"
"TAKE ME THERE, TRANS AND GENDERQUEER EROTICA (2011)",Tristan Taormino,,,"Title 15, Section 3006(c)(15)(A) – lacks serious literary, artistic, political or scientific value"
"TAKING THE LEAD, THE SECRETS OF A ROCK STAR BOOK 1 (2016)",Cecilia Tan,,,"Title 15, Section 3006(c)(15)(A) – lacks serious literary, artistic, political or scientific value"
TALTOS (1995),Anne Rice,,,"Title 15, Section 3006(c)(15)(A) – lacks serious literary, artistic, political or scientific value"
TAME ME (2014),J. Kenner,,,"Title 15, Section 3006(c)(15)(A) – lacks serious literary, artistic, political or scientific value"
"TANTRA, A SYMBOLIC VISION OF COSMIC SENSUALITY, AN ANTIDOTE TO THE ANXIETIES OF OUR AGE",Philip Rawson,,,"Title 15, Section 3006(c)(17) – frontal nudity"
"TANTRIC SECRETS FOR MEN, WHAT EVERY WOMAN WILL WANT HER MAN TO KNOW ABOUT ENHANCING SEXUAL ECSTASY",Kerry Riley and Diane Riley,,,"Title 15, Section 3006(c)(15)(A) – lacks serious literary, artistic, political or scientific value"
TAO OF JEET KUNE DO,Bruce Lee,,,"Title 15, Section 3006(d) – presents a serious threat to facility security or the safety of incarcerated persons and staff"
TAO OF LOVE_HOW TO BECOME A PERFECT LOVER,Boris Evseev,,,"Title 15, Section 3006(c)(17) – frontal nudity"
TAOIST SECRETS OF LOVE,,,,"Title 15, Section 3006(c)(17) – frontal nudity"
TAOIST SECRETS OF LOVE CULTIVATION MALE SEXUAL ENERGY,Mantak Chia,,,"Title 15, Section 3006(c)(17) – frontal nudity"
TAROT SPELLS,Janina Renee,,,"Title 15, Section 3006(c)(17) – frontal nudity"
"TAROT, WITCH OF THE BLACK ROSE #144",,,,"Title 15, Section 3006(c)(16) – sexually explicit images"
TATTOO,Dale Durfee,,,"Title 15, Section 3006(c)(17) – frontal nudity"
"TATTOO BASICS, BASIC FUNDAMENTALS OF MODERN TATTOO",,,,"Title 15, Section 3006(d) – presents a serious threat to facility security or the safety of incarcerated persons and staff"
TATTOO BEHIND THE NEEDLE,Joy Surles,,,"Title 15, Section 3006(c)(17) – frontal nudity"
TATTOO BIBLE 2,,,,"Title 15, Section 3006(c)(15)(A) – lacks serious literary, artistic, political or scientific value"
TATTOO BIBLE: BOOK ONE,Art Kulture,,,"Title 15, Section 3006(c)(17) – frontal nudity"
"TATTOO FOR WOMEN, DECEMBER 2021, ISSUE 122",,,periodical,"Title 15, Section 3006(c)(17) – frontal nudity"
TATTOO JOHNNY,David Bollt,,,"Title 15, Section 3006(c)(17) – frontal nudity"
TATTOO LIFE,,,,"Title 15, Section 3006(c)(17) – frontal nudity"
"TATTOO REVUE, APRIL 2022, ISSUE 191",,,periodical,"Title 15, Section 3006(c)(19) – STG members or associates"
"TATTOO REVUE, ISSUE 192",,,periodical,"Title 15, Section 3006(c)(19) – STG members or associates"
"TATTOO REVUER, NOVEMBER 2022",,,,"Title 15, Section 3006(c)(19) – STG members or associates"
"TATTOO ROAD TRIP, CALIFORNIA COVER GIRLS",Bob Baxter,,,"Title 15, Section 3006(c)(17) – frontal nudity"
TATTOO SHOWCASE,Constable & Robinson,,,"Title 15, Section 3006(c)(17) – frontal nudity"
TATTOO SOCIETY,,,,"Title 15, Section 3006(c)(17) – frontal nudity"
"TATTOO SOCIETY, ISSUE #86",,,periodical,"Title 15, Section 3006(c)(15)(B)(3) – conduct which is or appears to be forceful, threatening or violent"
"TATTOO SOCIETY, ISSUE 4",,,periodical,"Title 15, Section 3006(c)(15)(A) – lacks serious literary, artistic, political or scientific value"
"TATTOO SOCIETY, ISSUE 74",,,periodical,"Title 15, Section 3006(c)(17) – frontal nudity"
"TATTOO SOCIETY, ISSUE 88",,,periodical,"Title 15, Section 3006(c)(16) – sexually explicit images"
TATTOO SOURCEBOOK,editors of Tatoofinder.com,,,"Title 15, Section 3006(c)(17) – frontal nudity"
TATTOO SUPER MODELS,Christian Saint,,,"Title 15, Section 3006(c)(17) – frontal nudity"
TATTOOED BEAUTIES,Goliath,,,"Title 15, Section 3006(c)(17) – frontal nudity"
TATTOOED WOMEN,Spider Webb,,,"Title 15, Section 3006(c)(17) – frontal nudity"
TATTOOFINDER.COM’S : TATTOO-PEDIA,TattooFinder.com,,,"Title 15, Section 3006(c)(17) – frontal nudity"
"TATTOOING, A TO Z, HUCK SPAULDING",Huck Spaulding,,,"Title 15, Section 3006(c)(17) – frontal nudity"
TATTOOISME,Chris Coppola/Frederic Claquin,,,"Title 15, Section 3006(c)(17) – frontal nudity"
"TATTOOS FOR WOMEN, DECEMBER 2021, ISSUE 122",,,periodical,"Title 15, Section 3006(c)(17) – frontal nudity"
"TATTOOS, NEW TRENDS IN TATTOO DESIGN",Laura Higes,,,"Title 15, Section 3006(c)(15)(A) – lacks serious literary, artistic, political or scientific value"
TEACH ME 3,Enrique Villagran,,,"Title 15, Section 3006(c)(15)(A) – lacks serious literary, artistic, political or scientific value"
TEACH YOURSELF TO DREAM: A PRACTICAL GUIDE,David Fontana,,,"Title 15, Section 3006(c)(17) – frontal nudity"
TEAM SAVAGE,Ace Boogie,,,"Title 15, Section 3006(c)(15)(C)(5) – conduct which is or appears to be forceful, threatening or violent"
"TEAM SAVAGE III, BE AWARE OF THE SNAKE (2021)",Ace Boogie,,,"Title 15, Section 3006(c)(15)(A) – lacks serious literary, artistic, political or scientific value"
"TEARS OF A HUSTLER 4, YOU’VE BEEN WARNED (2012)",Silk White,,,"Title 15, Section 3006(c)(15)(A) – lacks serious literary, artistic, political or scientific value"
"TEARS OF A HUSTLER 5, THE SPADES",Silk White,,,"Title 15, Section 3006(c)(15)(C)(5) – conduct which is or appears to be forceful, threatening or violent"
"TEARS OF A HUSTLER 6, THE RETURN OF THE WOLF (2014)",Silk White,,,"Title 15, Section 3006(c)(15)(A) – lacks serious literary, artistic, political or scientific value"
TEASE TO PLEASE,Adrian Velez,,,"Title 15, Section 3006(c)(17) – frontal nudity"
TECHNIQUES OF SECRET WARFARE,Carl Hammer,,,"Title 15, Section 3006(d) – presents a serious threat to facility security or the safety of incarcerated persons and staff"
TED BUNDY CONVERSATIONS WITH A KILLER,Stephen G. Michaud,,,"Title 15, Section 3006(c)(15)(C)(5) – conduct which is or appears to be forceful, threatening or violent"
TELEPHONE PROJECTS FOR THE EVIL GENIUS,Tom Petruzzellis,,,"Title 15, Section 3006(d) – presents a serious threat to facility security or the safety of incarcerated persons and staff"
TEMPLE OF THE WINDS (2008),Terry Goodkind,,,"Title 15, Section 3006(c)(1) – violence or physical harm"
TEN SOUTHEAST ASIAN TRIBES FROM FIVE COUNTRIES (2008),David Howard,,,"Title 15, Section 3006(c)(16) – sexually explicit images"
TENJO TENGE VOLUME 2 (2011),oh!great,,periodical,"Title 15, Section 3006(c)(17) – frontal nudity"
"TENJO TENGE, VOLUME 1",,,periodical,"Title 15, Section 3006(c)(17) – frontal nudity"
"TENJO TENGE, VOLUME 4",,,periodical,"Title 15, Section 3006(c)(17) – frontal nudity"
"TENJO TENGE, VOLUME 5",,,periodical,"Title 15, Section 3006(c)(17) – frontal nudity"
"TENJO TENGE, VOLUME 7",,,periodical,"Title 15, Section 3006(c)(17) – frontal nudity"
"TENJO TENGE, VOLUME 8",,,periodical,"Title 15, Section 3006(c)(17) – frontal nudity"
TERI WOODS PRESENTS ANGEL (2006),Terri Woods,,,"Title 15, Section 3006(c)(1) – violence or physical harm"
"TERRORIZER #180, FEBRUARY 2009",,,,"Title 15, Section 3006(c)(17) – frontal nudity"
TESTAMENT,Arnie Fenner & Cathy Fenner,,,"Title 15, Section 3006(c)(17) – frontal nudity"
TESTAMENT OF SISTER NEW DEVIL,Tetsuto Uesu,,,"Title 15, Section 3006(c)(17) – frontal nudity"
"TESTAMENT, VOLUME ONE (2006)",Douglas Rushkoff,,,"Title 15, Section 3006(c)(16) – sexually explicit images"
TEXTING DR. STALKER (2025),Pepper Winters,,,"Title 15, Section 3006(c)(15)(A) – lacks serious literary, artistic, political or scientific value"
THA G-CODE (2017),Fredrick J. Staves,,,"Title 15, Section 3006(c)(15)(A) – lacks serious literary, artistic, political or scientific value"
THE “E” EXTRA EXTREME SELFIES 3,,,,"Title 15, Section 3006(c)(17) – frontal nudity"
THE “E” EXTRA EXTREME SELFIES 4,,,,"Title 15, Section 3006(c)(17) – frontal nudity"
THE 10 BEST MENTAL TOUGHNESS EXERCISE,Sammy Franco,,,"Title 15, Section 3006(d) – presents a serious threat to facility security or the safety of incarcerated persons and staff"
THE 158-POUND MARRIAGE (1997),John Irving,,,"Title 15, Section 3006(c)(15)(A) – lacks serious literary, artistic, political or scientific value"
THE 23RD MIDNIGHT (2024),James Patterson,,,"Title 15, Section 3006(c)(1) – violence or physical harm"
THE 33 STRATEGIES OF WAR,Robert Greene,,,"Title 15, Section 3006(c)(1) – violence or physical harm"
THE 33 STRATEGIES OF WAR (2007),Robert Greene,,,"Title 15, Section 3006(d) – presents a serious threat to facility security or the safety of incarcerated"
THE 4 HOUR BODY,Timothy Ferriss,,,"Title 15, Section 3006(c)(17) – frontal nudity"
THE 48 LAWS OF POWER,Robert Greene,,,"Title 15, Section 3006(d) – presents a serious threat to facility security or the safety of incarcerated persons and staff"
"THE 48 LAWS OF POWER, CONSISE EDITION (2002)",Robert Greene,,,"Title 15, Section 3006(d) – presents a serious threat to facility security or the safety of incarcerated"
THE A TO Z ENCYCLOPEDIA OF SERIAL KILLERS,Harold Schechter and David Everitt,,,"Title 15, Section 3006(c)(15)(C)(5) – conduct which is or appears to be forceful, threatening or violent"
THE ANAL SEX POSITION GUIDE,Tristan Taormino,,,"Title 15, Section 3006(c)(17) – frontal nudity"
"THE ANATOMY OF STYLE, FIGURE DRAWING TECHNIQUES",Patrick J. Jones,,,"Title 15, Section 3006(c)(15)(A) – lacks serious literary, artistic, political or scientific value"
THE ANGEL OF VENGEANCE,Wade H Garrett,,,"Title 15, Section 3006(c)(15)(C)(5) – conduct which is or appears to be forceful, threatening or violent"
"THE ANTI-JUSTINE, FORBIDDEN EROTIC CLASSICS (2012)",Restif De La Bertonne,,,"Title 15, Section 3006(c)(15)(A) – lacks serious literary, artistic, political or scientific value"
THE APPRENTICE (2022),Tess Gerritsen,,,"Title 15, Section 3006(c)(15)(B)(3) – conduct which is or appears to be forceful, threatening or violent"
THE ART AND MAKING OF HANNIBAL THE TELEVISION SERIES,Jesse McLean,,,"Title 15, Section 3006(c)(15)(A) – lacks serious literary, artistic, political or scientific value"
THE ART BOOK (2020),Phaidon Editors,,,"Title 15, Section 3006(c)(17) – frontal nudity"
THE ART OF AMY BROWN,Charles de Lint,,,"Title 15, Section 3006(c)(17) – frontal nudity"
"THE ART OF CARETTO, HARD CANDY",Fernando Caretta,,,"Title 15, Section 3006(c)(17) – frontal nudity"
THE ART OF DAVE NESTLER: WICKED INTENTIONS,SQP,,,"Title 15, Section 3006(c)(17) – frontal nudity"
THE ART OF DECEPTION,Kevn D. Mitnick,,,"Title 15, Section 3006(d) – presents a serious threat to facility security or the safety of incarcerated persons and staff"
"THE ART OF DEREK MATTERS, FEMALE FIGURES, VOLUME 1",,,periodical,"Title 15, Section 3006(c)(17) – frontal nudity"
THE ART OF DREW POSADA,SQP,,,"Title 15, Section 3006(c)(17) – frontal nudity"
THE ART OF FAERY,David Riche,,,"Title 15, Section 3006(c)(17) – frontal nudity"
THE ART OF FANTASY,Mark E. Rogers,,,"Title 15, Section 3006(c)(17) – frontal nudity"
THE ART OF GENNADIY KOUFAY: HEATWAVE,SQP,,,"Title 15, Section 3006(c)(17) – frontal nudity"
THE ART OF INVISIBILITY,Kevin Mitnick,,,"Title 15, Section 3006(c)(9) – illustrations, explanations, and/or descriptions of how to sabotage or disrupt computers, communications, or electronics"
THE ART OF JOSE CANO A PASSION FOR PIN-UPS!,Jose Cano,,,"Title 15, Section 3006(c)(17) – frontal nudity"
THE ART OF JOSE DEL NIDO: DEADLY SEDUCTIONS,Jose del Nido,,,"Title 15, Section 3006(c)(17) – frontal nudity"
THE ART OF METAL,Malcolm Dome / Martin Popoff,,,"Title 15, Section 3006(c)(17) – frontal nudity"
THE ART OF PAINTED COMICS (2016),"Chris Lawrence, Silvia Califano and Alex Ross",,,"Title 15, Section 3006(c)(16) – sexually explicit images"
THE ART OF PELAEZ (2006),Pelaez,,,"Title 15, Section 3006(c)(16) – sexually explicit images"
"THE ART OF PETE TAPANG, THE DEVIL YOU KNOW (2013)",Pete Tapang,,,"Title 15, Section 3006(c)(17) – frontal nudity"
THE ART OF PINTURERO,,,,"Title 15, Section 3006(c)(17) – frontal nudity"
THE ART OF ROCA: VOLUME ONE,SQP,,,"Title 15, Section 3006(c)(17) – frontal nudity"
THE ART OF SEDUCTION (2002),Robert Greene,,,"Title 15, Section 3006(d) – presents a serious threat to facility security or the safety of incarcerated"
THE ART OF SEDUCTION (2003),Robert Greene,,,"Title 15, Section 3006(d) – presents a serious threat to facility security or the safety of incarcerated"
THE ART OF SEXUAL ECSTACY,BBPD,,,"Title 15, Section 3006(c)(17) – frontal nudity"
"THE ART OF SEXUALITY, LEARN THE CODE TO OPEN THE SAFE, BY DR. JULIA SARNO (2024)",Dr. Julia Sarno,,,"Title 15, Section 3006(c)(15)(A) – lacks serious literary, artistic, political or scientific value"
THE ART OF SEXY BY SHOW,ShowGirlzExclusive.co m,,,"Title 15, Section 3006(c)(17) – frontal nudity"
THE ART OF SHAOLIN KUNG FU,Wong Kiew Kit,,,"Title 15, Section 3006(d) – presents a serious threat to facility security or the safety of incarcerated persons and staff"
THE ART OF SIN CITY,Frank Miller,,,"Title 15, Section 3006(c)(17) – frontal nudity"
"THE ART OF SOCIAL ENGINEERING, UNCOVER THE SECRETS BEHIND THE HUMAN DYNAMICS IN CYBERSECURITY (2020)",Cesar Bravo and Desilda Toska,,,"Title 15, Section 3006(d) – presents a serious threat to facility security or the safety of incarcerated"
"THE ART OF STEPHEN HICKMAN, EMPYREAN",Stephen Hickman,,,"Title 15, Section 3006(c)(15)(A) – lacks serious literary, artistic, political or scientific value"
THE ART OF THE MYTHICAL WOMEN: LUCID DREAMS,Scott Grimando,,,"Title 15, Section 3006(c)(15)(A) – lacks serious literary, artistic, political or scientific value"
"THE ART OF THE PIMP, ONE MAN’S SEARCH FO LOVE, SEX AND MONEY",Dennis Hof,,,"Title 15, Section 3006(c)(17) – frontal nudity"
THE ART OF THE QUICKIE,Joel D. Block,,,"Title 15, Section 3006(c)(17) – frontal nudity"
"THE ART OF WAR: A MEMOIR OF LIFE IN PRISON WITH MAFIA, SERIAL KILLERS AND SEX OFFENDERS WHO GET STABBED, LIFE IN LOCKDOWN #3",Greg Langohr,,,"Title 15, Section 3006(d) – presents a serious threat to facility security or the safety of incarcerated persons and staff"
"THE ASHES & THE STAR-CURSED KING, CROWNS OF NYAXIA 2 (2023)",Carissa Broadbent,,,"Title 15, Section 3006(c)(15)(A) – lacks serious literary, artistic, political or scientific value"
THE AUTOBIOGRAPHY OF A FLEA,Mint Editions,,,"Title 15, Section 3006(c)(15)(A) – lacks serious literary, artistic, political or scientific value"
THE AWESOME GUIDE TO LIFE (2014),Jason Ellis,,,"Title 15, Section 3006(c)(15)(A) – lacks serious literary, artistic, political or scientific value"
THE BABY JESUS BUTT PLUG,Carlton Mellick III,,,"Title 15, Section 3006(c)(15)(A) – lacks serious literary, artistic, political or scientific value"
"THE BACKWOODSMAN, MAY-JUNE 2021, VOLUME 42, ISSUE 3",,,periodical,"Title 15, Section 3006(c)(8) – a description of the making of any weapon, explosive, poison or destructive device"
"THE BACKWOODSMAN, MAY-JUNE 2022, VOLUME 43, NUMBER 3",,,,"Title 15, Section 3006(d) – presents a serious threat to facility security or the safety of incarcerated persons and staff"
"THE BACKWOODSMAN, NOVEMBER- DECEMBER 2021, VOLUME 42, NUMBER 6",,,,"Title 15, Section 3006(d) – presents a serious threat to facility security or the safety of incarcerated persons and staff"
"THE BACKWOODSMAN, SEPTEMBER-OCTOBER 2021, VOLUME 42",,,,"Title 15, Section 3006(c)(1) – violence or physical harm"
THE BARE-KNUCKLE BOXER’S COMPANION: LEARNING HOW TO HIT HARD AND TRAIN TOUGH FROM THE EARLY BOXING MASTERS,"David Lindholm/Paladin Enterprises, Inc.",,,"Title 15, Section 3006(d) – presents a serious threat to facility security or the safety of incarcerated persons and staff"
THE BASEMENT,RJ Parker,,,"Title 15, Section 3006(c)(15)(C)(5) – conduct which is or appears to be forceful, threatening or violent"
THE BASIC FUNDAMENTALS OF THE GAME,Maurice Vasquez,,,"Title 15, Section 3006(c)(19) – STG members or associates"
"THE BEAUTY, VOLUME 1",Jeremy Haun,,periodical,"Title 15, Section 3006(c)(17) – frontal nudity"
"THE BEAUTY, VOLUME 2",Jeremy Haun,,periodical,"Title 15, Section 3006(c)(17) – frontal nudity"
THE BEDWETTER,Sarah Silverman,,,"Title 15, Section 3006(c)(17) – frontal nudity"
THE BEST OF THE TOTAL OUTDOORSMAN,Field & Stream,,,"Title 15, Section 3006(d) – presents a serious threat to facility security or the safety of incarcerated persons and staff"
"THE BEST ORAL SEX EVER, HIS GUIDE TO GOING DOWN",Yvonne K. Fulbright,,,"Title 15, Section 3006(c)(15)(A) – lacks serious literary, artistic, political or scientific value"
THE BETTER MAN PROJECT,Bill Phillips,,,"Title 15, Section 3006(c)(15)(A) – lacks serious literary, artistic, political or scientific value"
THE BIBLE OF DARK PSYCHOLOGY (2024),Halbert Ward,,,"Title 15, Section 3006(d) – presents a serious threat to facility security or the safety of incarcerated"
THE BIG BOOK OF DRAWING,Watson-Guptill,,,"Title 15, Section 3006(c)(17) – frontal nudity"
THE BIG BOOK OF THE HUMAN FIGURE,Gabriel M. Roig,,,"Title 15, Section 3006(c)(17) – frontal nudity"
THE BIOGRAPHY OF TED BUNDY,Mark Sullivan,,,"Title 15, Section 3006(c)(15)(C)(5) – conduct which is or appears to be forceful, threatening or violent"
"THE BLACK BOOK, VOL. 2",Doll,,,"Title 15, Section 3006(c)(15)(A) – lacks serious literary, artistic, political or scientific value"
"THE BLACK BOOK, VOLUME 1",Doll,,periodical,"Title 15, Section 3006(c)(15)(A) – lacks serious literary, artistic, political or scientific value"
THE BLACK HAND,Chris Blatchford,,,"Title 15, Section 3006(d) – presents a serious threat to facility security or the safety of incarcerated persons and staff"
"THE BLACK SCIENCE, ANCIENT AND MODERN TECHNIQUES OF NINJA MIND MANIPULATION (2001)",Dr. Haha Lung and Christopher B. Prowant,,,"Title 15, Section 3006(d) – presents a serious threat to facility security or the safety of incarcerated"
THE BLIND MAN OF SEVILLE (2004),Robert Wilson,,,"Title 15, Section 3006(c)(1) – violence or physical harm"
THE BODY COUNT (2017),Lawless,,,"Title 15, Section 3006(c)(1) – violence or physical harm"
THE BODY FAMILY (2022),Hope Wabuke,,,"Title 15, Section 3006(c)(1) – violence or physical harm"
THE BOOK OF FIVE RINGS (1993),Miyamoto Musashi,,,"Title 15, Section 3006(d) – presents a serious threat to facility security or the safety of incarcerated"
THE BOOK OF MASSAGE: THE COMPLETE STEP-BY STEP GUIDE TO EASTERN AND WESTERN TECHNIQUES,Lucinda Lidell,,,"Title 15, Section 3006(c)(17) – frontal nudity"
"THE BOOK OF MEN, EIGHTY WRITERS ON HOW TO BE A MAN (2013)",Colum McCann,,,"Title 15, Section 3006(c)(15)(A) – lacks serious literary, artistic, political or scientific value"
THE BOOK OF THE GENTALE TASADAY,David R. Godine,,,"Title 15, Section 3006(c)(17) – frontal nudity"
THE BORDER,Don Winslow,,,"Title 15, Section 3006(c)(15)(C)(5) – conduct which is or appears to be forceful, threatening or violent"
THE BOSS MAN’S DAUGHTER’S,Aryanna,,,"Title 15, Section 3006(c)(15)(C)(5) – conduct which is or appears to be forceful, threatening or violent"
"THE BOSS MAN’S DAUGHTER’S II, FEEL MY WRATH",Aryanna,,,"Title 15, Section 3006(c)(15)(C)(5) – conduct which is or appears to be forceful, threatening or violent"
"THE BOSS MAN’S DAUGHTERS III, QUEENS OF DESTRUCTION",Aryanna,,,"Title 15, Section 3006(c)(15)(C)(5) – conduct which is or appears to be forceful, threatening or violent"
"THE BOSS MAN’S DAUGHTERS IV, THE KILLING SEASON",Aryanna,,,"Title 15, Section 3006(c)(15)(C)(5) – conduct which is or appears to be forceful, threatening or violent"
THE BOTTOM LINE,Terrence Higgins Trust,,,"Title 15, Section 3006(c)(15)(A) – lacks serious literary, artistic, political or scientific value"
THE BOYS OMNIBUS VOLUME 2,,,periodical,"Title 15, Section 3006(c)(17) – frontal nudity"
"THE BOYS OMNIBUS, VOLUME 1",Garth Ennis and Darick Robertson,,periodical,"Title 15, Section 3006(c)(17) – frontal nudity"
"THE BOYS OMNIBUS, VOLUME 3",Garth Ennis and Darick Robertson,,periodical,"Title 15, Section 3006(c)(17) – frontal nudity"
"THE BOYS OMNIBUS, VOLUME 4",Garth Ennis and Darick Robertson,,periodical,"Title 15, Section 3006(c)(17) – frontal nudity"
"THE BOYS, VOLUME 4, WE GOTTA GO NOW (2009)",,,periodical,"Title 15, Section 3006(c)(16) – sexually explicit images"
"THE BUTCHER, ANATOMY OF A MAFIA PSYCHOPATH",Philip Carlo,,,"Title 15, Section 3006(c)(15)(A) – lacks serious literary, artistic, political or scientific value"
THE BUTCHER’S WIFE (2022),RJ Law,,,"Title 15, Section 3006(c)(1) – violence or physical harm"
THE BUTTERFLY GARDEN (2016),Dot Hutchison,,,"Title 15, Section 3006(c)(1) – violence or physical harm"
THE BUTTERWATERS CATALOGS 1 & 2 (V.2),,,,"Title 15, Section 3006(c)(17) – frontal nudity"
THE BUTTERWATER’S WHITE PAGES CATALOG 3 VOL. 2,,,,"Title 15, Section 3006(c)(15)(A) – lacks serious literary, artistic, political or scientific value"
"THE BUTTERWATERS, WHITE PAGES, CATALOG 1",,,,"Title 15, Section 3006(c)(15)(A) – lacks serious literary, artistic, political or scientific value"
THE CANNABIS DICTIONARY,Alex Halperin,,,"Title 15, Section 3006(d) – presents a serious threat to facility security or the safety of incarcerated persons and staff"
THE CANNABIS ENCYCLOPEDIA,Jorge Cervantes,,,"Title 15, Section 3006(d) – presents a serious threat to facility security or the safety of incarcerated persons and staff"
THE CANNABIS ENCYCLOPEDIA,Jorge Cervantes,,,"Title 15, Section 3006(d) – presents a serious threat to facility security or the safety of incarcerated persons and staff"
THE CANNABIS GROW BIBLE,Greg Green,,,"Title 15, Section 3006(d) – presents a serious threat to facility security or the safety of incarcerated persons and staff"
THE CARTEL,Don Winslow,,,"Title 15, Section 3006(c)(15)(C)(5) – conduct which is or appears to be forceful, threatening or violent"
THE CARTEL 1,Ashley and JaQuavis,,,"Title 15, Section 3006(c)(15)(C)(5) – conduct which is or appears to be forceful, threatening or violent"
"THE CARTEL 2, TALE OF THE MURDA MAMAS",Ashley and JaQuavis,,,"Title 15, Section 3006(c)(15)(C)(5) – conduct which is or appears to be forceful, threatening or violent"
"THE CARTEL 3, THE LAST CHAPTER",Ashley & JaQuavis,,,"Title 15, Section 3006(c)(15)(C)(5) – conduct which is or appears to be forceful, threatening or violent"
"THE CARTEL 4, DIAMONDS ARE FOREVER",Ashley and JaQuavis,,,"Title 15, Section 3006(c)(15)(C)(5) – conduct which is or appears to be forceful, threatening or violent"
"THE CARTEL 5, LA BELLA MAFIA",Ashley and JaQuavis,,,"Title 15, Section 3006(c)(15)(C)(5) – conduct which is or appears to be forceful, threatening or violent"
"THE CARTEL 6, THE DEMISE",Ashley & JaQuavis,,,"Title 15, Section 3006(c)(15)(C)(5) – conduct which is or appears to be forceful, threatening or violent"
"THE CARTEL 7, ALUMINATI ROUNDTABLE OF BOSSES",Ashley & JaQuavis,,,"Title 15, Section 3006(c)(15)(C)(5) – conduct which is or appears to be forceful, threatening or violent"
"THE CARTEL DELUXE EDITION, BOOKS 1-3",Ashley & JaQuavis,,,"Title 15, Section 3006(c)(15)(A) – lacks serious literary, artistic, political or scientific value"
"THE CARTEL DELUXE EDITION, PART 2, BOOKS 4 AND 5",Ashley & JaQuavis,,,"Title 15, Section 3006(c)(15)(A) – lacks serious literary, artistic, political or scientific value"
THE CHOSEN (2017),J.R. Ward,,,"Title 15, Section 3006(c)(15)(A) – lacks serious literary, artistic, political or scientific value"
"THE CITY OF MIRRORS, A NOVEL (2017)",Justin Cronin,,,"Title 15, Section 3006(c)(1) – violence or physical harm"
THE CLAIMING OF SLEEPING BEAUTY,Anne Rice,,,"Title 15, Section 3006(d) – presents a serious threat to facility security or the safety of incarcerated persons and staff"
THE CLUB (2016),A.L. Brook,,,"Title 15, Section 3006(c)(15)(A) – lacks serious literary, artistic, political or scientific value"
THE COCAINE PRINCESS 2 (2022),King Rio,,,"Title 15, Section 3006(c)(1) – violence or physical harm"
THE CODE BOOK,Simon Singh,,,"Title 15, Section 3006(d) – presents a serious threat to facility security or the safety of incarcerated persons and staff"
"THE COLDEST WINTER EVER, A NOVEL(2005)",Sister Souljah,,,"Title 15, Section 3006(c)(15)(A) – lacks serious literary, artistic, political or scientific value"
THE COLOR ATLAS OF HUMAN ANATOMY,Wolf-Heidegger&Petra Kopf-Maier,,,"Title 15, Section 3006(c)(15)(A) – lacks serious literary, artistic, political or scientific value"
THE COME AS YOU ARE WORKBOOK,Emily Nagoski,,,"Title 15, Section 3006(c)(17) – frontal nudity"
"THE COMPLETE AND AUTHORITATIVE GUIDE: CARING FOR YOUR BABY AND YOUNG CHILD, BIRTH TO AGE 5",Steven P. Shelov/Robert E. Hannemann,,,"Title 15, Section 3006(c)(17) – frontal nudity"
"THE COMPLETE BOOK OF SHALON, BY KIEW WONG (2006)",Wong Kiew Kit,,,"Title 15, Section 3006(d) – presents a serious threat to facility security or the safety of incarcerated"
THE COMPLETE BOOK OF TAI CHI CHUAN,Wong Kiew Kit,,,"Title 15, Section 3006(d) – presents a serious threat to facility security or the safety of and staff"
"THE COMPLETE GUIDE TO DRAWING ACTION MANGA, A STEP-BY- STEP ARTIST’S HANDBOOK (2019)",Shoco and Makoto Sawa,,,"Title 15, Section 3006(d) – presents a serious threat to facility security or the safety of incarcerated"
"THE COMPLETE GUIDE TO HUNTING, BUTCHERING, AND COOKING WILD GAME, SMALL GAME AND FOWL, VOLUME 2",,,periodical,"Title 15, Section 3006(c)(8) – a description of the making of any weapon, explosive, poison or destructive device"
THE COMPLETE GUIDE TO NAVY SEAL FITNESS THE COMPLETE GUIDE TO SPORTS BETTING (2017),Stewart Smith Kevin Dolan,,,"Title 15, Section 3006(d) – presents a serious threat to facility security or the safety of incarcerated persons and staff CCR, Title 15, 3006(c) (13) – contains or concerns gambling or a lottery."
THE COMPLETE HISTORY OF JACK THE RIPPER (2002),Philip Sugden,,,"Title 15, Section 3006(c)(1) – violence or physical harm"
THE COMPLETE IDIOT’S GUIDE TO T’AI CHI & QIGONG,Bill Douglas,,,"Title 15, Section 3006(d) – presents a serious threat to facility security or the safety of incarcerated persons and staff"
THE COMPLETE IDIOT’S GUIDE TO THE MAFIA (2002),Jerry Capeci,,,"Title 15, Section 3006(c)(19) – STG members or associates"
THE COMPLETE ILLUSTRATED KAMA SUTRA (2003),Lance Dane,,,"Title 15, Section 3006(c)(16) – sexually explicit images"
THE COMPLETE MUSHAHI,Graham Sayer,,,"Title 15, Section 3006(c)(17) – frontal nudity"
THE COMPLETE PHOTO GUIDE TO GREAT SEX,Quiver Books,,,"Title 15, Section 3006(c)(17) – frontal nudity"
THE CONCISE ART OF SEDUCTION (2003),Robert Greene,,,"Title 15, Section 3006(d) – presents a serious threat to facility security or the safety of incarcerated"
THE CONCRETE BLONDE (2014),Michael Connelly,,,"Title 15, Section 3006(c)(1) – violence or physical harm"
THE CONDITIONS OF PARADISE,Akiko Morishima,,,"Title 15, Section 3006(c)(15)(A) – lacks serious literary, artistic, political or scientific value"
THE CONFESSIONS OF SISTER JACQUELINE,Cornnel Clarke,,,"Title 15, Section 3006(c)(17) – frontal nudity"
"THE CONNECTION BRIDGE CATALOG, ISSUE NUMBER 2",,,periodical,"Title 15, Section 3006(c)(15)(A) – lacks serious literary, artistic, political or scientific value"
THE CONNECTION BRIDGE TRIPLE X ISSUE,Ron Peceira,,periodical,"Title 15, Section 3006(c)(15)(A) – lacks serious literary, artistic, political or scientific value"
THE CONTEMPORARY ART BOOK,Charlotte Bonham- Carter/David Hodge,,,"Title 15, Section 3006(c)(17) – frontal nudity"
"THE CORPORATION, AN EPIC STORY OF THE CUBAN AMERICAN UNDERWORLD",T.J. English,,,"Title 15, Section 3006(c)(15)(C)(5) – conduct which is or appears to be forceful, threatening or violent"
THE COSMIC TRIBE TAROT,Stevee Postman,,,"Title 15, Section 3006(c)(17) – frontal nudity"
THE CREEPING BELOW (2024),Brian Azzarello,,,"Title 15, Section 3006(c)(1) – violence or physical harm"
"THE CRIME ISSUE MAGAZINE, ART NEWS, SUMMER 2016 ISSUE",,,periodical,"Title 15, Section 3006(c)(17) – frontal nudity"
THE CRIME OF THE CENTURY,Dennis L. Breo and William J. Martin,,,"Title 15, Section 3006(c)(15)(C)(5) – conduct which is or appears to be forceful, threatening or violent"
THE CRIPPLED GOD (2012),Steven Erikson,,,"Title 15, Section 3006(c)(1) – violence or physical harm"
THE CROW,James O’Barr,,,"Title 15, Section 3006(c)(17) – frontal nudity"
THE CRUSADES BOOK 1 KNIGHT,,,,"Title 15, Section 3006(c)(17) – frontal nudity"
"THE DANAHER DIARIES, OVER 100 OF JOHN DANAHER’S MUSINGS ON JIU- JITSU, KAIZEN, TRAINING, AND LIVING",Heroes of the Art,,,"Title 15, Section 3006(d) – presents a serious threat to facility security or the safety of incarcerated persons and staff"
THE DANGEROUS BOOK FOR BOYS,Hal Iggulden,,,"Title 15, Section 3006(d) – presents a serious threat to facility security or the safety of incarcerated persons and staff"
THE DARK ART OF TONY MAURO,"Art Fantastix/SQP, Inc.",,,"Title 15, Section 3006(c)(17) – frontal nudity"
THE DARK HEART OF CINEMA FRIGHTFEST,Alan Jones,,,"Title 15, Section 3006(c)(17) – frontal nudity"
THE DARK HISTORY OF THE OCCULT,Paul Roland,,,"Title 15, Section 3006(c)(17) – frontal nudity"
THE DAVE NESTLER SKETCHBOOK; VOLUME TWO,Dave Nestler,,,"Title 15, Section 3006(c)(17) – frontal nudity"
THE DAY STREETS STOOD STILL,JaQuavis Coleman,,,"Title 15, Section 3006(c)(15)(C)(5) – conduct which is or appears to be forceful, threatening or violent"
THE DECEPTIVE HANDS OF WING CHUN,Sifu Douglas Wong,,,"Title 15, Section 3006(d) – presents a serious threat to facility security or the safety of incarcerated persons and staff"
THE DEFINITIVE BIOGRAPHY OF ADOLF HITLER,John Toland,,,"Title 15, Section 3006(c)(17) – frontal nudity"
"THE DEPARTMENT OF TRUTH VOLUME 2, THE CITY UPON A HILL (2021)",James Tynion and Martin Simmonds,,periodical,"Title 15, Section 3006(c)(1) – violence or physical harm"
"THE DEPARTMENT OF TRUTH VOLUME 3, FREE COUNTRY (2022)","James Tynion IV, Elsa Charretier, Tyler Boss and Martin Simmonds",,periodical,"Title 15, Section 3006(c)(16) – sexually explicit images"
"THE DEPARTMENT OF TRUTH VOLUME 4, THE MINISTRY OF LIES (2022)",James Tynion IV and Martin Simmonds,,periodical,"Title 15, Section 3006(c)(19) – STG members or associates"
"THE DEVIL’S BUTCHER SHOP, THE NEW MEXICO PRISON UPRISING",Roger Morris,,,"Title 15, Section 3006(d) – presents a serious threat to facility security or the safety of incarcerated persons and staff"
"THE DEVIL’S HAND, A THRILLER (2023)",Jack Carr,,,"Title 15, Section 3006(c)(1) – violence or physical harm"
THE DEVIL’S RIDERS REAPER,Parker Daniels,,,"Title 15, Section 3006(c)(15)(A) – lacks serious literary, artistic, political or scientific value"
THE DIAMOND EMPIRE,K’Wan,,,"Title 15, Section 3006(c)(15)(C)(5) – conduct which is or appears to be forceful, threatening or violent"
THE DIRTY MOTLEY CRUE,Tommy Lee and VInc.e Neil,,,"Title 15, Section 3006(c)(17) – frontal nudity"
"THE DOMINANCE PLAYBOOK, WAYS TO PLAY WITH POWER IN SCENES AND RELATIONSHIPS (2019)",Anton Fulmen,,,"Title 15, Section 3006(c)(15)(A) – lacks serious literary, artistic, political or scientific value"
THE DOPEFIEND,JaQuavis Coleman,,,"Title 15, Section 3006(c)(15)(C)(5) – conduct which is or appears to be forceful, threatening or violent"
"THE DOPEMAN, MEMOIRS OF A SNITCH",JaQuavis Coleman,,,"Title 15, Section 3006(c)(15)(C)(5) – conduct which is or appears to be forceful, threatening or violent"
THE DOPEMAN’S WIFE,JaQuavis Coleman,,,"Title 15, Section 3006(c)(15)(C)(5) – conduct which is or appears to be forceful, threatening or violent"
THE DRAGONS OF EDEN,Carl Sagan,,,"Title 15, Section 3006(c)(17) – frontal nudity"
THE DRAWING BIBLE,Craig Nelson,,,"Title 15, Section 3006(c)(17) – frontal nudity"
"THE DROP, A HARRY BOSCH NOVEL, 15 (2019)",Michael Connelly,,,"Title 15, Section 3006(c)(1) – violence or physical harm"
"THE E SERIES CATALOG, FETISH MIX 1, BONDAGE AND DIAPERS",,,,"Title 15, Section 3006(c)(15)(A) – lacks serious literary, artistic, political or scientific value"
THE EARLY PHOTOGRAPHS OF BETTIE PAGE,Jack Faragasso,,,"Title 15, Section 3006(c)(15)(A) – lacks serious literary, artistic, political or scientific value"
THE ED GEIN CHRONICLES (2024),Scott Bowser,,,"Title 15, Section 3006(c)(1) – violence or physical harm"
THE EMASCULATION PROJECT (2020),Grace Mansfield,,,"Title 15, Section 3006(c)(15)(A) – lacks serious literary, artistic, political or scientific value"
THE ENCYCLOPEDIA OF MAGIC & WITCHCRAFT,Susan Greenwood,,,"Title 15, Section 3006(c)(15)(A) – lacks serious literary, artistic, political or scientific value"
"THE ENCYCLOPEDIA OF SERIAL KILLERS, SECOND EDITION",Michael Newton,,,"Title 15, Section 3006(c)(1) – violence or physical harm"
"THE ENERGETIC LINE, IN FIGURE DRAWING",Alon Bement,,,"Title 15, Section 3006(c)(15)(C)(3) – contains or concerns of nudity of a minor, or person who appears to be under 18 years old."
"THE ENFORCER, SPILOTRA, THE CHICAGO MOB’S MAN OVER LAS VEGAS (1995)",William F. Roemer Jr.,,,"Title 15, Section 3006(c)(19) – STG members or associates"
THE ENLIGHTENED SEX MANUAL (2007),David Deida,,,"Title 15, Section 3006(c)(15)(A) – lacks serious literary, artistic, political or scientific value"
THE EPIC OF GILGAMESH,Kent H. Dixon,,,"Title 15, Section 3006(c)(17) – frontal nudity"
THE EROTIC COLORING BOOK,Michael Winner,,,"Title 15, Section 3006(c)(17) – frontal nudity"
THE EROTIC SENTIMENT,Nik Douglas and Penny Slinger,,,"Title 15, Section 3006(c)(17) – frontal nudity"
"THE ESSENCE OF T’AI CHI CH’UAN, THE LITERARY TRADITION (1979)",Various Authors,,,"Title 15, Section 3006(d) – presents a serious threat to facility security or the safety of incarcerated"
THE EVERYTHING GUIDE TO SPORTS BETTING (2019),Josh Appelbaum,,,"Title 15, Section 3006(d) – presents a serious threat to facility security or the safety of incarcerated"
THE EX FACTOR (2013),Tu-Shonda Whitaker,,,"Title 15, Section 3006(c)(16) – sexually explicit images"
THE FABULOUS WOMEN OF BORIS VALLEJO AND JULIE BELL,Edward R. Hamilton Bookseller Company,,,"Title 15, Section 3006(c)(17) – frontal nudity"
THE FAIRY BIBLE,,,,"Title 15, Section 3006(c)(17) – frontal nudity"
THE FAMILY BUSINESS (2013),Carl Weber & Eric Pete,,,"Title 15, Section 3006(c)(15)(A) – lacks serious literary, artistic, political or scientific value"
THE FAMILY BUSINESS 2 (2015),Carl Weber,,,"Title 15, Section 3006(c)(15)(A) – lacks serious literary, artistic, political or scientific value"
"THE FAMILY BUSINESS 7, NEW ORLEANS (2024)",Carl Weber,,,"Title 15, Section 3006(c)(15)(A) – lacks serious literary, artistic, political or scientific value"
THE FANTASY ART OF CALANDRA,,,,"Title 15, Section 3006(c)(17) – frontal nudity"
THE FANTASY TATTOO SOURCEBOOK: OVER 500 IMAGES FOR BODY DECORATIONS,Carlton Books Limited,,,"Title 15, Section 3006(c)(17) – frontal nudity"
THE FIERY CROSS (2014),Diana Gabaldon,,,"Title 15, Section 3006(c)(15)(A) – lacks serious literary, artistic, political or scientific value"
THE FIGURE,Walt Reed,,,"Title 15, Section 3006(c)(17) – frontal nudity"
THE FINAL TOUCHDOWN (2024),Bryant Filer,,,"Title 15, Section 3006(c)(15)(A) – lacks serious literary, artistic, political or scientific value"
"THE FIRST FAMILY, TERROR EXTORTION AND THE BIRTH OF THE AMERICAN MAFIA",Mike Dash,,,"Title 15, Section 3006(c)(15)(C)(5) – conduct which is or appears to be forceful, threatening or violent"
"THE FIRST KINGDOM: THE BIRTH OF TUNDRAN, VOLUME 1",Jack Katz,,periodical,"Title 15, Section 3006(c)(17) – frontal nudity"
THE FIRST TENS YEARS – NERVE,Nerve.com Editors,,,"Title 15, Section 3006(c)(17) – frontal nudity"
THE FLIPPER ZERO BIBLE (2025),Gareth Holbrook,,,"Title 15, Section 3006(d) – presents a serious threat to facility security or the safety of incarcerated"
THE FORGOTTEN LEGION,Ben Kane,,,"Title 15, Section 3006(c)(15)(C)(5) – conduct which is or appears to be forceful, threatening or violent"
"THE FOUNTAIN, A GRAPHIC NOVEL",Darren Aronofsky,,,"Title 15, Section 3006(c)(17) – frontal nudity"
"THE FULL STORY OF XXXTENTACION, XXXTENTACION’S CONTROVERSIAL CAREER (2026)",Larbi Aboudi,,,"Title 15, Section 3006(c)(1) – violence or physical harm"
THE FUNDAMENTALS OF DRAWING PORTRAITS: A PRACTICAL AND INSPIRATIONAL COURSE,Barrington Barber,,,"Title 15, Section 3006(c)(17) – frontal nudity"
"THE FUNDAMENTALS OF DRAWING, A PRACTICAL AND INSPIRATIONAL COURSE",Barrington Barber,,,"Title 15, Section 3006(c)(15)(C)(3) – contains or concerns of nudity of a minor, or person who appears to be under 18 years old."
THE FUTURE OF EROTIC FANTASY ART,Paul Peart-Smith,,,"Title 15, Section 3006(c)(17) – frontal nudity"
THE GAME (2006),Neil Strauss,,,"Title 15, Section 3006(c)(15)(A) – lacks serious literary, artistic, political or scientific value"
THE GAME IS TO BE SOLD NOT TOLD,Guzman,,,"Title 15, Section 3006(c)(17) – frontal nudity"
"THE GANGBANGER’S DICTIONARY, ONE HUNDRED AND EIGHTY SEVEN THINGS YOU BETTER KNOW BEFORE YOU JOIN A GANG",Derek Grover,,,"Title 15, Section 3006(d) – presents a serious threat to facility security or the safety of incarcerated persons and staff"
THE GANZ,Steven Guarnaccia,,,"Title 15, Section 3006(c)(17) – frontal nudity"
THE GAY ADVENTURES OF CAPTAIN GOOSE,,,,"Title 15, Section 3006(c)(15)(A) – lacks serious literary, artistic, political or scientific value"
THE GEORGE KUCHAR READER,George Kuchar and Andrew Lampert,,,"Title 15, Section 3006(c)(17) – frontal nudity"
"THE GIRL FROM H.O.P.P.E.R.S., A LOVE AND ROCKET BOOK",Jaime Hernandez,,,"Title 15, Section 3006(c)(17) – frontal nudity"
THE GIRL IN THE MOON (2019),Terry Goodkind,,,"Title 15, Section 3006(c)(1) – violence or physical harm"
"THE GIRL WHO PLAYED WITH FIRE, MILLENNIUM #2.1 (2017)",Sylvain Runberg,,,"Title 15, Section 3006(c)(16) – sexually explicit images"
"THE GIRL WITH THE DRAGON TATTOO BOOK 1, GRAPHIC NOVEL",Stieg Larsson,,,"Title 15, Section 3006(c)(15)(A) – lacks serious literary, artistic, political or scientific value"
THE GODFATHER (2024),Mario Puzo,,,"Title 15, Section 3006(c)(1) – violence or physical harm"
THE GOTTI WARS (2022),John Gleeson,,,"Title 15, Section 3006(c)(19) – STG members or associates"
"THE GRAPHIC CANON, VOLUME 3",Russ Kick,,periodical,"Title 15, Section 3006(c)(17) – frontal nudity"
THE GREAT AND SECRET SHOW,Clive Barker,,,"Title 15, Section 3006(c)(17) – frontal nudity"
THE GREEN ROSE (2015),Clarke Lowe and Eugene L. Weems,,,"Title 15, Section 3006(c)(15)(A) – lacks serious literary, artistic, political or scientific value"
THE GREEN WALL; BREAKING DOWN THE WALL OF SILENCE,D.J. Vodicka,,,"Title 15, Section 3006(c)(19) – STG members or associates"
THE GUIDE TO GETTING IT ON,Paul Joannides,,,"Title 15, Section 3006(c)(17) – frontal nudity"
"THE GULAG ARCHIPELAGO, VOLUME 1, AN EXPERIMENT IN LITERARY INVESTIGATION (2007)",Aleksandr I. Solzhenitsyn,,periodical,"Title 15, Section 3006(c)(1) – violence or physical harm"
THE HACKERS PLAYBOOK,Peter Kim,,,"Title 15, Section 3006(d) – presents a serious threat to facility security or the safety of incarcerated persons and staff"
THE HALO EFFECT (2005),M.J. Rose,,,"Title 15, Section 3006(c)(15)(A) – lacks serious literary, artistic, political or scientific value"
THE HAND MAID’S TALE,Margaret Atwood,,,"Title 15, Section 3006(c)(15)(A) – lacks serious literary, artistic, political or scientific value"
THE HANDY CHEMISTRY ANSWER BOOK,Ian C. Stewart & Justin Lomont,,,"Title 15, Section 3006(d) – presents a serious threat to facility security or the safety of incarcerated persons and staff"
THE HAPPY FACE KILLER (2008),Jack Olsen,,,"Title 15, Section 3006(c)(1) – violence or physical harm"
"THE HATE FACTORY, REVISED EDITION",G. Hirliman,,,"Title 15, Section 3006(d) – presents a serious threat to facility security or the safety of incarcerated persons and staff"
"THE HEART OF A GANGSTA, WHEN LOYALTY AIN’T ENOUGH",Jerry Jackson,,,"Title 15, Section 3006(c)(15)(C)(5) – conduct which is or appears to be forceful, threatening or violent"
THE HEART OF TANTRIC SEX A UNIQUE GUIDE TO LOVE AND SEXUAL FULFILLMENT,Diana Richardson,,,"Title 15, Section 3006(c)(17) – frontal nudity"
"THE HEMP AND CANNABIS HORTICULTURE, GROW, VOL. 7, ISSUE 2",,,periodical,"Title 15, Section 3006(d) – presents a serious threat to facility security or the safety of incarcerated persons and staff"
"THE HERITAGE OF WORLD CIVILIZATIONS, NINTH EDITION",,,,"Title 15, Section 3006(c)(17) – frontal nudity"
"THE HERITAGE OF WORLD CIVILIZATIONS, VOLUME 1, EIGHTH EDITION",,,periodical,"Title 15, Section 3006(c)(17) – frontal nudity"
"THE HISTORY OF GANGS, ONCE YOU’RE IN, YOU’RE IN FOR LIFE (2024)",Future Publishing Ltd,,,"Title 15, Section 3006(c)(19) – STG members or associates"
THE HISTORY OF NUESTRA FAMILIA,Gabe Morales,,,"Title 15, Section 3006(c)(19) – STG members or associates"
THE HISTORY OF THE ARYAN BROTHERHOOD,Gabe Morales,,,"Title 15, Section 3006(c)(19) – STG members or associates"
THE HISTORY OF THE MEXICAN MAFIA (LA EME) (2020),Gabe Morales,,,"Title 15, Section 3006(c)(19) – STG members or associates"
THE HISTORY OF WITCHCRAFT AND DEMONOLOGY,Montague Summers,,,"Title 15, Section 3006(c)(17) – frontal nudity"
"THE HOLLAND FAMILY SAGA PART ONE, THEY DON’T MIND DYING (2012)",Clever Black,,,"Title 15, Section 3006(c)(15)(A) – lacks serious literary, artistic, political or scientific value"
"THE HOLLAND FAMILY SAGA PART THREE, SAMANTHA’S STORY (2013)",Clever Black,,,"Title 15, Section 3006(c)(15)(A) – lacks serious literary, artistic, political or scientific value"
"THE HOLLAND FAMILY SAGA PART TWO, UNDYING LOVE (2013)",Clever Black,,,"Title 15, Section 3006(c)(15)(B)(3) – conduct which is or appears to be forceful, threatening or violent"
"THE HOOD HEALTH HANDBOOK, VOLUME ONE",Dick Gregory,,,"Title 15, Section 3006(d) – presents a serious threat to facility security or the safety of incarcerated persons and staff"
THE HOT BOX,,,,"Title 15, Section 3006(c)(15)(A) – lacks serious literary, artistic, political or scientific value"
"THE HOT GIFT, EXPLICIT SEX STORIES, VOLUME 1",Corinne Smith,,periodical,"Title 15, Section 3006(c)(15)(A) – lacks serious literary, artistic, political or scientific value"
"THE HOT HOUSE, LIFE INSIDE LEAVENWORTH PRISON (1992)",Pete Early,,,"Title 15, Section 3006(c)(15)(C)(5) – conduct which is or appears to be forceful, threatening or violent"
THE HOUSEMAID’S SECRET (2025),Freida McFadden,,,"Title 15, Section 3006(c)(1) – violence or physical harm"
THE HUMAN ANIMAL,Tess R. Martin,,,"Title 15, Section 3006(c)(15)(C)(5) – conduct which is or appears to be forceful, threatening or violent"
THE HUMAN FIGURE,Walter L. Strauss,,,"Title 15, Section 3006(c)(17) – frontal nudity"
THE I-5 KILLER (2019),Ann Rule,,,"Title 15, Section 3006(c)(1) – violence or physical harm"
THE ICE MAN,Phillip Carlo,,,"Title 15, Section 3006(c)(17) – frontal nudity"
"THE ICE MAN, CONFESSIONS OF A MAFIA CONTRACT KILLER (2007)",Philip Carlo,,,"Title 15, Section 3006(c)(1) – violence or physical harm"
THE ILLISTRATIONS OF ROCKWELL KENT,Fridolt Johnson,,,"Title 15, Section 3006(c)(17) – frontal nudity"
THE INCAL(2020),Alejandra Jodorowsky & Moebius,,,"Title 15, Section 3006(c)(16) – sexually explicit images"
THE INITIATION OF MS. HOLLY,K.D. Grace,,,"Title 15, Section 3006(c)(15)(A) – lacks serious literary, artistic, political or scientific value"
THE INMATE (2024),Freida McFadden,,,"Title 15, Section 3006(c)(1) – violence or physical harm"
THE INNER STRUCTURE OF TAI CHI,Mantak Chia and Juan Li,,,"Title 15, Section 3006(d) – presents a serious threat to facility security or the safety of incarcerated persons and staff"
THE INNOCENT (2012),David Baldacci,,,"Title 15, Section 3006(c)(1) – violence or physical harm"
THE JAPANESE TATTOO,Sandi Fellman,,,"Title 15, Section 3006(c)(17) – frontal nudity"
"THE JOY OF GAY SEX, THIRD EDITION",Felice Picano,,,"Title 15, Section 3006(c)(15)(A) – lacks serious literary, artistic, political or scientific value"
THE JOY OF HOME DISTILLING,Rick Morris,,,"Title 15, Section 3006(d) – presents a serious threat to facility incarcerated persons and staff"
THE KAMA SUTRA,Anne Hooper,,,"Title 15, Section 3006(c)(17) – frontal nudity"
THE KENTUCKY CANNIBAL,Ryan Green,,,"Title 15, Section 3006(c)(15)(C)(5) – conduct which is or appears to be forceful, threatening or violent"
"THE KILL SHOT, EMILY 18, #1",,,,"Title 15, Section 3006(c)(17) – frontal nudity"
THE KILLER BOOK OF SERIAL KILLERS,Tom and Michael Philbin,,,"Title 15, Section 3006(c)(15)(C)(3) – contains or concerns of nudity of a minor, or person who appears to be under 18 years old."
THE KITE RUNNER,Khaled Hosseini,,,"Title 15, Section 3006(c)(15)(C)(5) – conduct which is or appears to be forceful, threatening or violent"
"THE KNOTTING & BRAIDING BIBLE, THE COMPLETE GUIDE TO CREATIVE KNOTTING INCLUDING KUMIHIMO, MACRAME, AND PLAITING (2014)",Dorothy Wood,,,"Title 15, Section 3006(d) – presents a serious threat to facility security or the safety of incarcerated"
THE KNOWLEDGE BOOK: EVERYTHING YOU NEED TO KNOW TO GET BY IN THE 21ST CENTURY,National Geographic,,,"Title 15, Section 3006(c)(17) – frontal nudity"
"THE LADIES WHO LOVE PRISONERS, SECRETS EXPOSED (2019)",Mike Enemigo,,,"Title 15, Section 3006(d) – presents a serious threat to facility security or the safety of incarcerated persons and staff"
THE LAST BOOK YOU’LL EVER READ,Cullen Bunn,,,"Title 15, Section 3006(c)(17) – frontal nudity"
THE LAST COYOTE (1997),Michael Connelly,,,"Title 15, Section 3006(c)(1) – violence or physical harm"
THE LAST DON (2009),Mario Puzo,,,"Title 15, Section 3006(c)(1) – violence or physical harm"
THE LAST GENERAL STANDING (2018),J. Figuero,,,"Title 15, Section 3006(c)(1) – violence or physical harm"
THE LAST MAN ON EARTH (2025),Shae Sanders,,,"Title 15, Section 3006(c)(15)(A) – lacks serious literary, artistic, political or scientific value"
"THE LAST MAN, BOOK FIVE",Brian K. Vaughan and Pia Guerra,,,"Title 15, Section 3006(c)(17) – frontal nudity"
THE LAST MAN: MOTHERLAND,DC Comics,,,"Title 15, Section 3006(c)(17) – frontal nudity"
THE LAST MAN: WHYS AND WHEREFORES,Brian Vaughan; Pia Guerra; Jose Marzan,,,"Title 15, Section 3006(c)(17) – frontal nudity"
THE LAST PARTY (2024),A.R. Torre,,,"Title 15, Section 3006(c)(1) – violence or physical harm"
THE LAST STONE (2020),Mark Bowden,,,"Title 15, Section 3006(c)(1) – violence or physical harm"
THE LAWS OF HUMAN NATURE,Robert Greene,,,"Title 15, Section 3006(d) – presents a serious threat to facility security or the safety of incarcerated persons and staff"
"THE LEAGUE OF EXTRAORDINARY GENTLEMEN, VOL. 2 (2011)",Alan Moore,,,"Title 15, Section 3006(c)(16) – sexually explicit images"
THE LIFE & TIMES OF MAC DRE (2024),Mike Enemigo,,,"Title 15, Section 3006(c)(15)(A) – lacks serious literary, artistic, political or scientific value"
THE LIFE WE BURY,Allen Askens,,,"Title 15, Section 3006(c)(15)(A) – lacks serious literary, artistic, political or scientific value"
THE LIFE WE BURY,Allen Askens,,,"Title 15, Section 3006(c)(15)(C)(5) – conduct which is or appears to be forceful, threatening or violent"
THE LIFE WE CHASE (1995),Mat Birkbeck,,,"Title 15, Section 3006(c)(19) – STG members or associates"
THE LITLE BIG BUTT BOOK,,,,"Title 15, Section 3006(c)(17) – frontal nudity"
THE LITTLE BOOK OF BUTTS,Dian Hanson,,,"Title 15, Section 3006(c)(17) – frontal nudity"
THE LITTLE BOOK OF INC.REDIBLY USEFUL KNOTS,Geoffrey Budworth and Jason Dalton,,,"Title 15, Section 3006(d) – presents a serious threat to facility security or the safety of incarcerated persons and staff"
THE LONG ROAD OUT OF HELL,Marilyn Manson and Neil Strauss,,,"Title 15, Section 3006(c)(15)(A) – lacks serious literary, artistic, political or scientific value"
THE LONG-TERM WILDERNESS SURVIVAL BIBLE,Noah Foster,,,"Title 15, Section 3006(d) – presents a serious threat to facility security or the safety of incarcerated persons and staff"
"THE LUCIFER EFFECT, UNDERSTANDING HOW GOOD PEOPLE TURN EVIL (2008)",Philip Zimbardo,,,"Title 15, Section 3006(c)(15)(B) – nature of dissemination, distribution or exhibition appeals to sexual groups"
THE MAFIA ENCYCLOPEDIA,Carl Sifakis,,,"Title 15, Section 3006(c)(15)(C)(5) – conduct which is or appears to be forceful, threatening or violent"
"THE MAFIA PHILOSOPHER, TWO TONYS",Shaun Attwood,,,"Title 15, Section 3006(c)(15)(C)(5) – conduct which is or appears to be forceful, threatening or violent"
THE MAKING OF A SLAVE,Willie Lynch,,,"Title 15, Section 3006(c)(15)(C)(5) – conduct which is or appears to be forceful, threatening or violent"
"THE MAKING OF PINK FLOYD, THE WALL",Gerald Scarfe,,,"Title 15, Section 3006(c)(15)(A) – lacks serious literary, artistic, political or scientific value"
THE MAMMOTH BOOK OF EROTICA (2000),Mazim Jakubowski,,,"Title 15, Section 3006(c)(15)(A) – lacks serious literary, artistic, political or scientific value"
THE MAMMOTH BOOK OF GAY EROTICA,Lawrence Schimel,,,"Title 15, Section 3006(c)(15)(A) – lacks serious literary, artistic, political or scientific value"
THE MAMMOTH BOOK OF NEW TATTOO ART,Lal Hardy,,,"Title 15, Section 3006(c)(17) – frontal nudity"
THE MAMMOTH BOOK OF SKULLS,Ilya,,,"Title 15, Section 3006(c)(17) – frontal nudity"
THE MAMMOTH BOOK OF STREET ART,JAKe,,,"Title 15, Section 3006(c)(17) – frontal nudity"
THE MAMMOTH BOOK OF TATTOO ART,Lal Hardy,,,"Title 15, Section 3006(c)(17) – frontal nudity"
THE MAMMOTH BOOK OF TATTOOS,Lal Hardy,,,"Title 15, Section 3006(c)(17) – frontal nudity"
THE MAMMOTH BOOK OF ZOMBIE COMICS,Davis Kendall,,,"Title 15, Section 3006(c)(15)(A) – lacks serious literary, artistic, political or scientific value"
"THE MAN’S GUIDE TO WOMEN, SCIENTIFICALLY PROVEN SECRETS FROM THE LOVE LAB ABOUT WHAT WOMEN REALLY WANT",John Abrams and Julie Schwartz Gottman,,,"Title 15, Section 3006(c)(17) – frontal nudity"
"THE MANSON FILE: CHARLES MANSON AS REVEALED IN LETTERS, PHOTOS, STORIES, SONGS, ART, TESTIMOMY AND DOCUMENTS",Adam Parfrey,,,"Title 15, Section 3006(c)(15)(A) – lacks serious literary, artistic, political or scientific value"
"THE MARATHON CONTINUES, A HOOD OF NIPSEY HUSSLE (2019)",Eugene L. Weems,,,"Title 15, Section 3006(c)(15)(A) – lacks serious literary, artistic, political or scientific value"
THE MARINE GUIDEBOOK OF ESSENTIAL SUBJECTS (2019),The US Marine Corps,,,"Title 15, Section 3006(c)(8) – a description of the making of any weapon, explosive, poison or destructive device"
THE MARQUIS D.A.F. DE SADE 120 DAYS OF SODOM,James Williamson,,,"Title 15, Section 3006(c)(17) – frontal nudity"
THE MASERATI CHICKS (2024),Dainnese Jackson,,,"Title 15, Section 3006(c)(1) – violence or physical harm"
THE MASSAGE BOOK,George Dowing,,,"Title 15, Section 3006(c)(17) – frontal nudity"
THE MEN FROM THE BOYS (1997),William J. Mann,,,"Title 15, Section 3006(c)(15)(A) – lacks serious literary, artistic, political or scientific value"
"THE MEN’S FITNESS, EXERCISE BIBLE",Sean Hyson,,,"Title 15, Section 3006(d) – presents a serious threat to facility security or the safety of incarcerated persons and staff"
"THE MERCENARY, THE CULT OF THE SCARED FIRE",Vicent Segrelles,,,"Title 15, Section 3006(c)(17) – frontal nudity"
THE MEXICAN MAFIA,Tony Rafael,,,"Title 15, Section 3006(d) – presents a serious threat to facility security or the safety of incarcerated persons and staff"
"THE MEXICAN MAFIA, THE GANG OF GANGS, THE LIFE OF RAMON “MUNDO” MENDOZA",Ramon Mendoza,,,"Title 15, Section 3006(c)(19) – STG members or associates"
"THE MOB, AN URBAN CRIME THRILLER WITH SEX, MONEY & MURDER (2023)",Mike Enemigo,,,"Title 15, Section 3006(c)(15)(A) – lacks serious literary, artistic, political or scientific value"
THE MODERN MASTERS OF TATTOOING,Akos Banfalvi,,,"Title 15, Section 3006(c)(17) – frontal nudity"
THE MONSTER BOOK OF MANGA: FAIRIES AND MAGICAL,Ikari Studio,,,"Title 15, Section 3006(c)(17) – frontal nudity"
"THE MONSTROUS BOOK OF SERIAL KILLERS, SECOND EDITION",Ben Oakley,,,"Title 15, Section 3006(c)(15)(C)(5) – conduct which is or appears to be forceful, threatening or violent"
THE MOST BIZARRE TRUE CRIME STORIES EVER TOLD (2023),Jack Rosewood,,,"Title 15, Section 3006(c)(1) – violence or physical harm"
THE MUSE BOOK,Spencer Charles,,,"Title 15, Section 3006(c)(17) – frontal nudity"
THE NARROWS (2015),Michael Connelly,,,"Title 15, Section 3006(c)(1) – violence or physical harm"
THE NEW AMERICAN PINUP: TATTOOED & PIERCED,Schiffer Publishing,,,"Title 15, Section 3006(c)(17) – frontal nudity"
THE NEW EROTIC PHOTOGRAPHY (2023),Dian Hanson,,,"Title 15, Section 3006(c)(16) – sexually explicit images"
"THE NEW GOOD VIBRATIONS GUIDE TO SEX, TIPS AND TECHNIQUES FROM AMERICA’S FAVORITE SEX TOY STORE",Cathy Winks,,,"Title 15, Section 3006(c)(15)(A) – lacks serious literary, artistic, political or scientific value"
"THE NEW HIRE, THE PLEASURE ASSOCIATE EPISODE ONE (2023)",Ellis O. Day,,,"Title 15, Section 3006(c)(15)(A) – lacks serious literary, artistic, political or scientific value"
THE NEW KAMA SUTRA,Richard Emerson,,,"Title 15, Section 3006(c)(17) – frontal nudity"
THE NEW PIONEER WINTER 2020,,,,"Title 15, Section 3006(d) – presents a serious threat to facility security or the safety of incarcerated persons and staff"
"THE NEW SEX BIBLE, THE NEW GUIDE TO SEXUAL LOVE",Jessica O’Reilly,,,"Title 15, Section 3006(c)(15)(A) – lacks serious literary, artistic, political or scientific value"
THE NEW WORKS & VISION OF DORIAN CLEAVENGER,Dorian Cleavenger,,,"Title 15, Section 3006(c)(17) – frontal nudity"
THE NEW YORKER,,,,"Title 15, Section 3006(c)(17) – frontal nudity"
"THE NEW YORKER, MAY 4",,,,"Title 15, Section 3006(c)(17) – frontal nudity"
THE NIGHT OFF (2012),Meghan O’Brien,,,"Title 15, Section 3006(c)(15)(A) – lacks serious literary, artistic, political or scientific value"
THE NIGHT STALKER,Philip Carlo,,,"Title 15, Section 3006(d) – presents a serious threat to facility security or the safety of incarcerated persons and staff"
"THE NIGHTMARE BEFORE KISSMAS, A ROYALS AND ROMANCE NOVE (2024)",Sara Raasch,,,"Title 15, Section 3006(c)(15)(A) – lacks serious literary, artistic, political or scientific value"
THE NINE HALLS OF DEATH (2007),Dr. Haha Lung,,,"Title 15, Section 3006(d) – presents a serious threat to facility security or the safety of incarcerated"
THE NINJA AND THEIR SECRET FIGHTING ART,Stephen K. Hayes,,,"Title 15, Section 3006(d) – presents a serious threat to facility security or the safety of incarcerated persons and staff"
THE NINJA DEFENSE,Stephen K. Hayes,,,"Title 15, Section 3006(d) – presents a serious threat to facility security or the safety of incarcerated persons and staff"
THE NUDE FEMALE FIGURE; A VISUAL REFERENCE FOR THE ARTIST,Mark Smith,,,"Title 15, Section 3006(c)(17) – frontal nudity"
THE OCCULT ROOTS OF NAZISM,Nicholas Goodrick- Clarke,,,"Title 15, Section 3006(c)(15)(C)(5) – conduct which is or appears to be forceful, threatening or violent"
"THE OCCULT, THE ULTIMATE GUIDE FOR THOSE WHO WOULD WALK WITH THE GODS (2015)",Colin Wilson,,,"Title 15, Section 3006(c)(1) – violence or physical harm"
THE OFFICIAL C.I.A. MANUAL OF TRICKERY AND DECEPTION,H. Keith Melton and Robert Wallace,,,"Title 15, Section 3006(d) – presents a serious threat to facility security or the safety of incarcerated persons and staff"
THE OFFICIAL CIA INTERROGATION & MANIPULATION MANUAL (2018),,,,"Title 15, Section 3006(d) – presents a serious threat to facility security or the safety of incarcerated"
THE OFFICIAL HIGH TIMES POT SMOKER’S ACTIVITY BOOK,"Natasha Lewin & the editors of High Times Magazine,",,,"Title 15, Section 3006(d) – presents a serious threat to facility security or the safety of incarcerated persons and staff"
THE OFFICIAL JOHN WAYNE HAND BOOK OF EMERGENCY PREPAREDNESS (2023),Billy Jensen,,,"Title 15, Section 3006(d) – presents a serious threat to facility security or the safety of incarcerated"
THE OFFICIAL JOHN WAYNE HANDBOOK OF BUSHCRAFT (2021),Billy Jensen,,,"Title 15, Section 3006(d) – presents a serious threat to facility security or the safety of incarcerated"
"THE OFFICIAL SUPERNATURAL COLORING BOOK, MONSTERS DEMONS, AND SPIRITS",Raoul off,,,"Title 15, Section 3006(c)(15)(C)(5) – conduct which is or appears to be forceful, threatening or violent"
THE OFFICIAL U.S. ARMY RANGER HANDBOOK,Carlile Military Library,,,"Title 15, Section 3006(d) – presents a serious threat to facility security or the safety of incarcerated persons and staff"
THE ONE I’VE WAITED FOR,Mary B. Morrison,,,"Title 15, Section 3006(c)(15)(A) – lacks serious literary, artistic, political or scientific value"
THE ONION BOOK OF KNOWN KNOWLEDGE,,,,"Title 15, Section 3006(c)(15)(C)(5) – conduct which is or appears to be forceful, threatening or violent"
THE ONION PRESENTS EMBEDDED IN AMERICA,,,,"Title 15, Section 3006(c)(15)(A) – lacks serious literary, artistic, political or scientific value"
THE OTHER HOLLYWOOD; THE UNCENSORED ORAL HISTORY OF THE PORN INDUSTRY,Legs McNeil/Jennifer Osborne,,,"Title 15, Section 3006(c)(17) – frontal nudity"
THE OTHER PLACE,Jack Woody and Jeff Burton,,,"Title 15, Section 3006(c)(17) – frontal nudity"
THE OUTMATE,Anna Victoral L. Trenton,,,"Title 15, Section 3006(c)(15)(C)(4) – conduct which appears to be non-consensual behavior"
"THE PACIFIC CREST TRAIL, A HIKER’S COMPANION",Karen Berger and Daniel R. Smith,,,"Title 15, Section 3006(c)(12) – maps depicting any area within a ten mile radius of a facility"
THE PALE HORSEMAN (2007),Bernard Cornwell,,,"Title 15, Section 3006(c)(1) – violence or physical harm"
THE PANTY RIPPER,Reality Way,,,"Title 15, Section 3006(c)(15)(A) – lacks serious literary, artistic, political or scientific value"
THE PANTY RIPPER 2,Reality Way,,,"Title 15, Section 3006(c)(15)(A) – lacks serious literary, artistic, political or scientific value"
"THE PAPER GIRL, EROTIC STORIES, ISSUE 7, NOVEMBER 2025",,,periodical,"Title 15, Section 3006(c)(15)(A) – lacks serious literary, artistic, political or scientific value"
THE PAPER TRIP (2021),Barry Reid,,,"Title 15, Section 3006(d) – presents a serious threat to facility security or the safety of incarcerated"
"THE PAPER TRIP 4, THE ULTIMATE GUIDE OF NEW IDENTITY SINC.E 9 11",,,,"Title 15, Section 3006(d) – presents a serious threat to facility security or the safety of incarcerated persons and staff"
"THE PASSAGE, A NOVEL (2016)",Justin Cronin,,,"Title 15, Section 3006(c)(1) – violence or physical harm"
THE PELAEZ GALLERY TEMPTATIONS,Pelaez,,,"Title 15, Section 3006(c)(17) – frontal nudity"
THE PELAEZ GALLERY TEMPTATIONS,Pelaez,,,"Title 15, Section 3006(c)(17) – frontal nudity"
THE PERCEPTION DECEPTION,David Tcke,,,"Title 15, Section 3006(c)(17) – frontal nudity"
THE PHOTO BOOK,Phaidon Press,,,"Title 15, Section 3006(c)(17) – frontal nudity"
"THE PILLARS OF THE EARRTH, A NOVEL (1989)",Ken Follett,,,"Title 15, Section 3006(c)(15)(A) – lacks serious literary, artistic, political or scientific value"
"THE PIN-UP ART OF ARCHIE DICKENS, VOLUME 2",Archie Dickens,,periodical,"Title 15, Section 3006(c)(17) – frontal nudity"
THE PLEASURE ZONE,Cairo,,,"Title 15, Section 3006(c)(15)(A) – lacks serious literary, artistic, political or scientific value"
THE POCKET BOOK FOR DANGEROUS BOYS,Gonn Iggulden and Hal Iggulden,,,"Title 15, Section 3006(c)(8) – a description of the making of any weapon, explosive, poison or destructive device"
"THE POOL BOY, BY NIKKI SLOANE (2020)",Nikki Sloane,,,"Title 15, Section 3006(c)(15)(A) – lacks serious literary, artistic, political or scientific value"
"THE POOR MAN’S JAMES BOND, VOLUME 1",Kurt Saxon,,periodical,"Title 15, Section 3006(d) – presents a serious threat to facility security or the safety of incarcerated persons and staff"
THE POWER OF THE DOG,Don Winslow,,,"Title 15, Section 3006(c)(15)(C)(5) – conduct which is or appears to be forceful, threatening or violent"
THE PRADA PLAN,Ashley Antoinette,,,"Title 15, Section 3006(c)(15)(A) – lacks serious literary, artistic, political or scientific value"
"THE PRADO MUSEUM, MADRID",F. J. Sanchez,,,"Title 15, Section 3006(c)(17) – frontal nudity"
THE PREGNANCY BIBLE,Joanne Stone,,,"Title 15, Section 3006(c)(17) – frontal nudity"
THE PRICE OF PUSSY (2020),Sherman L. Brandon,,,"Title 15, Section 3006(c)(15)(A) – lacks serious literary, artistic, political or scientific value"
"THE PSILOCYBIN, MUSHROOM BIBLE",Virginia Haze and Dr. K. Mandrake,,,"Title 15, Section 3006(d) – presents a serious threat to facility security or the safety of incarcerated persons and staff"
THE PSYCHOLOGICAL COVERT WAR ON HIP HOP,Professor Griff,,,"Title 15, Section 3006(c)(17) – frontal nudity"
THE PUNISHED,Peter Meredith,,,"Title 15, Section 3006(c)(15)(C)(5) – conduct which is or appears to be forceful, threatening or violent"
THE PUNISHED,Peter Meredith,,,"Title 15, Section 3006(c)(15)(C)(5) – conduct which is or appears to be forceful, threatening or violent"
"THE PUSSY TRAP 2, THE KISS OF DEATH",Ne Ne Capri,,,"Title 15, Section 3006(c)(15)(C)(5) – conduct which is or appears to be forceful, threatening or violent"
"THE PUSSY TRAP 3, DEATH","Temptation, Ne Ne Capri",,,"Title 15, Section 3006(c)(15)(C)(5) – conduct which is or appears to be forceful, threatening or violent"
"THE PUSSY TRAP 4, THE SHADOW OF DEATH",Ne Ne Capri,,,"Title 15, Section 3006(c)(15)(C)(5) – conduct which is or appears to be forceful, threatening or violent"
"THE PUSSY TRAP 5, FAMILY AIN’T FAMILY, BLOOD AIN’T BLOOD (2021)",Nene Capri,,,"Title 15, Section 3006(c)(1) – violence or physical harm"
"THE PUSSY TRAP, SEX GREED, POWER AND REVENGE (2015)",Nene Capri,,,"Title 15, Section 3006(c)(1) – violence or physical harm"
"THE QUEEN OF THE DAMNED, A NOVEL (2014)",Anne Rice,,,"Title 15, Section 3006(c)(1) – violence or physical harm"
"THE QUIET DON, THE UNTOLD STORY OF MAFIA KINGPIN RUSSELL BUFALINO (2013)",Matt Birkbeck,,,"Title 15, Section 3006(c)(19) – STG members or associates"
"THE RAPE OF NANKING, THE FORGOTTEN HOLOCAUST OF WORLD WAR II,",Iris Chang,,,"Title 15, Section 3006(c)(15)(C)(5) – conduct which is or appears to be forceful, threatening or violent"
"THE RAPE OF NANKING, THE FORGOTTEN HOLOCAUST OF WORLD WAR II,",Iris Chang,,,"Title 15, Section 3006(c)(15)(C)(5) – conduct which is or appears to be forceful, threatening or violent"
"THE REAL BADDIES OF CHI-RAQ, SEASON 1 (2024)",King Rio,,,"Title 15, Section 3006(c)(15)(A) – lacks serious literary, artistic, political or scientific value"
"THE REAL BADDIES OF CHI-RAQ, SEASON 3 (2025)",King Rio,,,"Title 15, Section 3006(c)(15)(A) – lacks serious literary, artistic, political or scientific value"
THE RED,Tiffany Reisz,,,"Title 15, Section 3006(c)(15)(A) – lacks serious literary, artistic, political or scientific value"
"THE RED BULLETIN, APRIL 2019",,,,"Title 15, Section 3006(c)(1) – violence or physical harm"
THE RING OF THE NIBELUNG,Roy Thomas and Gil Kane,,,"Title 15, Section 3006(c)(17) – frontal nudity"
"THE RITUAL, A DARK COLLEGE ROMANCE (2021)",Shantel Tessier,,,"Title 15, Section 3006(c)(15)(A) – lacks serious literary, artistic, political or scientific value"
THE ROMANCE OF LUST (2021),Anonymous (2021),,,"Title 15, Section 3006(c)(15)(A) – lacks serious literary, artistic, political or scientific value"
"THE ROYAL GEOGRAPHICAL SOCIETY, WORLD ATLAS",,,,"Title 15, Section 3006(c)(12) – maps depicting any area within a ten mile radius of a facility"
"THE RUGGED LIFE, THE MODERN GUIDE TO SELF-RELIANCE, A SURVIVAL AND HOMESTEADING GUIDE (2022)",Clint Emerson,,,"Title 15, Section 3006(c)(8) – making of any weapon, explosive, poison or destructive device"
"THE SAKI THE SUCCUBUS HUNGERS TONIGHT, VOLUME 3 (2020)",Mikokuno Homare,,periodical,"Title 15, Section 3006(c)(16) – sexually explicit images"
THE SANDMAN BOOK TWO (2022),Neil Gaiman,,,"Title 15, Section 3006(c)(16) – sexually explicit images"
"THE SANDMAN VOL. 2, THE DOLL’S HOUSE 30TH ANNIVERSARY EDITION (2018)",Neil Gaiman,,,"Title 15, Section 3006(c)(16) – sexually explicit images"
"THE SANDMAN VOL. 3, DREAM COUNTRY 30TH ANNIVERSARY EDITION (2018)",Neil Gaiman,,,"Title 15, Section 3006(c)(15)(B)(3) – conduct which is or appears to be forceful, threatening or violent"
"THE SANDMAN, BOOK ONE",Neil Gaiman,,,"Title 15, Section 3006(c)(17) – frontal nudity"
"THE SANDMAN, THE DOLL’S HOUSE, VOLUME 2 (2010)",Neil Gaiman,,periodical,"Title 15, Section 3006(c)(1) – violence or physical harm"
"THE SANDMAN, THE WAKE (1997)",Neil Gaiman,,,"Title 15, Section 3006(c)(16) – sexually explicit images"
"THE SANDMAN, VOLUME 4, SEASON OF MISTS (2010)",Neil Gailman,,periodical,"Title 15, Section 3006(c)(17) – frontal nudity"
THE SAUCE (2025),Bandgang Javar,,,"Title 15, Section 3006(d) – presents a serious threat to facility security or the safety of incarcerated"
THE SCIENCE AND PHILOSOPHY OF MARTIAL ARTS (2022),Alex W. Tong,,,"Title 15, Section 3006(d) – presents a serious threat to facility security or the safety of incarcerated"
THE SCULPTOR,,,,"Title 15, Section 3006(c)(17) – frontal nudity"
THE SECRET ART OF PRESSURE POINT FIGHTING,VInc.e Morris,,,"Title 15, Section 3006(d) – presents a serious threat to facility security or the safety of incarcerated persons and staff"
THE SECRET LIFE OF A SATANIST: THE AUTHORIZED BIOGRAPHY OF ANTON LAVEY,Blance Barton,,,"Title 15, Section 3006(c)(17) – frontal nudity"
THE SECRET SCIENCE OF BLACK MALE AND FEMALE SEX (2011),T.C. Carrier,,,"Title 15, Section 3006(c)(15)(A) – lacks serious literary, artistic, political or scientific value"
"THE SECRETS OF KALIS ILUSTRISIMO, THE FILIPINO FIGHTING ART EXPLAINED",Antonio Diego,,,"Title 15, Section 3006(c)(15)(C)(5) – conduct which is or appears to be forceful, threatening or violent"
THE SELF DEFENSE HANDBOOK (2020),Sam Fury,,,"Title 15, Section 3006(d) – presents a serious threat to facility security or the safety of incarcerated persons and staff"
THE SENZA COLLECTION,,,,"Title 15, Section 3006(c)(17) – frontal nudity"
THE SERIAL KILLER WHISPERER,Pete Earley,,,"Title 15, Section 3006(c)(17) – frontal nudity"
"THE SEX CHRONICLES, SHATTERING THE MYTH",Zane,,,"Title 15, Section 3006(c)(15)(A) – lacks serious literary, artistic, political or scientific value"
THE SEX GUIDE FOR THE MODERN MAN: ROCK HER WORLD,Adam Glasser,,,"Title 15, Section 3006(c)(17) – frontal nudity"
"THE SEX RETREAT, FIRST TIME ACCIDENTAL SWINGERS, EXPLICIT AND FUN EROTIC NOVELLA (2025)",Lucy Xane,,,"Title 15, Section 3006(c)(15)(A) – lacks serious literary, artistic, political or scientific value"
THE SEX TOURISM HANDBOOK,Joe Diamond,,,"Title 15, Section 3006(c)(15)(A) – lacks serious literary, artistic, political or scientific value"
THE SEXUAL PERSPECTIVE,Emmanuel Cooper,,,"Title 15, Section 3006(c)(17) – frontal nudity"
THE SEXY LIBRARIAN’S BIG BOOK OF EROTICA,Rose Caraway,,,"Title 15, Section 3006(c)(15)(A) – lacks serious literary, artistic, political or scientific value"
THE SHADOW OF THE GODS (2025),John Gwynne,,,"Title 15, Section 3006(c)(1) – violence or physical harm"
THE SHADOW’S EDGE (2023),Brent Weeks,,,"Title 15, Section 3006(c)(1) – violence or physical harm"
THE SHOT CALLER,Casey Diaz,,,"Title 15, Section 3006(c)(15)(C)(5) – conduct which is or appears to be forceful, threatening or violent"
THE SICILIAN (2013),Mario Puzo,,,"Title 15, Section 3006(c)(1) – violence or physical harm"
"THE SIDESHOW, AN URBAN TALE (2021)",Titus Lee Barnes,,,"Title 15, Section 3006(c)(15)(A) – lacks serious literary, artistic, political or scientific value"
THE SILENCE OF THE LAMBS (1989),Thomas Harris,,,"Title 15, Section 3006(c)(1) – violence or physical harm"
THE SINNER (2004),Tess Gerritsen,,,"Title 15, Section 3006(c)(1) – violence or physical harm"
THE SITTER SUCKS AND SPREADS,Steve Golden,,,"Title 15, Section 3006(c)(15)(A) – lacks serious literary, artistic, political or scientific value"
THE SOCIAL ORDER OF THE UNDERWORLD: HOW PRISON GANGS GOVERN THE AMERICAN PENAL,David Skarbeck,,,"Title 15, Section 3006(d) – presents a serious threat to facility security or the safety of incarcerated persons"
THE SPIKE (1981),Arnaud De Borchgrave,,,"Title 15, Section 3006(c)(15)(A) – lacks serious literary, artistic, political or scientific value"
"THE STARTING LINEUP, THE ORIGIN OF THE CRIPS AND BLOODS BEGIN, BY MR. A.C. MOSES JR. (2016)",Mr. A.C. Moses Jr.,,,"Title 15, Section 3006(c)(19) – STG members or associates"
"THE STRAIN, VOLUME 1",David Lapham,,periodical,"Title 15, Section 3006(c)(17) – frontal nudity"
THE STREETS BLEED MURDER,Jerry Jackson,,,"Title 15, Section 3006(c)(15)(A) – lacks serious literary, artistic, political or scientific value"
THE STREETS BLEED MURDER 2,Jerry Jackson,,,"Title 15, Section 3006(c)(15)(C)(5) – conduct which is or appears to be forceful, threatening or violent"
THE STREETS BLEED MURDER 3,Jerry Jackson,,,"Title 15, Section 3006(c)(15)(A) – lacks serious literary, artistic, political or scientific value"
THE STREETS HAVE NO KING,JaQuavis Coleman,,,"Title 15, Section 3006(c)(15)(C)(5) – conduct which is or appears to be forceful, threatening or violent"
"THE STREETS HAVE NO KING, BY JAQUAVIS COLEMAN (2017)",JaQuavis Coleman,,,"Title 15, Section 3006(c)(15)(A) – lacks serious literary, artistic, political or scientific value"
THE STREETS HAVE NO QUEEN (2019),JaQuavis Coleman,,,"Title 15, Section 3006(c)(15)(A) – lacks serious literary, artistic, political or scientific value"
THE STRENGTH AND FLEXIBILITY OF WOMEN,Jonathon Harrington,,,"Title 15, Section 3006(c)(17) – frontal nudity"
THE SURGEON (2022),Tess Gerritsen,,,"Title 15, Section 3006(c)(15)(B)(3) – conduct which is or appears to be forceful, threatening or violent"
"THE SURROGATE, A SEXY EROTIC NOVELLA (2020)",L Nicole,,,"Title 15, Section 3006(c)(15)(A) – lacks serious literary, artistic, political or scientific value"
"THE TACTICAL EDGE, SUMMER 2022, VOL. 40, NUMBER 3",,,,"Title 15, Section 3006(d) – presents a serious threat to facility security or the safety of incarcerated persons and staff"
THE TALE OF THE BODY THIEF (1993),Anne Rice,,,"Title 15, Section 3006(c)(1) – violence or physical harm"
THE TAO OF GUNG FU,John Little,,,"Title 15, Section 3006(d) – presents a serious threat to facility security or the safety of incarcerated persons and staff"
THE TAO OF HEALTH,Daniel P. Reid,,,"Title 15, Section 3006(c)(17) – frontal nudity"
THE TAO OF SEDUCTION,Lin Liao Yi,,,"Title 15, Section 3006(c)(17) – frontal nudity"
THE TAO OF WING CHUN,Danny Xuan and John Little,,,"Title 15, Section 3006(d) – presents a serious threat to facility security or the safety of incarcerated persons and staff"
THE TARGET (2014),David Baldacci,,,"Title 15, Section 3006(c)(1) – violence or physical harm"
THE TATTOO APPRENTICE GUIDE FOR BRINGING PRISON INK TO THE STREETS,Bo Dean,,,"Title 15, Section 3006(d) – presents a serious threat to facility security or the safety of incarcerated persons and staff"
THE TATTOO APPRENTICE GUIDE FOR BRINGING PRISON INK TO THE STREETS (2020),Bo Dean,,,"Title 15, Section 3006(d) – presents a serious threat to facility security or the safety of incarcerated"
THE TATTOO TEXTBOOK,Shelly Dax,,,"Title 15, Section 3006(d) – presents a serious threat to facility security or the safety of incarcerated persons and staff"
THE TEFLON QUEEN,Silk White,,,"Title 15, Section 3006(c)(15)(A) – lacks serious literary, artistic, political or scientific value"
THE TEFLON QUEEN VOL 2,Silk White,,,"Title 15, Section 3006(c)(15)(A) – lacks serious literary, artistic, political or scientific value"
THE TEFLON QUEEN VOL 3,Silk White,,,"Title 15, Section 3006(c)(15)(A) – lacks serious literary, artistic, political or scientific value"
THE TENANT (2020),Katrine Engberg,,,"Title 15, Section 3006(c)(1) – violence or physical harm"
"THE TESTAMENTS, MARGARET ATWOOD (2019)",Margaret Atwood,,,"Title 15, Section 3006(c)(15)(C)(6) – conduct where one of the participants is a minor, or appears to be under 18 years old"
THE THEORY OF POKER,David Sklansky,,,"Title 15, Section 3006(c)(13) – contains or concerns any gambling or a lottery"
THE THIEF ON THE CROSS,Rick Riley,,,"Title 15, Section 3006(c)(15)(C)(5) – conduct which is or appears to be forceful, threatening or violent"
"THE THREE PENNY REVIEW, SUMMER 2023",,,,"Title 15, Section 3006(c)(17) – frontal nudity"
THE TOTAL POKER MANUAL,Eileen Sutton,,,"Title 15, Section 3006(c)(13) – contains or concerns any gambling or a lottery"
"THE TOWER OF FOOLS, HUSSITE TRILOGY, 1 (2020)",Andrzej Sapowski,,,"Title 15, Section 3006(c)(1) – violence or physical harm"
THE TRAPPERS BIBLE,Eustace H. Livingston,,,"Title 15, Section 3006(d) – presents a serious threat to facility security or the safety of incarcerated persons and staff"
THE TROUBLE BOY (2005),Tom Dolby,,,"Title 15, Section 3006(c)(15)(A) – lacks serious literary, artistic, political or scientific value"
"THE TWELVE, A NOVEL (2016)",Justin Cronin,,,"Title 15, Section 3006(c)(1) – violence or physical harm"
THE U.S. NAVY SEAL SURVIVAL HANDBOOK: LEARN THE SURVIVOR TECHNIQUES OFAMERICA’S ELITE WARRIORS,Don Mann,,,"Title 15, Section 3006(d) – presents a serious threat to facility security or the safety of incarcerated persons and staff"
"THE UGLY RENAISSANCE, SEX, GREED VIOLENCE AND DEPRAVITY IN AN AGE OF BEAUTY",Alexander lee,,,"Title 15, Section 3006(c)(17) – frontal nudity"
THE ULTIMATE ADULT ONLY JOKE BOOK,Jenny Kellett,,,"Title 15, Section 3006(c)(17) – frontal nudity"
THE ULTIMATE BOOK OF EVERYDAY KNOTS (2012),Geoffrey Budworth,,,"Title 15, Section 3006(d) – presents a serious threat to facility security or the safety of incarcerated"
THE ULTIMATE COLLECTION,Boris Vallejo & Julie Bell,,,"Title 15, Section 3006(c)(17) – frontal nudity"
THE ULTIMATE GUIDE ADVANCED TATTOO SHADING TECHNIQUES (2025),Ray Kunjal,,,"Title 15, Section 3006(d) – presents a serious threat to facility security or the safety of incarcerated"
"THE ULTIMATE GUIDE TO CUNNILINGUS, 2ND EDITION",Violet Blue,,,"Title 15, Section 3006(c)(15)(A) – lacks serious literary, artistic, political or scientific value"
"THE ULTIMATE GUIDE TO MALE SEXUAL HEALTH, SECOND EDITION (2017)",Dudley Seth Danoff,,,"Title 15, Section 3006(c)(16) – sexually explicit images"
THE ULTIMATE GUIDE TO PROSTRATE PLEASURE,Charlie Glickman; Aislinn Emirzian,,,"Title 15, Section 3006(c)(17) – frontal nudity"
THE ULTIMATE GUIDE TO SEDUCTION & FOREPLAY (2020),Jessica O’Reilly PHD & Marla Renee Stewart MA,,,"Title 15, Section 3006(c)(15)(A) – lacks serious literary, artistic, political or scientific value"
"THE ULTIMATE GUIDE TO U.S. ARMY SURVIVAL SKILLS, TACTICS AND TECHNIQUES",Jay McCullough,,,"Title 15, Section 3006(d) – presents a serious threat to facility security or the safety of incarcerated persons and staff"
"THE ULTIMATE HANDBOOK FOR THE DOM AND SUB, TRAINING FOR PLEASURE",Richard Welps,,,"Title 15, Section 3006(c)(15)(A) – lacks serious literary, artistic, political or scientific value"
THE ULTIMATE ILLUSTRATIONS,Boris Vallejo and Julia Bell,,,"Title 15, Section 3006(c)(17) – frontal nudity"
THE ULTIMATE PARDON,Bill Corum,,,"Title 15, Section 3006(c)(15)(C)(5) – conduct which is or appears to be forceful, threatening or violent"
THE ULTIMATE SACRIFICE 1 (2020),Anthony Fields,,,"Title 15, Section 3006(c)(1) – violence or physical harm"
"THE ULTIMATE SACRIFICE 3, NO REGRETS (2020)",Anthony Fields,,,"Title 15, Section 3006(c)(1) – violence or physical harm"
"THE ULTIMATE SACRIFICE 4, A GANGSTER’S PRAYER (2020)",Anthony Fields,,,"Title 15, Section 3006(c)(1) – violence or physical harm"
THE ULTIMATE SACRIFICE 5 (2016),Anthony Fields,,,"Title 15, Section 3006(c)(1) – violence or physical harm"
THE ULTIMATE SACRIFICE 6 (2021),Anthony Fields,,,"Title 15, Section 3006(c)(1) – violence or physical harm"
THE ULTIMATE SURVIVAL MANUAL,Richard Johnson,,,"Title 15, Section 3006(d) – presents a serious threat to facility security or the safety of incarcerated persons and staff"
"THE UNTAMED, A SINNER’S PRAYER (2018)",Sebastian A. Jones,,,"Title 15, Section 3006(c)(16) – sexually explicit images"
THE USEFUL KNOTS BOOK (2019),Sam Fury,,,"Title 15, Section 3006(d) – presents a serious threat to facility incarcerated persons and staff"
THE VAMPIRE ARMAND (2000),Anne Rice,,,"Title 15, Section 3006(c)(1) – violence or physical harm"
THE VAMPIRE LESTAT (1993),Anne Rice,,,"Title 15, Section 3006(c)(1) – violence or physical harm"
"THE VORY, RUSSIA’S SUPER MAFIA (2019)",Mark Galeotti,,,"Title 15, Section 3006(c)(19) – STG members or associates"
"THE WALKING DEAD, COMPENDIUM FOUR (2019)",Robert Kirkman,,,"Title 15, Section 3006(c)(1) – violence or physical harm"
"THE WALKING DEAD, COMPENDIUM ONE",,,,"Title 15, Section 3006(c)(15)(C)(5) – conduct which is or appears to be forceful, threatening or violent"
"THE WALKING DEAD, COMPENDIUM THREE (2015)",Robert Kirkman,,,"Title 15, Section 3006(c)(1) – violence or physical harm"
"THE WALKING DEAD, COMPENDIUM TWO",,,,"Title 15, Section 3006(c)(15)(C)(5) – conduct which is or appears to be forceful, threatening or violent"
"THE WALKING DEAD, MARCH TO WAR, VOLUME 19",Robert Kirkman,,,"Title 15, Section 3006(c)(15)(C)(5) – conduct which is or appears to be forceful, threatening or violent"
THE WAY OF A MAN WITH A MAID,,,,"Title 15, Section 3006(c)(15)(A) – lacks serious literary, artistic, political or scientific value"
THE WAY OF THE SUPERIOR,David Deida,,,"Title 15, Section 3006(c)(15)(A) – lacks serious literary, artistic, political or scientific value"
THE WAY OF THE SUPERIOR MAN,David Deida,,,"Title 15, Section 3006(c)(15)(A) – lacks serious literary, artistic, political or scientific value"
THE WEEK,,,,"Title 15, Section 3006(c)(15)(C)(5) – conduct which is or appears to be forceful, threatening or violent"
"THE WESTIES, INSIDE NEW YORKS IRISH MOB (2006)",T.J. English,,,"Title 15, Section 3006(c)(1) – violence or physical harm"
THE WHITE HOUSE,JaQuavis Coleman,,,"Title 15, Section 3006(c)(15)(A) – lacks serious literary, artistic, political or scientific value"
"THE WHITE HOUSE BOYS, AN AMERICAN TRAGEDY",Roger Dean Kiser,,,"Title 15, Section 3006(c)(15)(C)(5) – conduct which is or appears to be forceful, threatening or violent"
THE WHITE MAN’S BIBLE,Ben Klassen,,,"Title 15, Section 3006(c)(15)(C)(5) – conduct which is or appears to be forceful, threatening or violent"
THE WIKIPEDIA ENCYCLOPEDIA OF SERIAL KILLERS,,,,"Title 15, Section 3006(d) – presents a serious threat to facility security or the safety of incarcerated persons and staff"
THE WILD WORLD OF BETTY PAGE,Steven Pentacoste,,,"Title 15, Section 3006(c)(15)(A) – lacks serious literary, artistic, political or scientific value"
THE WILLIE LYNCH LETTER AND THE MAKING OF A SLAVE,Willie Lynch,,,"Title 15, Section 3006(d) – presents a serious threat to facility incarcerated"
THE WITCHES OF ADAMS,,,,"Title 15, Section 3006(c)(17) – frontal nudity"
"THE WOMEN, PHOTOGRAPHS OF THE TOP FEMALE BODYBUILDERS (1994)",Bill Dobbins,,,"Title 15, Section 3006(c)(16) – sexually explicit images"
THE WONDER DOWN UNDER,Ellen Stokken Dahl,,,"Title 15, Section 3006(c)(17) – frontal nudity"
THE WORLD ATLAS OF TATTOO,Anna Felicity Friedman,,,"Title 15, Section 3006(c)(17) – frontal nudity"
THE WORLD OF JACK L. MORRIS,Sheila Pinkel,,,"Title 15, Section 3006(c)(17) – frontal nudity"
THE WRATH OF FACE,Jimmy Dasaint,,,"Title 15, Section 3006(c)(15)(A) – lacks serious literary, artistic, political or scientific value"
THE WRATH OF FACE,Jimmy Dasaint,,,"Title 15, Section 3006(c)(15)(C)(5) – conduct which is or appears to be forceful, threatening or violent"
THE WRITER (2025),James Patterson and J.D. Barker,,,"Title 15, Section 3006(c)(1) – violence or physical harm"
"THE WRITINGS OF AUSTIN OSMAN SPARE: ANATHEMA OF ZOS, THE BOOK OF PLEASURE, AND THE FOCUS OF LIFE",,,,"Title 15, Section 3006(c)(17) – frontal nudity"
"THE ZOMBIE SURVIVAL GUIDE, COMPLETE PROTECTION FOR THE LIVING DEAD",Max Brooks,,,"Title 15, Section 3006(d) – presents a serious threat to facility security or the safety of incarcerated persons and staff"
THESE WERE MY REALITIES,J.H.,,,"Title 15, Section 3006(c)(17) – frontal nudity"
THICK MAGAZINE PRESENTS GEMS VOL 1,,,periodical,"Title 15, Section 3006(c)(15)(A) – lacks serious literary, artistic, political or scientific value"
THICK MAGAZINE PRESENTS ISSUE 8,,,periodical,"Title 15, Section 3006(c)(15)(A) – lacks serious literary, artistic, political or scientific value"
THICK MAGAZINE PRESENTS SLIM THICK VOL 3,,,periodical,"Title 15, Section 3006(c)(15)(A) – lacks serious literary, artistic, political or scientific value"
"THICK MAGAZINE, IN ALL THE RIGHT PLACES, ISSUE 14",,,periodical,"Title 15, Section 3006(c)(15)(A) – lacks serious literary, artistic, political or scientific value"
"THICK MAGAZINE, ISSUE #003",,,periodical,"Title 15, Section 3006(c)(15)(A) – lacks serious literary, artistic, political or scientific value"
"THICK MAGAZINE, ISSUE #17, DIRECTOR’S CUT",,,periodical,"Title 15, Section 3006(c)(16) – sexually explicit images"
"THICK MAGAZINE, PRESENTS TAHIRY",,,periodical,"Title 15, Section 3006(c)(15)(A) – lacks serious literary, artistic, political or scientific value"
"THICK MAMI’S, ISSUE 1",,,periodical,"Title 15, Section 3006(c)(15)(A) – lacks serious literary, artistic, political or scientific value"
"THICK VS SLIM THICK, SPECIAL EDITION, VOLUME 2",,,periodical,"Title 15, Section 3006(c)(15)(A) – lacks serious literary, artistic, political or scientific value"
"THICK VS SLIM THICK, SPECIAL EDITION, VOLUME 2",,,periodical,"Title 15, Section 3006(c)(15)(A) – lacks serious literary, artistic, political or scientific value"
"THICK VS. SLIM THICK: SPECIAL EDITION, VOLUME 1",Joe Sherman,,periodical,"Title 15, Section 3006(c)(15)(A) – lacks serious literary, artistic, political or scientific value"
"THICK, ANNIVERSARY ISSUE PART 1",,,periodical,"Title 15, Section 3006(c)(15)(A) – lacks serious literary, artistic, political or scientific value"
"THICK, ISSUE 18",,,periodical,"Title 15, Section 3006(c)(15)(A) – lacks serious literary, artistic, political or scientific value"
"THICK, ISSUE 19",,,periodical,"Title 15, Section 3006(c)(15)(A) – lacks serious literary, artistic, political or scientific value"
"THING EXPLAINER, COMPLICATED STUFF IN SIMPLE WORDS",Randall Munroe,,,"Title 15, Section 3006(d) – presents a serious threat to facility security or the safety of incarcerated persons and staff"
"THIS BOOK WILL CHANGE YOUR LIFE, 365 DAILY INSTRUCTIONS FOR HYSTERICAL LIVING",Ben Carey,,,"Title 15, Section 3006(c)(17) – frontal nudity"
THIS SIDE OF PARADISE; BODY AND LANDSCAPE IN LOS ANGELES PHOTOGRAPHS,Jennifer A. Watts,,,"Title 15, Section 3006(c)(17) – frontal nudity"
"THRASHER MAGAZINE, ISSUE 544, NOVEMBER 2025",,,periodical,"Title 15, Section 3006 (c)(13) – contains or concerns gambling or a lottery"
THREESOMES,Lainie Speiser,,,"Title 15, Section 3006(c)(17) – frontal nudity"
THREESOMES AND MORESOMES,Linda Alvarez,,,"Title 15, Section 3006(c)(15)(A) – lacks serious literary, artistic, political or scientific value"
"THROAT BABY, A SLUTTY LOVE AFFAIR",Barbie Armor,,,"Title 15, Section 3006(c)(15)(A) – lacks serious literary, artistic, political or scientific value"
THROUGH A FAERY STONE,Ed Hicks,,,"Title 15, Section 3006(c)(17) – frontal nudity"
"THROUGH A GLASS DARKLY, PICTURES OF MYSELF AND OTHERS",Jessica Roder,,,"Title 15, Section 3006(c)(17) – frontal nudity"
THUGS CRY,Cash,,,"Title 15, Section 3006(c)(15)(C)(5) – conduct which is or appears to be forceful, threatening or violent"
THUGS CRY 2 (2018),Ca$h,,,"Title 15, Section 3006(c)(1) – violence or physical harm"
"THUGS CRY 3, RESPECT MY GANGSTA",Cash,,,"Title 15, Section 3006(c)(15)(C)(5) – conduct which is or appears to be forceful, threatening or violent"
TICKLE HIS PICKLE,Tickle Kitty,,,"Title 15, Section 3006(c)(17) – frontal nudity"
"TIGHT, VOLUME 1, ISSUE 1",,,periodical,"Title 15, Section 3006(c)(16) – sexually explicit images"
"TIME MAGAZINE, MARCH 2-9, 2020",,,periodical,"Title 15, Section 3006(c)(15)(C)(5) – conduct which is or appears to be forceful, threatening or violent"
"TIP OF THE SPEAR, BLACK RADICALISM, PRISON REPRESSION, AND THE LONG ATTICA REVOLT (2023)",Orisanmi Burton,,,"Title 15, Section 3006(c)(15)(C)(5) – conduct which is or appears to be forceful, threatening or violent"
"TIT FOR TWAT, LIZ & BETH, VOLUME III",G. Levis,,,"Title 15, Section 3006(c)(17) – frontal nudity"
TITAN,Peter Humfrey,,,"Title 15, Section 3006(c)(17) – frontal nudity"
TO BE A U.S. ARMY GREEN BERET,Gerald Schumacher,,,"Title 15, Section 3006(d) – presents a serious threat to facility security or the safety of incarcerated persons and staff"
TO DIE IN VAIN 2 (2015),Raymond Cameron,,,"Title 15, Section 3006(c)(1) – violence or physical harm"
TO KILL A LION (2010),Bruce Lengeman,,,"Title 15, Section 3006(c)(1) – violence or physical harm"
"TO LOVE RU, VOLUME 1-2 (2006)",Saki Haseni,,periodical,"Title 15, Section 3006(c)(17) – frontal nudity"
"TOGARI, VOL. 1",Yoshinori Natsume,,,"Title 15, Section 3006(c)(15)(C)(5) – conduct which is or appears to be forceful, threatening or violent"
"TOKYO GHOUL, VOL. 12 (2021)",Sui Ishida,,,"Title 15, Section 3006(c)(16) – sexually explicit images"
"TOKYO GHOUL, VOLUME 12 (2019)",Sui Ishida,,,"Title 15, Section 3006(c)(16) – sexually explicit images"
TOKYO ZOMBIE,Yusaku Hanakuma,,,"Title 15, Section 3006(c)(17) – frontal nudity"
"TOM BBROWN’S FIELD GUIDE, WILDERNESS SURVIVAL",Tom Brown Jr.,,,"Title 15, Section 3006(d) – presents a serious threat to facility security or the safety of incarcerated persons and staff"
TONY STORY,Meek Mill,,,"Title 15, Section 3006(c)(15)(A) – lacks serious literary, artistic, political or scientific value"
"TOO PRETTY KENNEY, FROM THE ORIGINAL CRIPS OF COMPTON TO BEYOND (2018)",Kenny Carson,,,"Title 15, Section 3006(c)(19) – STG members or associates"
TOP BIKINI PICTURES,Taylor Timms,,,"Title 15, Section 3006(c)(17) – frontal nudity"
TOP HEAVY! THE ART OF BRIAN MIROGLIO(2024),Brian Miroglio,,,"Title 15, Section 3006(c)(16) – sexually explicit images"
"TOP MODELS OF METART.COM, ANNA AJ (2024)",Isabella Catalina,,,"Title 15, Section 3006(c)(16) – sexually explicit images"
"TOP NOTCH INMATE SERVICES, HORNY SECRETARIES",,,,"Title 15, Section 3006(c)(15)(A) – lacks serious literary, artistic, political or scientific value"
TOPLESS ASIAN MODEL SET HANNAH,,,,"Title 15, Section 3006(c)(17) – frontal nudity"
TOPLESS ASIAN MODEL SET LIN,,,,"Title 15, Section 3006(c)(17) – frontal nudity"
TOPLESS ASIAN MODEL SET SUNEE,,,,"Title 15, Section 3006(c)(17) – frontal nudity"
TOPLESS CELEBRITIES 1,,,,"Title 15, Section 3006(c)(17) – frontal nudity"
TOPLESS CELEBRITIES 2,,,,"Title 15, Section 3006(c)(17) – frontal nudity"
"TOR BROWSER, GUIDE FOR BEGINNERS, HOW TO BE ANONYMOUS ONLINE (2016)",Vlad Gemstone,,,"Title 15, Section 3006(d) – presents a serious threat to facility security or the safety of incarcerated"
"TORTURE PRINC.ESS, FREMD TORTURCHEN",Hina Yamato,,,"Title 15, Section 3006(c)(17) – frontal nudity"
TOTAL ACCESS SERVICES PRESENTS SNOW BUNNIES VOL. 1,,,,"Title 15, Section 3006(c)(15)(A) – lacks serious literary, artistic, political or scientific value"
TOURNAMENT POKER FOR ADVANCED PLAYERS,David Sklansky,,,"Title 15, Section 3006(c)(13) – contains or concerns any gambling or a lottery"
TRAIN LIKA A FIGHTER,Cat Zingano,,,"Title 15, Section 3006(c)(1) – violence or physical harm"
"TRAINING FOR SUDDEN VIOLENCE, 72 PRACTICAL DRILLS",Rory Miller,,,"Title 15, Section 3006(c)(15)(A) – lacks serious literary, artistic, political or scientific value"
TRAINING FOR WARRIORS,Martin Rooney,,,"Title 15, Section 3006(d) – presents a serious threat to facility security or the safety of incarcerated persons and staff"
"TRANS BODIES, TRANS SELVES, A RESOURCE FOR THE TRANSGENDER COMMUNITY",Laura Erickson-Schroth and Jennifer Rinney Boylan,,,"Title 15, Section 3006(c)(15)(A) – lacks serious literary, artistic, political or scientific value"
"TRAPHOUSE KING 2, LEVELS TO THE GAME",Hood Rich,,,"Title 15, Section 3006(c)(15)(C)(5) – conduct which is or appears to be forceful, threatening or violent"
"TRAPHOUSE KING 3, THERE CAN ONLY BE ONE",Hood Rich,,,"Title 15, Section 3006(c)(15)(C)(5) – conduct which is or appears to be forceful, threatening or violent"
"TRAPHOUSE KING, HUNGRY FOR THE PAPER",Hood Rich,,,"Title 15, Section 3006(c)(15)(C)(5) – conduct which is or appears to be forceful, threatening or violent"
"TRAPSTAR 2, TRAPPING AINT DEAD (2021)",Blake Karrington,,,"Title 15, Section 3006(c)(15)(B)(3) – conduct which is or appears to be forceful, threatening or violent"
"TREASURE ME, LATINA & ASIAN",,,,"Title 15, Section 3006(c)(15)(A) – lacks serious literary, artistic, political or scientific value"
"TREASURE ME, LATINA & ASIAN",,,,"Title 15, Section 3006(c)(15)(A) – lacks serious literary, artistic, political or scientific value"
TRIAGE X #1,Shouji Sato,,,"Title 15, Section 3006(c)(17) – frontal nudity"
TRIFLING ENTANGLEMENTS (2023),Brianna Nicole Blackwell,,,"Title 15, Section 3006(c)(15)(A) – lacks serious literary, artistic, political or scientific value"
TRIGUN: MULTIPLE BULLETS,Yasuhiro Nightow,,,"Title 15, Section 3006(c)(17) – frontal nudity"
"TRINITY SEVEN, VOL. 4, THE SEVEN MAGICIANS (2016)",Kenji Saito,,,"Title 15, Section 3006(c)(16) – sexually explicit images"
"TRUCKER MALE MAGAZINE, VOLUME 1 NUMBER 1",,,periodical,"Title 15, Section 3006(c)(17) – frontal nudity"
"TRUE CRIME CASE HISTORIES, VOLUME 1- 3",Jason Neal,,periodical,"Title 15, Section 3006(c)(15)(C)(5) – conduct which is or appears to be forceful, threatening or violent"
"TRUE CRIME CASE HISTORIES, VOLUME 13 (2024)",Jason Neal,,,"Title 15, Section 3006(c)(15)(C)(5) – conduct which is or appears to be forceful, threatening or violent"
"TRUE CRIME CASE HISTORIES, VOLUME 7,8, AND 9 (2022)",Jason Neal,,periodical,"Title 15, Section 3006(c)(1) – violence or physical harm"
"TRUE CRIME STORIES, VOL 2",Ryan Becker,,,"Title 15, Section 3006(c)(15)(C)(5) – conduct which is or appears to be forceful, threatening or violent"
"TRUE CRIME STORIES, VOL 3",Ryan Becker,,,"Title 15, Section 3006(c)(15)(C)(5) – conduct which is or appears to be forceful, threatening or violent"
TRUST NO BITCH,Cash & Nene Capri,,,"Title 15, Section 3006(c)(15)(C)(5) – conduct which is or appears to be forceful, threatening or violent"
TRUST NO BITCH,Cash & Nene Capri,,,"Title 15, Section 3006(c)(15)(A) – lacks serious literary, artistic, political or scientific value"
TRUST NO BITCH II,Cash and Nene Capri,,,"Title 15, Section 3006(c)(15)(A) – lacks serious literary, artistic, political or scientific value"
TRUST NO BITCH III,Cash & Nene Capri,,,"Title 15, Section 3006(c)(15)(A) – lacks serious literary, artistic, political or scientific value"
TRUST NO MAN (2017),Ca$h,,,"Title 15, Section 3006(c)(1) – violence or physical harm"
TRUST NO MAN 2 (2017),Ca$h,,,"Title 15, Section 3006(c)(1) – violence or physical harm"
"TRUST NO MAN 3, LIKE FATHER LIKE SON",Cash,,,"Title 15, Section 3006(c)(15)(C)(5) – conduct which is or appears to be forceful, threatening or violent"
"TWENTY FIRST CENTURY WATCH, VOLUME 24, NUMBER 3",,,,"Title 15, Section 3006(c)(1) – violence or physical harm"
"TWIST ME, THE COMPLETE TRILOGY (2015)",Anna Zaires,,,"Title 15, Section 3006(c)(16) – sexually explicit images"
"TWISTED GAMES, TWISTED BOOK TWO (2022)",Ana Huang,,,"Title 15, Section 3006(c)(15)(A) – lacks serious literary, artistic, political or scientific value"
"TWISTED HATE, TWISTED BOOK THREE (2022)",Ana Huang,,,"Title 15, Section 3006(c)(15)(A) – lacks serious literary, artistic, political or scientific value"
"TWO FOR TEA, WELCOME TO AZATHE (2023)",C.M. Nascosta,,,"Title 15, Section 3006(c)(15)(A) – lacks serious literary, artistic, political or scientific value"
TWO KNOTTY BOYS SHOWING YOU THE ROPES,Two Knotty Boys,,,"Title 15, Section 3006(d) – presents a serious threat to facility security or the safety of incarcerated persons and staff"
TWO KNOTTY BOYS SHOWING YOU THE ROPES,Two Knotty Boys,,,"Title 15, Section 3006(d) – presents a serious threat to facility security or the safety of incarcerated persons and staff"
"TWO OF A KIND THE HILLSIDE STRANGLERS, THE INSIDE STORY (1985)",Darcy O’brien,,,"Title 15, Section 3006(c)(1) – violence or physical harm"
"TWO-FACED RUSSIAN MONSTER, THE TRUE STORY OF ANDREI CHIKATILO",Murder Laboratory,,,"Title 15, Section 3006(c)(15)(C)(5) – conduct which is or appears to be forceful, threatening or violent"
"TYRANT, BY T.M. FRAZIER (2015)",T.M. Frazier,,,"Title 15, Section 3006(c)(15)(A) – lacks serious literary, artistic, political or scientific value"
U.S. AIRFORCE SURVIVAL HANDBOOK,US Airforce,,,"Title 15, Section 3006(d) – presents a serious threat to facility security or the safety of incarcerated persons and staff"
U.S. ARMY COUNTERINTELLIGEN CE HANDBOOK,US Army,,,"Title 15, Section 3006(d) – presents a serious threat to facility security or the safety of incarcerated persons and staff"
U.S. ARMY GUERRILLA WARFARE HANDBOOK,U.S. Department of the Army,,,"Title 15, Section 3006(d) – presents a serious threat to facility security or the safety of incarcerated persons and staff"
U.S. ARMY HAND-TO- HAND-COMBAT,US Army,,,"Title 15, Section 3006(d) – presents a serious threat to facility security or the safety of incarcerated persons and staff"
U.S. ARMY SPECIAL FORCES GUIDE TO UNCONCONVENTIAL WARFARE: DEVICES AND TECHNIQUES FOR INC.ENDIARIES,US Army,,,"Title 15, Section 3006(d) – presents a serious threat to facility security or the safety of incarcerated persons and staff"
U.S. ARMY SPECIAL FORCES HANDBOOK,Department of the Army,,,"Title 15, Section 3006(d) – presents a serious threat to facility security or the safety of incarcerated persons and staff"
U.S. ARMY SURVIVAL MANUAL FM 21-76,Department of Defense,,,"Title 15, Section 3006(d) – presents a serious threat to facility security or the safety of incarcerated persons and staff"
"U.S. ARMY SURVIVAL MANUAL, DEPARTMENT OF THE ARMY",Peter T. Underwood,,,"Title 15, Section 3006(d) – presents a serious threat to facility security or the safety of incarcerated persons and staff"
U.S. MARINE CLOSE COMBAT FIGHTING HANDBOOK,Jack Hoban,,,"Title 15, Section 3006(d) – presents a serious threat to facility security or the safety of incarcerated persons and staff"
U.S. MARINE COMBAT CONDITIONING,US Marines,,,"Title 15, Section 3006(d) – presents a serious threat to facility security or the safety of incarcerated persons and staff"
"ULTIMATE FIGHTING TECHNIQUES, VOLUME 1, THE TOP GAME",Royce Gracie,,periodical,"Title 15, Section 3006(d) – presents a serious threat to facility security or the safety of incarcerated persons and staff"
ULTIMATE GUIDE TO MARIJUANA,Simon Major,,,"Title 15, Section 3006(d) – presents a serious threat to facility security or the safety of incarcerated persons and staff"
ULTIMATE GUIDE TO TAI CHI THE BEST OF INSIDE KUNG-FU,John R. Little,,,"Title 15, Section 3006(d) – presents a serious threat to facility security or the safety of incarcerated persons and staff"
ULTIMATE WARRIOR WORKOUTS,Martin Rooney,,,"Title 15, Section 3006(d) – presents a serious threat to facility security or the safety of incarcerated persons and staff"
UNBELIEVABLE (2018),T. Christian Miller,,,"Title 15, Section 3006(c)(15)(B)(3) – conduct which is or appears to be forceful, threatening or violent"
"UNBELIEVABLE: THE LIFE, DEATH, AND AFTERLIFE OF THE NOTORIOUS B.I.G",Cheo Hodari Coker,,,"Title 15, Section 3006(d) – presents a serious threat to facility security or the safety of incarcerated persons and staff"
UNBROKEN (2023),Trisha Bailey,,,"Title 15, Section 3006(c)(15)(C)(5) – conduct which is or appears to be forceful, threatening or violent"
UNCENSORED COLORING BOOK,,,,"Title 15, Section 3006(c)(17) – frontal nudity"
UNCENSORED SEX MAGAZINE,,,periodical,"Title 15, Section 3006(c)(17) – frontal nudity"
UNDER LOCK & KEY NOV-DEC. 2018,,,,"Title 15, Section 3006(d) – presents a serious threat to facility security or the safety of incarcerated persons and staff"
"UNDER LOCK & KEY, ISSUE 90, AUGUST 2025",,,periodical,"Title 15, Section 3006(d) – presents a serious threat to facility security or the safety of incarcerated"
"UNDER LOCK & KEY, SPRING 2025, ISSUE 89",,,periodical,"Title 15, Section 3006(c)(19) – STG members or associates"
"UNDER LOCK AND KEY, SUMMER 2023, NO. 81",,,,"Title 15, Section 3006(c)(16) – threat to legitimate penological interests"
"UNDERBOSS, SAMMY THE BULL GRAVANO’S STORY OF LIFE IN THE MAFIA (1999)",Peter Maas,,,"Title 15, Section 3006(c)(1) – violence or physical harm"
"UNDERSTANDING THE ASSAULT ON THE BLACK MAN, BLACK MANHOOD, AND BLACK MASCULINITY",Wesley Muhammad,,,"Title 15, Section 3006(c)(15)(A) – lacks serious literary, artistic, political or scientific value"
UNDERWAY IS THE ONLY WAY,GRIME AND HORITAKA,,,"Title 15, Section 3006(c)(17) – frontal nudity"
UNE SEMAINE DE BONTE,Max Ernst,,,"Title 15, Section 3006(c)(17) – frontal nudity"
"UNLOCKED, THE MAGAZINE, JUNE 2025",,,periodical,"Title 15, Section 3006(c)(19) – STG members or associates"
"UNNATURAL AWAKENING, VOLUME 1",Mirka Andoleo,,periodical,"Title 15, Section 3006(c)(15)(A) – lacks serious literary, artistic, political or scientific value"
"UNSOLVED SERIAL KILLERS, VOLUME 1, BY D.R. WERNER (2021)",D.R. Werner,,periodical,"Title 15, Section 3006(c)(1) – violence or physical harm"
"UNWANTED, A TRUE STORY, VOL. 19",,,,"Title 15, Section 3006(c)(1) – violence or physical harm"
UPRISING: CRIPS AND BLOODS TELL THE STORY OF AMERICA’S YOUTH IN THE CROSSFIRE,Yusuf Jah,,,"Title 15, Section 3006(c)(19) – STG members or associates"
"UPSCALE, DON DIVA MAGAZINE, VOL 4, ISSUE 19",,,periodical,"Title 15, Section 3006(c)(15)(A) – lacks serious literary, artistic, political or scientific value"
UPTOWN THIEF (2016),Aya de Leon,,,"Title 15, Section 3006(c)(15)(A) – lacks serious literary, artistic, political or scientific value"
URBAN ART: THE WORLD AS A CANVAS,Brad Honeycutt,,,"Title 15, Section 3006(c)(17) – frontal nudity"
"URBAN INK MAGAZINE, JULY 2016 ISSUE",,,periodical,"Title 15, Section 3006(c)(15)(A) – lacks serious literary, artistic, political or scientific value"
URBAN TANTRA SACRED SEX FOR THE TWENTY FIRST CENTURY. 2ND EDITION,Barbara Carrellas,,,"Title 15, Section 3006(c)(15)(A) – lacks serious literary, artistic, political or scientific value"
US ARMY RANGER HANDBOOK,US Army,,,"Title 15, Section 3006(d) – presents a serious threat to facility security or the safety of incarcerated persons and staff"
USA TODAY SPECIAL EDITION TRUE CRIME (2023),The Editors of USA Today,,,"Title 15, Section 3006(c)(1) – violence or physical harm"
"USA TODAY SPORTS WEEKLY, VOLUME 24, ISSUE #1",,,periodical,"Title 15, Section 3006 (c)(13) – contains or concerns gambling or a lottery"
"USA TODAY SPORTS WEEKLY, VOLUME 24, ISSUE #2",,,periodical,"Title 15, Section 3006 (c)(13) – contains or concerns gambling or a lottery"
"USA TODAY SPORTS WEEKLY, VOLUME 24, ISSUE #3",,,periodical,"Title 15, Section 3006 (c)(13) – contains or concerns gambling or a lottery"
"USA TODAY SPORTS WEEKLY, VOLUME 24, ISSUE 5",,,periodical,"Title 15, Section 3006 (c)(13) – contains or concerns gambling or a lottery"
"USA TODAY SPORTS WEEKLY, VOLUME 24, ISSUE 7",,,periodical,"Title 15, Section 3006 (c)(13) – contains or concerns gambling or a lottery"
"USA TODAY, SPORTS WEEKLY, VOL. 23, ISSUE #51",,,periodical,"Title 15, Section 3006 (c)(13) – contains or concerns gambling or a lottery"
"USA TODAY, SPORTS WEEKLY, VOL. 23, ISSUE #52",,,periodical,"Title 15, Section 3006 (c)(13) – contains or concerns gambling or a lottery"
"USA TODAY, SPORTS WEEKLY, VOL. 23, ISSUE #53",,,periodical,"Title 15, Section 3006 (c)(13) – contains or concerns gambling or a lottery"
USE MUSIC TO KILL,Phile Hale,,,"Title 15, Section 3006(c)(17) – frontal nudity"
"UVP 2015 CATALOG, NON-NUDE PHOTO SETS",,,,"Title 15, Section 3006(c)(15)(A) – lacks serious literary, artistic, political or scientific value"
V FOR VENDETTA,Alan Moore and David Lloyd,,,"Title 15, Section 3006(c)(17) – frontal nudity"
"VAGABOND, VOLUME 5",Takehiko Inoue,,periodical,"Title 15, Section 3006(c)(15)(A) – lacks serious literary, artistic, political or scientific value"
"VAGABOND, VOLUME 6",Takehiko Inoue,,periodical,"Title 15, Section 3006(c)(15)(A) – lacks serious literary, artistic, political or scientific value"
"VAGABOND, VOLUME 7",Takehiko Inoue,,periodical,"Title 15, Section 3006(c)(17) – frontal nudity"
"VAGOS, MONGOLS, AND OUTLAWS, MY INFILTRATION OF AMERICA’S DEADLIEST BIKER GANGS",Charles Falco with Kerrie Droban,,,"Title 15, Section 3006(c)(19) – STG members or associates"
VAMPIRE DANCE,Sergio Bleda,,,"Title 15, Section 3006(c)(17) – frontal nudity"
VANISH (2023),Tess Gerritsen,,,"Title 15, Section 3006(c)(15)(B)(3) – conduct which is or appears to be forceful, threatening or violent"
"VANITY FAIR MAGAZINE, NOVEMBER 2024",,,periodical,"Title 15, Section 3006(c)(19) – STG members or associates"
VARIETIES OF VISUAL EXPERIENCE (1972),Edmund Burke Feldman,,,"Title 15, Section 3006(c)(15)(C)(3) – contains or concerns of nudity of a minor, or person who appears to be under 18 years old."
"VEIL OF MIDNIGHT, BY LARA ADRIAN (2009)",Lara Adrian,,,"Title 15, Section 3006(c)(15)(A) – lacks serious literary, artistic, political or scientific value"
"VENGEANCE, A NOVEL (2017)",Zane,,,"Title 15, Section 3006(c)(15)(A) – lacks serious literary, artistic, political or scientific value"
VENUS IN THE BLIND SPOT (2022),Junji Ito,,,"Title 15, Section 3006(c)(16) – sexually explicit images"
VERITY (2021),Colleen Hoover,,,"Title 15, Section 3006(c)(15)(A) – lacks serious literary, artistic, political or scientific value"
"VHS VIDEO COVER ART, 1980’S TO EARLY 1990’S (2015)",Thomas Hodge,,,"Title 15, Section 3006(c)(16) – sexually explicit images"
"VICE, DECEMBER 2018",,,,"Title 15, Section 3006(c)(17) – frontal nudity"
"VICE, NEWS, NUDITY AND NONSENSE",Jesse Pearson,,,"Title 15, Section 3006(c)(17) – frontal nudity"
"VICE, SEPTEMBER 2021",,,,"Title 15, Section 3006(c)(17) – frontal nudity"
"VICE, THE STUPID ISSUE, VOL 27",,,periodical,"Title 15, Section 3006(c)(15)(A) – lacks serious literary, artistic, political or scientific value"
VICTORY OR VALHALLA,David Lane,,,"Title 15, Section 3006(c)(15)(C)(3) – contains or concerns of nudity of a minor, or person who appears to be under 18 years old."
"VIETNAM, AN EPIC TRAGEDY, 1945-1975 (2018)",,,,"Title 15, Section 3006(c)(15)(C)(3) – contains or concerns of nudity of a minor, or person who appears to be under 18 years old."
VILLAINOUS VIXENS PRESENTS: LASSNITE,Tia Tormen,,,"Title 15, Section 3006(c)(17) – frontal nudity"
"VIOLENT ORDER, ESSAYS ON THE NATURE OF POLICE (2021)",David Correia & Tyler Wall,,,"Title 15, Section 3006(c)(1) – violence or physical harm"
"VIPERS AND VIRTUOSOS, DELUXE EDITION, MONSTERS & MUSES, 2 (2021)",Sav R. Miller,,,"Title 15, Section 3006(c)(15)(A) – lacks serious literary, artistic, political or scientific value"
VIRGIN CALL GIRL (2012),Thomas Newgen and Barbara Deloto,,,"Title 15, Section 3006(c)(15)(A) – lacks serious literary, artistic, political or scientific value"
"VIRGIN KNIGHT, I BECAME THE FRONTIER LORD IN A WORLD RULED BY WOMEN, VOLUME 1 (2025)",Mitizou,,periodical,"Title 15, Section 3006(c)(16) – sexually explicit images"
"VIRGIN VENTURES, THE HILARIOUS HIJINKS OF EROTIC AMATEURS, VOLUME 1 (2025)",Kuroseimu,,periodical,"Title 15, Section 3006(c)(16) – sexually explicit images"
VIRTUAL REALITY,Joey W. Hill,,,"Title 15, Section 3006(c)(15)(A) – lacks serious literary, artistic, political or scientific value"
VIVA VAN STORY’S SHEER,Viva Van,,,"Title 15, Section 3006(c)(17) – frontal nudity"
"VIXEN, BLACK GF’S",,,,"Title 15, Section 3006(c)(15)(A) – lacks serious literary, artistic, political or scientific value"
"VIXEN, THE HOTTEST INSTAGRAM MODELS OF 2021, PREMIERE ISSUE",,,periodical,"Title 15, Section 3006(c)(15)(A) – lacks serious literary, artistic, political or scientific value"
"VOGUE MAGAZINE, MAY 2017 ISSUE",,,periodical,"Title 15, Section 3006(c)(15)(A) – lacks serious literary, artistic, political or scientific value"
"VOLUPTUOUS CURVES MAGAZINE, BEAUTY COMES IN ALL SIZES, ISSUE 1",,,periodical,"Title 15, Section 3006(c)(17) – frontal nudity"
"VOLUPTUOUS CURVES MAGAZINE, BEAUTY COMES IN ALL SIZES, ISSUE 2",,,periodical,"Title 15, Section 3006(c)(17) – frontal nudity"
VOYEUR (2018),Fiona Cole,,,"Title 15, Section 3006(c)(15)(A) – lacks serious literary, artistic, political or scientific value"
"W BEST PERFORMANCES, VOL. 1",,,,"Title 15, Section 3006(c)(17) – frontal nudity"
WAKING WITH ENEMIES,Eric Jerome Dickey,,,"Title 15, Section 3006(c)(15)(A) – lacks serious literary, artistic, political or scientific value"
"WANTED SUMMER 2014, VOLUME 3",Various Authors,,periodical,"Title 15, Section 3006(c)(15)(A) – lacks serious literary, artistic, political or scientific value"
"WANTED WINTER 2013, A JOURNAL OF DESIRES, VOLUME 2",Various Authors,,periodical,"Title 15, Section 3006(c)(15)(A) – lacks serious literary, artistic, political or scientific value"
"WAR AGAINST ALL PUERTO RICAN, REVOLUTION AND TERROR IN AMERICA’S COLONY (2016)",Bold Type Books,,,"Title 15, Section 3006(c)(1) – violence or physical harm"
"WAR AGAINST ALL PUERTO RICANS, REVOLUTION AND TERROR IN AMERICA’S COLONY",Nelson A. Denis (2016),,,"Title 15, Section 3006(c)(15)(C)(5) – conduct which is or appears to be forceful, threatening or violent"
WAR WITH EMPTY HANDS,Lenox Cramer,,,"Title 15, Section 3006(d) – presents a serious threat to facility security or the safety of incarcerated persons and staff"
WARHAMMER 40.000 CHARACTER ENCYCLOPEDIA (2025),Wade Pryce,,,"Title 15, Section 3006(d) – presents a serious threat to facility security or the safety of incarcerated"
WARRIOR (2016),Mistah Fab and Stone Ramsey,,,"Title 15, Section 3006(c)(15)(A) – lacks serious literary, artistic, political or scientific value"
WARRIOR CARDIO,Martin Rooney,,,"Title 15, Section 3006(d) – presents a serious threat to facility security or the safety of incarcerated persons and staff"
"WARRIORS OF GOD, HUSSITE TRILOGY, 2, BY ANDRZEJ SAPKOWSKI (2021)",Andrzej Sapkowski,,,"Title 15, Section 3006(c)(1) – violence or physical harm"
WAYS OF SEEING,John Berger,,,"Title 15, Section 3006(c)(15)(A) – lacks serious literary, artistic, political or scientific value"
"WAYWARD LIVES, BEAUTIFUL EXPERIMENTS",Saidiya Hartman,,,"Title 15, Section 3006(c)(17) – frontal nudity"
WEB OF DESIRE (2008),Ray Gordon,,,"Title 15, Section 3006(c)(15)(A) – lacks serious literary, artistic, political or scientific value"
WEIRDO DELUXE,Matt Dukes Jordan,,,"Title 15, Section 3006(c)(17) – frontal nudity"
"WELCOME TO DOLL, AUGUST 2018",,,,"Title 15, Section 3006(c)(15)(A) – lacks serious literary, artistic, political or scientific value"
WELCOME TO TOKOHARU APARTMENTS,Kisaragi Gunma,,,"Title 15, Section 3006(c)(17) – frontal nudity"
WELFARE WIFEYS,K’Wan,,,"Title 15, Section 3006(c)(15)(A) – lacks serious literary, artistic, political or scientific value"
"WELL KONNECTED MAGAZINE, RASHA B ISSUE",,,periodical,"Title 15, Section 3006(c)(17) – frontal nudity"
"WET DREAMS ON LOCKDOWN, THE LIBRARIAN (2024)",Ashley Williams,,,"Title 15, Section 3006(c)(15)(A) – lacks serious literary, artistic, political or scientific value"
"WET, MORE AQUA EROTICA",Mary Anne Mohanraj,,,"Title 15, Section 3006(c)(15)(A) – lacks serious literary, artistic, political or scientific value"
"WET, MORE AQUA EROTICA",Mary Anne Mohanraj,,,"Title 15, Section 3006(c)(15)(A) – lacks serious literary, artistic, political or scientific"
"WHAT BAD BITCHES, THE POWER BEHIND A BOSS ARYANNA",Jill Alicea,,,"Title 15, Section 3006(c)(15)(A) – lacks serious literary, artistic, political or scientific value"
"WHAT KIND OF BIRD CAN’T FLY, A MEMOIR OF RESILIENCE AND RESURRECTION (2024)",Dorsey Nunn,,,"Title 15, Section 3006(d) – presents a serious threat to facility security or the safety of incarcerated"
WHAT KNOT,Geoffrey Budworth,,,"Title 15, Section 3006(d) – presents a serious threat to facility security or the safety of incarcerated persons and staff"
"WHEELS MAGAZINE, ISSUE #55",N/A,,periodical,"Title 15, Section 3006(c)(15)(A) – lacks serious literary, artistic, political or scientific value"
WHEN A WOMEN’S FED UP (2024),Keaidy Bennett and Nenshia Daniels,,,"Title 15, Section 3006(c)(15)(A) – lacks serious literary, artistic, political or scientific value"
WHEN SATAN WORE A CROSS,Fred Rosen,,,"Title 15, Section 3006(c)(17) – frontal nudity"
WHEN VIOLENCE IS THE ANSWER,Tim Larken,,,"Title 15, Section 3006(d) – presents a serious threat to facility security or the safety of incarcerated persons and staff"
WHITE (2012),Michael Hussar,,,"Title 15, Section 3006(c)(15)(A) – lacks serious literary, artistic, political or scientific value"
WHITE AMERICAN YOUTH,Christian Picciolini,,,"Title 15, Section 3006(c)(1) – violence or physical harm"
WHITE CLOUD WORLDS,Paul Tobin,,,"Title 15, Section 3006(c)(17) – frontal nudity"
"WHITE DWARF MAGAZINE, ISSUE 515",,,periodical,"Title 15, Section 3006(d) – presents a serious threat to facility security or the safety of incarcerated"
"WHITE DWARF, ISSUE 512 (2025)",,,periodical,"Title 15, Section 3006(d) – presents a serious threat to facility security or the safety of incarcerated"
"WHITE DWARF, ISSUE 517 (2025)",,,periodical,"Title 15, Section 3006(d) – presents a serious threat to facility security or the safety of incarcerated"
"WHITE DWARF, LORDS OF CHANGE, ISSUE 514 (2025)",,,periodical,"Title 15, Section 3006(d) – presents a serious threat to facility security or the safety of incarcerated"
"WHITE MAN’S JUSTICE, BLACK MAN’S GRIEF",Donald Goines,,,"Title 15, Section 3006(c)(15)(C)(5) – conduct which is or appears to be forceful, threatening or violent"
"WHITE PAGES CATALOG 3, VOLUME 2",,,periodical,"Title 15, Section 3006(c)(15)(A) – lacks serious literary, artistic, political or scientific value"
"WHITE VOICE MAGAZINE, ISSUE NUMBER 55, NOVEMBER- DECEMBER 2016",,,periodical,"Title 15, Section 3006(d) – presents a serious threat to facility security or the safety of incarcerated persons and staff"
"WHITE VOICE MAGAZINE, ISSUE NUMBER 55, NOVEMBER- DECEMBER 2016",,,periodical,"Title 15, Section 3006(d) – presents a serious threat to facility security or the safety of incarcerated persons and staff"
"WHITE VOICE MAGAZINE, ISSUE NUMBER 56, JANUARY- FEBRUARY 2017",,,periodical,"Title 15, Section 3006(d) – presents a serious threat to facility security or the safety of incarcerated persons and staff"
"WHITE VOICE MAGAZINE, ISSUE NUMBER 56, JANUARY- FEBRUARY 2017",,,periodical,"Title 15, Section 3006(d) – presents a serious threat to facility security or the safety of incarcerated persons and staff"
WHO ARE YOU: 100 WAYS OF SEEING YOURSELF,Malcolm Godwin,,,"Title 15, Section 3006(c)(17) – frontal nudity"
"WHO WANT WHAT PRESENTS, EBONY ADULT SCREEN SHOTS QUEENS 2",,,,"Title 15, Section 3006(c)(15)(A) – lacks serious literary, artistic, political or scientific value"
"WHO WANTS TO MARRY A BILLIONAIRE, VOLUME 1",Mikoto Yamaguch,,periodical,"Title 15, Section 3006(c)(17) – frontal nudity"
WHORESON (2021),Donald Goines,,,"Title 15, Section 3006(c)(15)(C)(5) – conduct which is or appears to be forceful, threatening or violent"
WHO’S BEEN SLEEPING IN YOUR HEAD: THE SECRET WORLD OF SEXUAL FANTASIES,Brent Kahr,,,"Title 15, Section 3006(c)(15)(A) – lacks serious literary, artistic, political or scientific value"
WHY MEN RAPE (2020),Tara Kaushal,,,"Title 15, Section 3006(c)(15)(A) – lacks serious literary, artistic, political or scientific value"
"WICKED BEAUTY, DARK OLYMPUS, 3 (2022)",Katee Robert,,,"Title 15, Section 3006(c)(15)(A) – lacks serious literary, artistic, political or scientific value"
WICKED KISSES,Arantza,,,"Title 15, Section 3006(c)(17) – frontal nudity"
WICKED QUICKIES,Audacia Ray,,,"Title 15, Section 3006(c)(15)(A) – lacks serious literary, artistic, political or scientific value"
WILD NIGHTS,David Deida,,,"Title 15, Section 3006(c)(15)(A) – lacks serious literary, artistic, political or scientific value"
WILD SIDE (2025),Elsie Silver,,,"Title 15, Section 3006(c)(15)(A) – lacks serious literary, artistic, political or scientific value"
"WILD SKETCHES, VOLUME 1",Luis Royo Romulo,,periodical,"Title 15, Section 3006(c)(17) – frontal nudity"
"WILD SKETCHES, VOLUME 2",Luis Royo Romulo,,periodical,"Title 15, Section 3006(c)(17) – frontal nudity"
WILD WASTES,,,,"Title 15, Section 3006(c)(15)(A) – lacks serious literary, artistic, political or scientific value"
WILD WASTES EASTERN EXPANSION,,,,"Title 15, Section 3006(c)(15)(A) – lacks serious literary, artistic, political or scientific value"
"WING CHUN KUNG-FU, WEAPONS & ADVANCED TECHNIQUES",Joseph Wayne Smith,,,"Title 15, Section 3006(d) – presents a serious threat to facility security or the safety of and staff"
WING CHUN LUNG FU: TRADITIONAL CHINESE KUNG FU FOR SELF-DEFENCE AND HEALTH,Ip Chun and Michael Tse,,,"Title 15, Section 3006(d) – presents a serious threat to facility security or the safety of incarcerated persons and staff"
"WIRED MAGAZINE, AUGUST 2015 ISSUE",,,periodical,"Title 15, Section 3006(d) – presents a serious threat to facility security or the safety of incarcerated persons and staff"
"WIRED MAGAZINE, JANUARY 2016 ISSUE",,,periodical,"Title 15, Section 3006(d) – presents a serious threat to facility security or the safety of incarcerated persons and staff"
"WIRED MAGAZINE, JUNE 2015",N/A,,periodical,"Title 15, Section 3006(c)(15)(A) – lacks serious literary, artistic, political or scientific value"
"WIRED MAGAZINE, JUNE 2016 ISSUE",,,periodical,"Title 15, Section 3006(d) – presents a serious threat to facility security or the safety of incarcerated persons and staff"
"WIRED MAGAZINE, MARCH 2015",N/A,,periodical,"Title 15, Section 3006(c)(17) – frontal nudity"
"WIRED MAGAZINE, OCTOBER 2015 ISSUE",,,periodical,"Title 15, Section 3006(d) – presents a serious threat to facility security or the safety of incarcerated persons and staff"
"WIRED MAGAZINE, THAT’S THE LAW FOLKS!, JULY-AUGUST 2025",,,periodical,"Title 15, Section 3006(d) – presents a serious threat to facility security or the safety of incarcerated"
WISE GUY (2023),Nicholas Pileggi,,,"Title 15, Section 3006(c)(1) – violence or physical harm"
WITCHES & WICKED BODIES,Deanna,,,"Title 15, Section 3006(d) – presents a serious threat to facility security or the safety of incarcerated persons and staff"
WITHOUT PITY,Ann Rule,,,"Title 15, Section 3006(c)(15)(C)(5) – conduct which is or appears to be forceful, threatening or violent"
WITHOUT REDEMPTION,"Vonda Pelto, PH.D and Michael B. Butler",,,"Title 15, Section 3006(c)(15)(C)(5) – conduct which is or appears to be forceful, threatening or violent"
"WOLVERINE, OLD MAN LOGAN (2010)",Mark Millar,,,"Title 15, Section 3006(c)(1) – violence or physical harm"
"WOMANHOOD, THE BARE REALITY",Laura Dodsworth,,,"Title 15, Section 3006(c)(17) – frontal nudity"
WOMANIZER,Katy Evans,,,"Title 15, Section 3006(c)(15)(A) – lacks serious literary, artistic, political or scientific value"
"WOMEN LIE MEN LIE, PART 2, A GRITTY URBAN FICTION NOVEL OF VENGEANCE AND MURDER SET IN PONTIAC, MICHIGAN (2019)",A. Roy Milligan,,,"Title 15, Section 3006(c)(15)(A) – lacks serious literary, artistic, political or scientific value"
"WOMEN LIE MEN LIE, PART 3, A CRIME DRAMA NOVEL, STREET JUSTICE IN THE ATLANTA HOOD (2020)",A. Roy Milligan,,,"Title 15, Section 3006(c)(15)(A) – lacks serious literary, artistic, political or scientific value"
WOMEN ON TOP,Nancy Friday,,,"Title 15, Section 3006(c)(15)(A) – lacks serious literary, artistic, political or scientific value"
"WOMEN, A NOVEL (2014)",Charles Budowski,,,"Title 15, Section 3006(c)(15)(A) – lacks serious literary, artistic, political or scientific value"
"WOMEN’S HEALTH MAGAZINE, JANUARY- FEBRUARY 2017 ISSUE",,,periodical,"Title 15, Section 3006(c)(15)(A) – lacks serious literary, artistic, political or scientific value"
WORK FOR PLEASURE,Project-H,,,"Title 15, Section 3006(c)(15)(A) – lacks serious literary, artistic, political or scientific value"
"WORKERS WORLD, VOLUME 60, NUMBER 30, JULY 26, 2018",,,,"Title 15, Section 3006(d) – presents a serious threat to facility security or the safety of incarcerated persons and staff"
"WORLD WAR, TANK GIRL",Alan Martin and Brett Parson,,,"Title 15, Section 3006(c)(17) – frontal nudity"
"WORLD WITHOUT END, A NOVEL (2008)",Ken Follett,,,"Title 15, Section 3006(c)(15)(A) – lacks serious literary, artistic, political or scientific value"
"WORLD’S END HAREM FANTASIA, VOL. 1",Jason DeAngelis,,,"Title 15, Section 3006(c)(17) – frontal nudity"
"WORLD’S END HAREM, VOLUME 1",Kotaro Shono,,periodical,"Title 15, Section 3006(c)(17) – frontal nudity"
WORLS PRESS PHOTO 11,,,,"Title 15, Section 3006(c)(17) – frontal nudity"
WRATH,K’Wan,,,"Title 15, Section 3006(c)(15)(C)(5) – conduct which is or appears to be forceful, threatening or violent"
WRECK & RUIN (2023),Emma Slate,,,"Title 15, Section 3006(c)(15)(A) – lacks serious literary, artistic, political or scientific value"
"WRITE ME!, QUESTIONS FOR FRIENDSHIPS, PEN PALS, LOVERS AND HOW TO WRITE LETTERS, PROFILES, AND MORE (2025)",Cisco Youngster,,,"Title 15, Section 3006(c)(15)(A) – lacks serious literary, artistic, political or scientific value"
WRITING MY WRONGS,Shaka Senghor,,,"Title 15, Section 3006(c)(15)(C)(5) – conduct which is or appears to be forceful, threatening or violent"
X RATED ACTION GUIDE MAGAZINE,,,periodical,"Title 15, Section 3006(c)(17) – frontal nudity"
X RATED CINEMA MAGAZINE,,,periodical,"Title 15, Section 3006(c)(17) – frontal nudity"
XL GIRLS MAGAZINE,,,periodical,"Title 15, Section 3006(c)(17) – frontal nudity"
XXX VIDEO MAGAZINE,,,periodical,"Title 15, Section 3006(c)(17) – frontal nudity"
"YADADAMEAN, BAY BIZNESS (2014)",Stone Ramsey and Keak Da Sneak,,,"Title 15, Section 3006(c)(15)(A) – lacks serious literary, artistic, political or scientific"
"YADADAMEAN, BAY BIZNESS 2 (2016)",Stone Ramsey and Keak Da Sneak,,,"Title 15, Section 3006(c)(15)(A) – lacks serious literary, artistic, political or scientific value"
"YARD DOWN, SECURITY THREAT GROUP (2024)",Keith W. Chandler,,,"Title 15, Section 3006(c)(19) – STG members or associates"
"YARD LIFE EXPOSE, REAL LIFE INSIDE OF PRISON",Sodo Austin,,,"Title 15, Section 3006(c)(19) – STG members or associates"
"YKTV MAGAZINE, BANG PLATINUM, VOLUME 13",,,periodical,"Title 15, Section 3006(c)(17) – frontal nudity"
"YKTV MAGAZINE, BLACK VOLUME 16",,,periodical,"Title 15, Section 3006(c)(17) – frontal nudity"
"YKTV MAGAZINE, BLACK, VOLUME 23",,,periodical,"Title 15, Section 3006(c)(17) – frontal nudity"
"YKTV MAGAZINE, COVID, BLACK, VOLUME 11",,,periodical,"Title 15, Section 3006(c)(17) – frontal nudity"
"YKTV MAGAZINE, COVID, GOLD, VOLUME 11",,,periodical,"Title 15, Section 3006(c)(17) – frontal nudity"
"YKTV MAGAZINE, COVID, PLATINUM, VOLUME 11",,,periodical,"Title 15, Section 3006(c)(17) – frontal nudity"
"YKTV MAGAZINE, CREAM, BUTTER PECAN, VOLUME 9",,,periodical,"Title 15, Section 3006(c)(17) – frontal nudity"
"YKTV MAGAZINE, CREAM, CHOCOLATE, VOLUME 9",,,periodical,"Title 15, Section 3006(c)(17) – frontal nudity"
"YKTV MAGAZINE, DIRTY 30, GOLD, VOLUME 30",,,periodical,"Title 15, Section 3006(c)(16) – sexually explicit images"
"YKTV MAGAZINE, DIRTY 30, PLATINUM, VOLUME 30",,,periodical,"Title 15, Section 3006(c)(16) – sexually explicit images"
"YKTV MAGAZINE, DIRTY 30, RED, VOLUME 30 SE",,,periodical,"Title 15, Section 3006(c)(16) – sexually explicit images"
"YKTV MAGAZINE, DOONIES, NYS BLACK VOLUME 28",,,periodical,"Title 15, Section 3006(c)(16) – sexually explicit images"
"YKTV MAGAZINE, DOONIES, NYS GOLD VOLUME 28",,,periodical,"Title 15, Section 3006(c)(16) – sexually explicit images"
"YKTV MAGAZINE, DOONIES, NYS PLATINUM VOLUME 28",,,periodical,"Title 15, Section 3006(c)(16) – sexually explicit images"
"YKTV MAGAZINE, FOREPLAY GOLD, VOL. 7",,,periodical,"Title 15, Section 3006(c)(17) – frontal nudity"
"YKTV MAGAZINE, FOREPLAY, ASIAN, SPECIAL EDITION",,,periodical,"Title 15, Section 3006(c)(17) – frontal nudity"
"YKTV MAGAZINE, FOREPLAY, BBW, BLACK, VOL. 20",,,periodical,"Title 15, Section 3006(c)(16) – sexually explicit images"
"YKTV MAGAZINE, FOREPLAY, BBW, GOLD, VOL. 20",,,periodical,"Title 15, Section 3006(c)(16) – sexually explicit images"
"YKTV MAGAZINE, FOREPLAY, BBW, PLATINUM, VOL. 20",,,periodical,"Title 15, Section 3006(c)(16) – sexually explicit images"
"YKTV MAGAZINE, FOREPLAY, BBW, VOLUME 175E",,,periodical,"Title 15, Section 3006(c)(17) – frontal nudity"
"YKTV MAGAZINE, FOREPLAY, BLACK 5",,,periodical,"Title 15, Section 3006(c)(17) – frontal nudity"
"YKTV MAGAZINE, FOREPLAY, BLACK, VOL. 24",,,periodical,"Title 15, Section 3006(c)(16) – sexually explicit images"
"YKTV MAGAZINE, FOREPLAY, BLACK, VOL. 25",,,periodical,"Title 15, Section 3006(c)(16) – sexually explicit images"
"YKTV MAGAZINE, FOREPLAY, BLACK, VOLUME #8",,,periodical,"Title 15, Section 3006(c)(17) – frontal nudity"
"YKTV MAGAZINE, FOREPLAY, BLACK, VOLUME 22",,,periodical,"Title 15, Section 3006(c)(16) – sexually explicit images"
"YKTV MAGAZINE, FOREPLAY, BLACK, VOLUME 23",,,periodical,"Title 15, Section 3006(c)(16) – sexually explicit images"
"YKTV MAGAZINE, FOREPLAY, FEET EXTREME",,,periodical,"Title 15, Section 3006(c)(16) – sexually explicit images"
"YKTV MAGAZINE, FOREPLAY, GOLD, TWITTER RELOADED, VOLUME 14",,,periodical,"Title 15, Section 3006(c)(17) – frontal nudity"
"YKTV MAGAZINE, FOREPLAY, GOLD, VOL. 24",,,periodical,"Title 15, Section 3006(c)(16) – sexually explicit images"
"YKTV MAGAZINE, FOREPLAY, GOLD, VOL. 25",,,periodical,"Title 15, Section 3006(c)(16) – sexually explicit images"
"YKTV MAGAZINE, FOREPLAY, GOLD, VOLUME 16",,,periodical,"Title 15, Section 3006(c)(17) – frontal nudity"
"YKTV MAGAZINE, FOREPLAY, GOLD, VOLUME 22",,,periodical,"Title 15, Section 3006(c)(16) – sexually explicit images"
"YKTV MAGAZINE, FOREPLAY, GOLD, VOLUME 23",,,periodical,"Title 15, Section 3006(c)(16) – sexually explicit images"
"YKTV MAGAZINE, FOREPLAY, PLATINUM VOLUME 27",,,periodical,"Title 15, Section 3006(c)(16) – sexually explicit images"
"YKTV MAGAZINE, FOREPLAY, PLATINUM, VOL. 24",,,periodical,"Title 15, Section 3006(c)(16) – sexually explicit images"
"YKTV MAGAZINE, FOREPLAY, PLATINUM, VOL. 25",,,periodical,"Title 15, Section 3006(c)(16) – sexually explicit images"
"YKTV MAGAZINE, FOREPLAY, PLATINUM, VOLUME 1",,,periodical,"Title 15, Section 3006(c)(17) – frontal nudity"
"YKTV MAGAZINE, FOREPLAY, PLATINUM, VOLUME 14",,,periodical,"Title 15, Section 3006(c)(17) – frontal nudity"
"YKTV MAGAZINE, FOREPLAY, PLATINUM, VOLUME 19",,,periodical,"Title 15, Section 3006(c)(16) – sexually explicit images"
"YKTV MAGAZINE, FOREPLAY, PLATINUM, VOLUME 22",,,periodical,"Title 15, Section 3006(c)(16) – sexually explicit images"
"YKTV MAGAZINE, FOREPLAY, PLATINUM, VOLUME 23",,,periodical,"Title 15, Section 3006(c)(16) – sexually explicit images"
"YKTV MAGAZINE, FOREPLAY, RED, SPECIAL EDITION #2",,,periodical,"Title 15, Section 3006(c)(17) – frontal nudity"
"YKTV MAGAZINE, FOREPLAY, RED, VOL. 20 SE",,,periodical,"Title 15, Section 3006(c)(16) – sexually explicit images"
"YKTV MAGAZINE, FOREPLAY, RED, VOL. 24 SE",,,periodical,"Title 15, Section 3006(c)(16) – sexually explicit images"
"YKTV MAGAZINE, FOREPLAY, RED, VOLUME 22 SE",,,periodical,"Title 15, Section 3006(c)(16) – sexually explicit images"
"YKTV MAGAZINE, FREAKEND, NYS PLATINUM VOLUME 22",,,periodical,"Title 15, Section 3006(c)(16) – sexually explicit images"
"YKTV MAGAZINE, GOLD, VOLUME 23",,,periodical,"Title 15, Section 3006(c)(17) – frontal nudity"
"YKTV MAGAZINE, GOLD, VOLUME 24",,,periodical,"Title 15, Section 3006(c)(17) – frontal nudity"
"YKTV MAGAZINE, HEWCHIE KEWCHIE, BLACK, VOLUME 32",,,periodical,"Title 15, Section 3006(c)(16) – sexually explicit images"
"YKTV MAGAZINE, I LOVE FEET, SPECIAL EDITION, VOLUME 3",,,periodical,"Title 15, Section 3006(c)(17) – frontal nudity"
"YKTV MAGAZINE, INDEPENDENCE BAE, NYS BLACK VOLUME 27",,,periodical,"Title 15, Section 3006(c)(16) – sexually explicit images"
"YKTV MAGAZINE, INDEPENDENCE BAE, NYS GOLD VOLUME 27",,,periodical,"Title 15, Section 3006(c)(16) – sexually explicit images"
"YKTV MAGAZINE, INDEPENDENCE BAE, NYS PLATINUM VOLUME 27",,,periodical,"Title 15, Section 3006(c)(16) – sexually explicit images"
"YKTV MAGAZINE, JUICEBOX, BLACK, VOLUME 12",,,periodical,"Title 15, Section 3006(c)(17) – frontal nudity"
"YKTV MAGAZINE, LICK OR SUM, NYS BLACK VOLUME 31",,,periodical,"Title 15, Section 3006(c)(16) – sexually explicit images"
"YKTV MAGAZINE, LICK OR SUM, NYS GOLD VOLUME 31",,,periodical,"Title 15, Section 3006(c)(16) – sexually explicit images"
"YKTV MAGAZINE, LICK OR SUM, NYS PLATINUM VOLUME 31",,,periodical,"Title 15, Section 3006(c)(16) – sexually explicit images"
"YKTV MAGAZINE, ONLY FANS, FOREPLAY, GOLD SPECIAL EDITION",,,periodical,"Title 15, Section 3006(c)(17) – frontal nudity"
"YKTV MAGAZINE, PLATINUM, VOLUME 23",,,periodical,"Title 15, Section 3006(c)(17) – frontal nudity"
"YKTV MAGAZINE, PLATINUM, VOLUME 24",,,periodical,"Title 15, Section 3006(c)(16) – sexually explicit images"
"YKTV MAGAZINE, POUND TOWN, NYS GOLD VOLUME 21",,,periodical,"Title 15, Section 3006(c)(16) – sexually explicit images"
"YKTV MAGAZINE, PUSHIN’ P, PLATINUM VOLUME 19",,,periodical,"Title 15, Section 3006(c)(16) – sexually explicit images"
"YKTV MAGAZINE, RED, VOLUME 23",,,periodical,"Title 15, Section 3006(c)(17) – frontal nudity"
"YKTV MAGAZINE, SINDERALLA, NYS PLATINUM, VOLUME 26",,,periodical,"Title 15, Section 3006(c)(16) – sexually explicit images"
"YKTV MAGAZINE, SMOOCHIES, NYS PLATINUM VOLUME 24",,,periodical,"Title 15, Section 3006(c)(16) – sexually explicit images"
"YKTV MAGAZINE, SNEAKY LINKS, GOLD VOLUME 25",,,periodical,"Title 15, Section 3006(c)(16) – sexually explicit images"
"YKTV MAGAZINE, SNEAKY LINKS, NYS PLATINUM VOLUME 25",,,periodical,"Title 15, Section 3006(c)(16) – sexually explicit images"
"YKTV MAGAZINE, VIRAL, EXXXOTICA, SPECIAL EDITION, VOLUME 1",,,periodical,"Title 15, Section 3006(c)(16) – sexually explicit images"
"YKTV MAGAZINE, VIRAL, I LOVE GIRLS, GOLD, VOLUME 3",,,periodical,"Title 15, Section 3006(c)(17) – frontal nudity"
"YKTV MAGAZINE, VIRAL, VOL. 16",,,periodical,"Title 15, Section 3006(c)(17) – frontal nudity"
"YKTV MAGAZINE, VIRAL, VOLUME 13",,,periodical,"Title 15, Section 3006(c)(15)(A) – lacks serious literary, artistic, political or scientific value"
"YKTV MAGAZINE, VIROL, PORNSTAGRAM, VOLUME 3",,,periodical,"Title 15, Section 3006(c)(16) – sexually explicit images"
"YKTV MAGAZINE, VIROL, VOLUME 4",,,periodical,"Title 15, Section 3006(c)(17) – frontal nudity"
"YKTV, FETISH, COUGARS",,,,"Title 15, Section 3006(c)(17) – frontal nudity"
"YKTV, FOREPLAY GOLD, VOLUME 16",,,,"Title 15, Section 3006(c)(17) – frontal nudity"
"YKTV, FOREPLAY, BLACK, VOLUME 4",,,periodical,"Title 15, Section 3006(c)(17) – frontal nudity"
"YKTV, FOREPLAY, GOLD 5",,,,"Title 15, Section 3006(c)(17) – frontal nudity"
"YKTV, FOREPLAY, GOLD, VOLUME 4",,,periodical,"Title 15, Section 3006(c)(17) – frontal nudity"
"YKTV, FOREPLAY, PLATINUM, VOLUME 4",,,periodical,"Title 15, Section 3006(c)(17) – frontal nudity"
"YKTV, FOREPLAY, RED SE VOL. 13",,,,"Title 15, Section 3006(c)(17) – frontal nudity"
"YKTV, FOREPLAY, RED SE VOL. 13",,,,"Title 15, Section 3006(c)(17) – frontal nudity"
"YKTV, GOLD FOREPLAY, PLATINUM 5",,,,"Title 15, Section 3006(c)(17) – frontal nudity"
"YKTV, GOLD FOREPLAY, VOL. 13",,,,"Title 15, Section 3006(c)(17) – frontal nudity"
"YKTV, VIROL, STRIP CLUB SHOWDOWN, VOL. 11",,,,"Title 15, Section 3006(c)(15)(A) – lacks serious literary, artistic, political or scientific value"
"YOKAI GIRLS, VOLUME 3",Kazuki Funatsu,,periodical,"Title 15, Section 3006(c)(17) – frontal nudity"
"YORHA, PEARL HARBOR DESCENT RECORD, A NIER, AUOTOMATA STORY 01 (2022)",Yoko Taro,,,"Title 15, Section 3006(c)(15)(B)(3) – conduct which is or appears to be forceful, threatening or violent"
"YOUNG MAGAZINE, 28881, 12-07, 2020",,,periodical,"Title 15, Section 3006(c)(17) – frontal nudity"
"YOUNG MAGAZINE, ZOUKAN ANGELA, DECEMBER 6, 2020",,,periodical,"Title 15, Section 3006(c)(17) – frontal nudity"
YOUR CHILD’S DEVELOPMENT FROM BIRTH TO ADOLESCENCE,Richard Lansdown,,,"Title 15, Section 3006(c)(17) – frontal nudity"
YOUR DAD WILL DO (2020),Katee Robert,,,"Title 15, Section 3006(c)(15)(A) – lacks serious literary, artistic, political or scientific value"
"YUMMY!, THE THE GOOD GIRL ART OF MATT DIXON",Matt Dixon,,,"Title 15, Section 3006(c)(17) – frontal nudity"
ZANE’S SEX CHRONICLES,Zanes Sex Chronicles,,,"Title 15, Section 3006(c)(15)(A) – lacks serious literary, artistic, political or scientific value"
ZANE’S SEX CHRONICLES,Zanes Sex Chronicles,,,"Title 15, Section 3006(c)(15)(A) – lacks serious literary, artistic, political or scientific value"
"ZEROZEROZERO, LOOK AT COCAINE AND ALL YOU SEE IN POWDER, LOOK THROUGH COCAINE AND YOU",Roberto Saviano,,,"Title 15, Section 3006(d) – presents a serious threat to facility security or the safety of incarcerated persons"
"ZODIAC ACADEMY 2, RUTHLESS FAE (2019)",Caroline Peckham,,,"Title 15, Section 3006(c)(15)(A) – lacks serious literary, artistic, political or scientific value"
"ZODIAC ACADEMY 3, THE RECKONING (2025)",Caroline Peckham and Susanne Valenti,,,"Title 15, Section 3006(c)(15)(A) – lacks serious literary, artistic, political or scientific value"
"ZOM 100, BUCKET OF THE DEAD, VOLUME 1 (2021)",Haro Aso,,periodical,"Title 15, Section 3006(c)(15)(B) – nature of dissemination, distribution or exhibition appeals to sexual groups"
"ZOM 100, BUCKET OF THE DEAD, VOLUME 2 (2021)",Haro Aso,,periodical,"Title 15, Section 3006(c)(15)(A) – lacks serious literary, artistic, political or scientific value"
ZOMBIE ROAD IV (2018),David A. Simpson,,,"Title 15, Section 3006(c)(1) – violence or physical harm"
ZOMBIE ROAD V (2019),David A. Simpson,,,"Title 15, Section 3006(c)(1) – violence or physical harm"
ZOMBIE ROAD VI (2019),David A. Simpson,,,"Title 15, Section 3006(c)(1) – violence or physical harm"
